compound_id,library,smiles,num_active_strains,percent_active,is_selective
SPE01501203,Spectrum,CC1=C(/C=C/C(C)=C/C=C/C(C)=C/CO)C(C)(C)CCC1,45,44.1,True
SPE01300043,Spectrum,OC[C@@H](O)[C@H](O)[C@@H](O)[C@H](O)CO,44,43.1,True
SPE01500839,Spectrum,C=C[C@H]1C[N@]2CC[C@H]1C[C@H]2[C@H](O)c1ccnc2ccccc12,44,43.1,True
SPE01501205,Spectrum,CC(=O)O[C@H]1C[C@H](O[C@H]2[C@@H](O)C[C@H](O[C@H]3[C@@H](O)C[C@H](O[C@H]4CC[C@@]5(C)C(CCC6C5C[C@@H](O)[C@]5(C)[C@@H](C7=CC(=O)OC7)CC[C@]65O)C4)O[C@@H]3C)O[C@@H]2C)O[C@H](C)[C@H]1O[C@@H]1O[C@H](CO)[C@@H](O)[C@H](O)[C@H]1O,45,44.1,True
SPE01502202,Spectrum,C/C=C/CC(C)C(O)C1C(=O)NC(CC)C(=O)N(C)CC(=O)N(C)C(CC(C)C)C(=O)NC(C(C)C)C(=O)N(C)C(CC(C)C)C(=O)NC(C)C(=O)NC(C)C(=O)N(C)C(CC(C)C)C(=O)N(C)C(CC(C)C)C(=O)N(C)C(C(C)C)C(=O)N1C,44,43.1,True
SPE01502230,Spectrum,O=C1O[C@H](C(O)CO)C(O)=C1O,45,44.1,True
SPE01502254,Spectrum,CC1=CC(=O)c2ccccc2C1=O,44,43.1,True
SPE01502255,Spectrum,OCc1ccccc1O[C@@H]1O[C@H](CO)[C@@H](O)[C@H](O)[C@H]1O,44,43.1,True
SPE01502258,Spectrum,CC[C@@]1(C2O[C@@H](C3O[C@@](O)(CC)[C@H](C)C[C@@H]3C)C[C@@H]2C)CC[C@H]([C@]2(C)CCC3(C[C@H](O)[C@@H](C)[C@@H]([C@H](C)[C@@H](OC)[C@H](C)C(=O)[O-])O3)O2)O1.[Na+],45,44.1,True
SPE01503007,Spectrum,C[N+](C)(C)CC(=O)[O-].Cl,44,43.1,True
SPE01503009,Spectrum,O=C(O)CCCCC1SCC2NC(=O)NC21,45,44.1,True
SPE01503134,Spectrum,CC(C)[C@@H]1CC[C@@H](C)C[C@H]1O,45,44.1,True
SPE01503216,Spectrum,CCCCCC(O)C1C(=O)OC(C)C(O)/C=C/C=C/C=C/C=C/C=C(\C)C(O)CC(O)CC(O)CC(O)CC(O)CC(O)CC1O,45,44.1,True
SPE01503228,Spectrum,NC[C@@H]1O[C@H](O[C@@H]2[C@@H](CO)OC(O[C@@H]3[C@@H](O)[C@H](N)C[C@H](N)[C@H]3O[C@H]3O[C@H](CO)[C@@H](O)[C@H](O)[C@H]3N)[C@@H]2O)[C@H](N)[C@@H](O)[C@@H]1O.O=S(=O)(O)O,45,44.1,True
SPE01503244,Spectrum,CC[C@@H](C(=O)C(C)[C@@H](O)[C@H](C)CCc1ccc(C)c(O)c1C(=O)[O-])C1OC(CC)(C2CC[C@](O)(CC)[C@H](C)O2)C[C@@H]1C.[Na+],45,44.1,True
SPE01503423,Spectrum,CO[C@@H]1[C@@H](O[C@@H]2O[C@H](C)[C@@H](O[C@H]3C[C@@](C)(O)[C@H](O)[C@H](C)O3)[C@H](N(C)C)[C@H]2O)[C@@H](CC=O)C[C@@H](C)[C@@H](O[C@H]2CC[C@H](N(C)C)[C@@H](C)O2)/C=C/C=C/C[C@H](C)OC(=O)C[C@H]1O,45,44.1,True
SPE01503428,Spectrum,C[N+](C)(C)CCO.[Cl-],44,43.1,True
SPE01503705,Spectrum,C/C=C/c1ccc(OC)cc1,44,43.1,True
SPE01503804,Spectrum,C=C[C@@]1(C)CC(=O)[C@@]2(O)[C@](C)(O1)[C@@H](OC(C)=O)[C@@H](O)C1C(C)(C)CC[C@H](O)[C@@]12C,44,43.1,True
SPE01503908,Spectrum,CC(=O)O[C@H]1C(=O)[C@@]2(C)C([C@H](OC(=O)c3ccccc3)[C@]3(O)C[C@H](OC(=O)[C@H](O)[C@@H](NC(=O)c4ccccc4)c4ccccc4)C(C)=C1C3(C)C)[C@]1(OC(C)=O)CO[C@@H]1C[C@@H]2O,44,43.1,True
SPE01503968,Spectrum,C=CC[C@@H]1/C=C(\C)C[C@H](C)C[C@H](OC)[C@H]2O[C@@](O)(C(=O)C(=O)N3CCCC[C@H]3C(=O)O[C@H](/C(C)=C/[C@@H]3CC[C@@H](O)[C@H](OC)C3)[C@H](C)[C@@H](O)CC1=O)[C@H](C)C[C@@H]2OC,45,44.1,True
SPE01503977,Spectrum,CC[C@H](C)C(=O)O[C@H]1C[C@@H](C)C=C2C=C[C@H](C)[C@H](CC[C@@H]3C[C@@H](O)CC(=O)O3)[C@H]21,44,43.1,True
SPE01504008,Spectrum,COC1CC2CCC(C)C(O)(O2)C(=O)C(=O)N2CCCCC2C(=O)OC(C(C)CC2CCC(O)C(OC)C2)CC(=O)C(C)/C=C(\C)C(O)C(OC)C(=O)C(C)CC(C)/C=C/C=C/C=C/1C,44,43.1,True
SPE01504078,Spectrum,O=C(O)c1cc(O)c2c(c1)[C@@H]([C@H]1c3cc(C(=O)O)cc(O)c3C(=O)c3c(O[C@H]4O[C@H](CO)[C@@H](O)[C@H](O)[C@H]4O)cccc31)c1cccc(O[C@H]3O[C@H](CO)[C@@H](O)[C@H](O)[C@H]3O)c1C2=O,45,44.1,True
SPE01505249,Spectrum,CN[C@@H]1[C@@H](O[C@H]2O[C@H](CO)[C@@H](N)[C@H](O)[C@H]2O)O[C@H]2C[C@@H](N)[C@H](O[C@H]3[C@H](O)[C@@H](O)[C@H](N)C[C@@H]3N)O[C@@H]2[C@@H]1O,45,44.1,True
SPE01505172,Spectrum,C[C@H]1O[C@H](O[C@H]2[C@H](O)[C@@H](O)[C@@H](O[C@H]3[C@H](O)[C@@H](O)C(O)O[C@@H]3CO)O[C@@H]2CO)[C@H](O)[C@@H](O)[C@@H]1N[C@H]1C=C(CO)[C@@H](O)[C@H](O)[C@H]1O,45,44.1,True
SPE01505312,Spectrum,CC[C@H]1OC(=O)C[C@@H](O)[C@H](C)[C@@H](O[C@@H]2O[C@H](C)[C@@H](O[C@H]3C[C@@](C)(O)[C@@H](O)[C@H](C)O3)[C@H](N(C)C)[C@H]2O)[C@@H](CC=O)C[C@@H](C)C(=O)/C=C/C(C)=C/[C@@H]1CO[C@@H]1O[C@H](C)[C@@H](O)[C@@H](OC)[C@H]1OC,44,43.1,True
SPE01505453,Spectrum,Cc1ncc(CO)c(CO)c1O,44,43.1,True
SPE01505397,Spectrum,NC(=O)c1cccnc1,44,43.1,True
SPE01505464,Spectrum,Cc1nc(N)cc(C[n+]2csc(CCO)c2C)n1.Cl.[Cl-],44,43.1,True
SPE01505706,Spectrum,C/C(=C\C(=O)OCCCCCCCCC(=O)O)C[C@@H]1OC[C@H](C[C@@H]2O[C@H]2[C@@H](C)[C@H](C)O)[C@@H](O)[C@H]1O,44,43.1,True
SPE01505482,Spectrum,CCN[C@@H]1C[C@H](N)[C@@H](O[C@H]2OC(CN)=CC[C@H]2N)[C@H](O)[C@H]1OC1OC[C@](C)(O)[C@H](NC)[C@H]1O.O=S(=O)(O)O.O=S(=O)(O)O,45,44.1,True
SPE01505672,Spectrum,CC[C@]1(O)CC2CN(CCc3c([nH]c4ccccc34)[C@@](C(=O)OC)(c3cc4c(cc3OC)N(C=O)[C@H]3[C@@](O)(C(=O)OC)[C@H](OC(C)=O)[C@]5(CC)C=CCN6CC[C@]43[C@@H]65)C2)C1.O=S(=O)(O)O,44,43.1,True
SPE01505707,Spectrum,CCCCC/C=C/CCC(=O)N[C@H]1[C@H](Oc2c3cc4cc2Oc2ccc(cc2Cl)[C@@H](O[C@@H]2O[C@H](CO)[C@@H](O)[C@H](O)[C@H]2NC(C)=O)[C@@H]2NC(=O)[C@H](NC(=O)[C@@H]4NC(=O)[C@H]4NC(=O)C(Cc5ccc(c(Cl)c5)O3)NC(=O)[C@H](N)c3ccc(O)c(c3)Oc3cc(O)cc4c3)c3ccc(O)c(c3)-c3c(OC4O[C@H](CO)[C@@H](O)[C@H](O)[C@@H]4O)cc(O)cc3[C@@H](C(=O)O)NC2=O)O[C@H](CO)[C@@H](O)[C@@H]1O,45,44.1,True
SPE01505955,Spectrum,CCC(C)C1NC(=O)C(CCN)NC(=O)C(NC(=O)C(CCN)NC(=O)C(NC(=O)C(CCN)NC(=O)CCCCC(C)C)C(C)O)CCNC(=O)C(C(C)O)NC(=O)C(CCN)NC(=O)C(CCN)NC(=O)C(C(C)CC)NC1=O.O=S(=O)(O)O.O=S(=O)(O)O,45,44.1,True
SPE02300259,Spectrum,CN1CCC[C@H]1c1cccnc1.O=C(O)C(O)C(O)C(=O)O.O=C(O)C(O)C(O)C(=O)O,44,43.1,True
SPE02300332,Spectrum,COc1cc([C@@H]2c3cc4c(cc3[C@H](O)[C@H]3COC(=O)[C@H]23)OCO4)cc(OC)c1OC,44,43.1,True
SPE02300205,Spectrum,N[C@@H](Cc1ccc(O)c(O)c1)C(=O)O,44,43.1,True
SPE00210369,Spectrum,O=C(O)c1cc(O)c(O)c(O)c1,44,43.1,True
SPE01505347,Spectrum,Cc1cc2nc3c(=O)[nH]c(=O)nc-3n(C[C@@H](O)[C@@H](O)[C@@H](O)CO)c2cc1C,44,43.1,True
SPE00330001,Spectrum,Cc1c2oc3c(C)ccc(C(=O)OC(C)C4NC(=O)C(C(C)C)N(C)C(=O)CN(C)C(=O)C5CCCN5C(=O)C(C(C)C)NC4=O)c3nc-2c(C(=O)OC(C)C2NC(=O)C(C(C)C)N(C)C(=O)CN(C)C(=O)C3CCCN3C(=O)C(C(C)C)NC2=O)c(N)c1=O,44,43.1,True
SPE01505430,Spectrum,FC(F)(F)COCC(F)(F)F,45,44.1,True
SPE00330002,Spectrum,CO[C@@]12[C@@H]3NC3CN1C1=C(C(=O)C(N)=C(C)C1=O)[C@@H]2COC(N)=O,45,44.1,True
SPE01503692,Spectrum,CC[C@@H]1OC(OC(c2c[nH]cn2)C(NC(=O)c2nc(C(CC(N)=O)NCC(N)C(N)=O)nc(N)c2C)C(=O)NC(C)C(O)C(C)C(=O)NC(C(=O)NCCc2nc(-c3nc(C(=O)NCCCCNC(=N)N)cs3)cs2)C(C)O)[C@@H](O[C@H]2O[C@H](CO)[C@@H](O)[C@H](OC(N)=O)[C@@H]2O)[C@@H](C)[C@@H]1C.O=S(=O)(O)O.O=S(=O)(O)O,45,44.1,True
SPE00300024,Spectrum,C[C@]12CCC(=O)C=C1CCC1C2[C@@H](O)C[C@@]2(C)C1CC[C@]2(O)C(=O)CO,44,43.1,True
SPE01300030,Spectrum,CC/C=C\C/C=C\C/C=C\C/C=C\C/C=C\CCCC(=O)OCC,44,43.1,True
SPE01300018,Spectrum,NC(=O)CC[C@H](N)C(=O)O,44,43.1,True
SPE01300028,Spectrum,OC[C@@H](O)[C@@H](O)[C@H](O)[C@@H](O)CO,44,43.1,True
SPE01300027,Spectrum,CCC(C)[C@H]1O[C@]2(CC[C@@H]1C)C[C@@H]1C[C@@H](C/C=C(\C)[C@@H](OC3C[C@H](OC)C(O[C@H]4C[C@H](OC)[C@@H](O)[C@H](C)O4)[C@H](C)O3)[C@@H](C)/C=C/C=C3\CO[C@@H]4[C@H](O)C(C)=C[C@@H](C(=O)O1)[C@]34O)O2,45,44.1,True
SPE01400208,Spectrum,O=c1ccc2ccccc2o1,44,43.1,True
SPE01500801,Spectrum,NC(=O)NC1NC(=O)NC1=O,44,43.1,True
SPE01500807,Spectrum,Nc1ncnc2[nH]cnc12,44,43.1,True
SPE01504105,Spectrum,O=C(OC[C@H]1O[C@H](OC(=O)c2cc(O)c(O)c(OC(=O)c3cc(O)c(O)c(O)c3)c2)[C@H](OC(=O)c2cc(O)c(O)c(OC(=O)c3cc(O)c(O)c(O)c3)c2)[C@@H](OC(=O)c2cc(O)c(O)c(OC(=O)c3cc(O)c(O)c(O)c3)c2)[C@@H]1OC(=O)c1cc(O)c(O)c(OC(=O)c2cc(O)c(O)c(O)c2)c1)c1cc(O)c(O)c(OC(=O)c2cc(O)c(O)c(O)c2)c1,44,43.1,True
SPE01500667,Spectrum,Nc1ncnc2c1ncn2C1O[C@H](COP(=O)(O)O)[C@@H](O)[C@H]1O,44,43.1,True
SPE01500107,Spectrum,Nc1ncnc2c1ncn2[C@@H]1O[C@H](CO)[C@@H](O)[C@H]1O,44,43.1,True
SPE01500104,Spectrum,CC(=O)OCC[N+](C)(C)C.[Cl-],44,43.1,True
SPE00200046,Spectrum,COC1=CC(=O)C[C@@H](C)[C@]12Oc1c(Cl)c(OC)cc(OC)c1C2=O,45,44.1,True
SPE00310039,Spectrum,Cc1c(C)c2c(c(C)c1O)CCC(C)(CCCC(C)CCCC(C)CCCC(C)C)O2,46,45.1,True
SPE00310040,Spectrum,CC(=O)Oc1c(C)c(C)c2c(c1C)CCC(C)(CCCC(C)CCCC(C)CCCC(C)C)O2,44,43.1,True
SPE00310035,Spectrum,C[n+]1cc2c3c(ccc2c2ccc4cc5c(cc4c21)OCO5)OCO3.O=S(=O)([O-])O,44,43.1,True
SPE01500131,Spectrum,CN1C2CCC1CC(OC(=O)C(CO)c1ccccc1)C2.O=S(=O)(O)O,44,43.1,True
SPE01500134,Spectrum,CCC(C)C(N)C1=NC(C(=O)NC(CC(C)C)C(=O)NC(CCC(=O)O)C(=O)NC(C(=O)NCCCCC2NC(=O)C(CC(N)=O)NC(=O)C(CC(=O)O)NC(=O)C(Cc3c[nH]cn3)NC(=O)C(Cc3ccccc3)NC(=O)C(C(C)CC)NC(=O)C(CCCN)NC2=O)C(C)CC)CS1,46,45.1,True
SPE01500143,Spectrum,CC1=C(/C=C/C(C)=C/C=C/C(C)=C/C=C/C=C(C)/C=C/C=C(C)/C=C/C2=C(C)CCCC2(C)C)C(C)(C)CCC1,45,44.1,True
SPE01500155,Spectrum,Cn1c(=O)c2c(ncn2C)n(C)c1=O,44,43.1,True
SPE01500156,Spectrum,CC12CC[C@H](CC1=O)C2(C)C,45,44.1,True
SPE01500157,Spectrum,N=C1NCCC(C2NC(=O)/C(=C\NC(N)=O)NC(=O)C(CNC(=O)CC(N)CCCN)NC(=O)C(CO)NC(=O)C(N)CNC2=O)N1.O=S(=O)(O)O,44,43.1,True
SPE01500186,Spectrum,CN(C)[C@@H]1C(O)=C(C(N)=O)C(=O)[C@@]2(O)C(O)=C3C(=O)c4c(O)ccc(Cl)c4[C@@](C)(O)[C@H]3C[C@@H]12.Cl,45,44.1,True
SPE01500205,Spectrum,COc1cc2c(c(OC)c1OC)-c1ccc(OC)c(=O)cc1[C@@H](NC(C)=O)CC2,44,43.1,True
SPE01500208,Spectrum,CN1C(=O)CC[C@H]1c1cccnc1,45,44.1,True
SPE01500215,Spectrum,N[C@@H]1CONC1=O,44,43.1,True
SPE01500223,Spectrum,COc1cccc2c1C(=O)c1c(O)c3c(c(O)c1C2=O)C[C@@](O)(C(C)=O)C[C@@H]3O[C@H]1C[C@H](N)[C@H](O)[C@H](C)O1,45,44.1,True
SPE01500224,Spectrum,CC(=O)N(O)CCCCCNC(=O)CCC(=O)N(O)CCCCCNC(=O)CCC(=O)N(O)CCCCCN.CS(=O)(=O)O,45,44.1,True
SPE01500246,Spectrum,C[C@H]1O[C@@H](O[C@H]2[C@@H](O)C[C@H](O[C@H]3[C@@H](O)C[C@H](O[C@H]4CC[C@]5(C)C6CC[C@]7(C)[C@@H](C8=CC(=O)OC8)CC[C@]7(O)C6CC[C@@H]5C4)O[C@@H]3C)O[C@@H]2C)C[C@H](O)[C@@H]1O,44,43.1,True
SPE01500247,Spectrum,C[C@H]1O[C@@H](O[C@H]2[C@@H](O)C[C@H](O[C@H]3[C@@H](O)C[C@H](O[C@H]4CC[C@]5(C)C6C[C@@H](O)[C@]7(C)[C@@H](C8=CC(=O)OC8)CC[C@]7(O)C6CC[C@@H]5C4)O[C@@H]3C)O[C@@H]2C)C[C@H](O)[C@@H]1O,45,44.1,True
SPE01500249,Spectrum,CN[C@@H]1C(OC2[C@H](O[C@H]3[C@H](O)[C@@H](O)[C@H](NC(=N)N)[C@@H](O)[C@@H]3NC(=N)N)OC(C)[C@]2(O)CO)OC(CO)C(O)C1O.O=S(=O)(O)O,45,44.1,True
SPE01500272,Spectrum,CC[C@H]1CN2CCc3cc(OC)c(OC)cc3C2C[C@@H]1CC1NCCc2cc(OC)c(OC)cc21.Cl.Cl,44,43.1,True
SPE01500273,Spectrum,CNC(C)[C@H](O)c1ccccc1.Cl,44,43.1,True
SPE01500274,Spectrum,CNC[C@@H](O)c1ccc(O)c(O)c1.O=C(O)C(O)C(O)C(=O)O,44,43.1,True
SPE01500275,Spectrum,CC12CCC3C(=CCc4cc(O)ccc43)C1CCC2=O,45,44.1,True
SPE01500277,Spectrum,CC(CO)NC(=O)C1C=C2c3cccc4[nH]cc(c34)C[C@H]2N(C)C1.O=C(O)/C=C\C(=O)O,45,44.1,True
SPE01500280,Spectrum,CC[C@H]1OC(=O)[C@H](C)[C@@H](O[C@H]2C[C@@](C)(OC)[C@@H](O)[C@H](C)O2)[C@H](C)[C@@H](O[C@@H]2O[C@H](C)C[C@H](N(C)C)[C@H]2O)[C@](C)(O)C[C@@H](C)C(=O)[C@H](C)[C@@H](O)[C@]1(C)O,45,44.1,True
SPE01500282,Spectrum,C[C@]12CCC3c4ccc(O)cc4CCC3C1CC[C@@H]2O,45,44.1,True
SPE01500285,Spectrum,C[C@]12CCC3c4ccc(O)cc4CCC3C1C[C@@H](O)[C@@H]2O,44,43.1,True
SPE01500286,Spectrum,C[C@]12CCC3c4ccc(O)cc4CCC3C1CCC2=O,44,43.1,True
SPE01500296,Spectrum,C=CCc1ccc(O)c(OC)c1,44,43.1,True
SPE01500311,Spectrum,CC(=O)O[C@H]1C[C@@]2(C)[C@@H](C[C@@H](O)C3[C@]2(C)CC[C@H]2[C@H](C)[C@H](O)CC[C@]32C)/C1=C(/CCC=C(C)C)C(=O)O,44,43.1,True
SPE01500314,Spectrum,CNC(C)[C@@H]1CC[C@@H](N)[C@@H](OC2[C@@H](N)C[C@@H](N)[C@H](OC3OC[C@](C)(O)[C@H](NC)[C@H]3O)[C@H]2O)O1.O=S(=O)(O)O,45,44.1,True
SPE01500331,Spectrum,Cl.Cl.NCCc1c[nH]cn1,44,43.1,True
SPE01500346,Spectrum,CN1C2CC[C@@H]1C[C@@H](OC(=O)[C@H](CO)c1ccccc1)C2,44,43.1,True
SPE01500103,Spectrum,CC(=O)NO,44,43.1,True
SPE01500102,Spectrum,CC(=O)Nc1nnc(S(N)(=O)=O)s1,45,44.1,True
SPE01500422,Spectrum,C=CCN1CC[C@]23c4c5ccc(O)c4OC2C(=O)CC[C@@]3(O)[C@H]1C5.Cl,45,44.1,True
SPE01500430,Spectrum,O=C(O)c1cccnc1,44,43.1,True
SPE01500443,Spectrum,COc1ccc2c(c1OC)C(=O)O[C@H]2[C@H]1c2c(cc3c(c2OC)OCO3)CCN1C.Cl,44,43.1,True
SPE01500444,Spectrum,CO[C@@H]1[C@@H](OC(N)=O)[C@@H](O)[C@H](Oc2ccc3c([O-])c(NC(=O)c4ccc(O)c(CC=C(C)C)c4)c(=O)oc3c2C)OC1(C)C.[Na+],45,44.1,True
SPE01500446,Spectrum,CC1[C@H](C)OC(=O)CC(O)CC(O)CC(O)CCC(O)C(O)C[C@]2(O)CC(O)C(C(=O)O)C(CC(OC3O[C@H](C)[C@@H](O)[C@H](N)[C@@H]3O)/C=C/C=C/C=C/C=C/CC/C=C/C=C/[C@H](C)[C@H]1O)O2,45,44.1,True
SPE01500459,Spectrum,COc1ccc(Cc2nccc3cc(OC)c(OC)cc23)cc1OC.Cl,44,43.1,True
SPE01500486,Spectrum,CNC(=O)Oc1ccc2c(c1)[C@]1(C)CCN(C)[C@@H]1N2C.O=C(O)c1ccccc1O,44,43.1,True
SPE01500487,Spectrum,CC[C@@H]1C(=O)OC[C@@H]1Cc1cncn1C.O=[N+]([O-])O,44,43.1,True
SPE01500492,Spectrum,CCC(C)CCCCC(=O)NC(CCN)C(=O)NC(C(=O)NC(CCN)C(=O)NC1CCNC(=O)C(C(C)O)NC(=O)C(CCN)NC(=O)C(CCN)NC(=O)C(CC(C)C)NC(=O)C(Cc2ccccc2)NC(=O)C(CCN)NC1=O)C(C)O.O=S(=O)(O)O,45,44.1,True
SPE01500523,Spectrum,C=C[C@H]1C[N@]2CC[C@H]1C[C@@H]2[C@@H](O)c1ccnc2ccc(OC)cc12.O=C(O)[C@H](O)[C@@H](O)[C@H](O)[C@H](O)CO,43,42.2,True
SPE01500524,Spectrum,C=C[C@H]1C[N@]2CC[C@H]1C[C@@H]2[C@H](O)c1ccnc2ccc(OC)cc12.O=S(=O)(O)O,44,43.1,True
SPE01500526,Spectrum,COC(=O)[C@H]1[C@H]2C[C@@H]3c4[nH]c5cc(OC)ccc5c4CCN3C[C@H]2C[C@@H](OC(=O)c2cc(OC)c(OC)c(OC)c2)[C@@H]1OC,44,43.1,True
SPE01500534,Spectrum,Br.CN1C2C[C@H](OC(=O)[C@H](CO)c3ccccc3)C[C@H]1[C@H]1OC21,44,43.1,True
SPE01500536,Spectrum,CN[C@@H]1C(O)[C@@H](O[C@@H]2[C@@H](O)[C@H](O[C@H]3OC(CN)=CC[C@H]3N)[C@@H](N)C[C@H]2N)OC[C@]1(C)O.O=S(=O)(O)O,45,44.1,True
SPE01500538,Spectrum,CN[C@@H]1[C@H](O)[C@H](NC)[C@H]2O[C@@]3(O)C(=O)C[C@@H](C)O[C@H]3O[C@@H]2[C@H]1O.Cl.Cl,44,43.1,True
SPE01500541,Spectrum,CN[C@@H]1[C@H](OC2[C@H](O[C@H]3[C@H](O)[C@@H](O)[C@H](NC(=N)N)[C@@H](O)[C@@H]3NC(=N)N)O[C@@H](C)[C@]2(O)C=O)O[C@@H](CO)[C@H](O)[C@H]1O.O=S(=O)(O)O,45,44.1,True
SPE01500566,Spectrum,CN(C)[C@@H]1C(O)=C(C(N)=O)C(=O)[C@@]2(O)C(O)=C3C(=O)c4c(O)cccc4[C@@](C)(O)[C@H]3C[C@@H]12.Cl,45,44.1,True
SPE01500568,Spectrum,Cn1c(=O)c2[nH]cnc2n(C)c1=O,44,43.1,True
SPE01500579,Spectrum,NC[C@H]1O[C@H](O[C@H]2[C@H](O)[C@@H](O[C@H]3O[C@H](CO)[C@@H](O)[C@H](N)[C@H]3O)[C@H](N)C[C@@H]2N)[C@H](N)C[C@@H]1O,45,44.1,True
SPE01500101,Spectrum,CC(=O)Nc1ccc(O)cc1,45,44.1,True
SPE01500600,Spectrum,NC(Cc1c[nH]c2ccccc12)C(=O)O,44,43.1,True
SPE01500602,Spectrum,COc1cc2c3cc1Oc1cc(ccc1O)C[C@@H]1c4c(cc(OC)c(O)c4Oc4ccc(cc4)C[C@@H]3N(C)CC2)CC[N+]1(C)C.[Cl-],44,43.1,True
SPE01500605,Spectrum,C[C@H](CCC(=O)O)[C@H]1CCC2C3C(CC[C@@]21C)[C@@]1(C)CC[C@@H](O)C[C@H]1C[C@@H]3O,44,43.1,True
SPE01500607,Spectrum,CN[C@H](CC(C)C)C(=O)NC1C(=O)N[C@@H](CC(N)=O)C(=O)N[C@H]2C(=O)NC3C(=O)C[C@H](C(=O)N[C@@H](C(=O)O)c4cc(O)cc(O)c4-c4cc3ccc4O)[C@H](O)c3ccc(c(Cl)c3)Oc3cc2cc(c3O[C@@H]2OC(CO)[C@@H](O)[C@H](O)[C@H]2O[C@H]2C[C@](C)(N)[C@H](O)[C@H](C)O2)Oc2ccc(cc2Cl)[C@H]1O.Cl,45,44.1,True
SPE01500611,Spectrum,CC[C@]1(O)CC2CN(CCc3c([nH]c4ccccc34)[C@@](C(=O)OC)(c3cc4c(cc3OC)N(C)[C@H]3[C@@](O)(C(=O)OC)[C@H](OC(C)=O)[C@]5(CC)C=CCN6CC[C@]43[C@@H]65)C2)C1.O=S(=O)(O)O,44,43.1,True
SPE01500648,Spectrum,O=C(O)CCCCCCCC(=O)O,44,43.1,True
SPE01500649,Spectrum,Cn1cnc2c1c(=O)[nH]c(=O)n2C,44,43.1,True
SPE01500651,Spectrum,O=C1CC2OCC=C3CN4CC[C@]56c7ccccc7N1C5[C@H]2[C@H]3CC46,44,43.1,True
SPE01500655,Spectrum,CCN1C[C@@]2(COC)C3[C@@H](OC)[C@H]4[C@@H]1[C@]3(C(OC)C[C@H]2O)C1C[C@@]2(O)[C@H](OC(=O)c3ccccc3)C1[C@]4(OC(C)=O)[C@@H](O)[C@@H]2OC,44,43.1,True
SPE01500663,Spectrum,COC(=O)C1[C@H]2C[C@H]3c4[nH]c5ccccc5c4CCN3C[C@@H]2CC[C@@H]1O.Cl,44,43.1,True
SPE01500674,Spectrum,COc1c(C)c2c(c(O)c1C/C=C(\C)CCC(=O)O)C(=O)OC2,44,43.1,True
SPE01500675,Spectrum,CO[C@H]1C[C@H](O[C@H]2[C@H](C)[C@@H](OC3O[C@H](C)C[C@H](N(C)C)[C@H]3O)[C@@H](C)C[C@]3(CO3)C(=O)[C@H](C)[C@@H](O)[C@@H](C)[C@@H](C)OC(=O)[C@@H]2C)O[C@@H](C)[C@@H]1O.O=P(O)(O)O,45,44.1,True
SPE01500676,Spectrum,C[C@@H]1O[C@@H](O[C@H]2C[C@@H](O)[C@]3(CO)C4C(CC[C@]3(O)C2)[C@@]2(O)CC[C@H](C3=CC(=O)OC3)[C@@]2(C)C[C@H]4O)[C@H](O)[C@H](O)[C@H]1O,45,44.1,True
SPE01500680,Spectrum,Br.COC(=O)C1=CCCN(C)C1,44,43.1,True
SPE01500687,Spectrum,COc1ccc2c(c1OC)C(=O)O[C@@H]2[C@H]1c2cc3c(cc2CCN1C)OCO3,44,43.1,True
SPE01500822,Spectrum,COc1cc2c(cc1OC)[C@@]13CCN4CC5=CCOC6CC(=O)N2C1[C@H]6[C@H]5C[C@H]43,44,43.1,True
SPE01500837,Spectrum,C[C@H](CCC(=O)O)[C@H]1CCC2C3C(CC[C@@]21C)[C@@]1(C)CC[C@@H](O)C[C@H]1C[C@H]3O,44,43.1,True
SPE01500838,Spectrum,C=C1CC[C@H](O)C/C1=C/C=C1\CCCC2(C)C1CCC2C(C)CCCC(C)C,45,44.1,True
SPE01500841,Spectrum,C=C[C@H]1C[N@]2CC[C@H]1C[C@@H]2[C@H](O)c1ccnc2ccccc12,44,43.1,True
SPE01500844,Spectrum,CC1=C2C(CCC(N)=O)C(C)(CC(N)=O)C3(C)C4C(CC(N)=O)C5(C)CCC(=O)NCC(C)OP(=O)([O-])O[C@@H]6[C@@H](CO)OC(n7c[n](->[Co+]89([CH2][C@H]%10OC(n%11cnc%12c(N)ncnc%12%11)[C@H](O)[C@@H]%10O)([N]23)<-[N]2=C(C=C3C(CCC(N)=O)C(C)(CC(N)=O)C1=[N]->83)C(C)(C)C(CCC(N)=O)C2=C(C)C5=[N]->94)c1cc(C)c(C)cc17)[C@@H]6O,45,44.1,True
SPE01500847,Spectrum,CC(C)CCCC(C)[C@H]1CCC2C3CC=C4C[C@@H](O)CC[C@]4(C)C3CC[C@@]21C,44,43.1,True
SPE01500873,Spectrum,O=C(/C=C/C=C/c1ccc2c(c1)OCO2)N1CCCCC1,44,43.1,True
SPE01500907,Spectrum,CC(CCC(=O)O)[C@H]1CCC2C3C(=O)C[C@@H]4CC(=O)CC[C@]4(C)C3CC(=O)[C@@]21C,45,44.1,True
SPE01501128,Spectrum,COc1cc(CNC(=O)CCCC/C=C/C(C)C)ccc1O,44,43.1,True
SPE01500253,Spectrum,CC1(C)OC(=O)NC1=O,45,44.1,True
SPE01500255,Spectrum,COc1ccc(C(=O)c2ccccc2O)c(O)c1,44,43.1,True
SPE01500256,Spectrum,CN(C)CCOC(c1ccccc1)c1ccccc1.Cl,44,43.1,True
SPE01500258,Spectrum,CN1CCC(OC(c2ccccc2)c2ccccc2)CC1.Cl,44,43.1,True
SPE01500259,Spectrum,OCCN(CCO)c1nc(N2CCCCC2)c2nc(N(CCO)CCO)nc(N3CCCCC3)c2n1,45,44.1,True
SPE01500261,Spectrum,CC(C)N(CCC(C(N)=O)(c1ccccc1)c1ccccn1)C(C)C.O=P(O)(O)O,44,43.1,True
SPE01500262,Spectrum,CCN(CC)C(=S)SSC(=S)N(CC)CC,44,43.1,True
SPE01500263,Spectrum,Cl.NCCc1ccc(O)c(O)c1,44,43.1,True
SPE01500264,Spectrum,CN(C)CC/C=C1/c2ccccc2COc2ccccc21.Cl,44,43.1,True
SPE01500266,Spectrum,C[C@H]1c2cccc(O)c2C(=O)C2=C(O)[C@]3(O)C(=O)C(C(N)=O)=C(O)[C@@H](N(C)C)[C@@H]3[C@@H](O)[C@@H]21.Cl,45,44.1,True
SPE01500267,Spectrum,CN(C)CCOC(C)(c1ccccc1)c1ccccn1.O=C(O)CCC(=O)O,44,43.1,True
SPE01500268,Spectrum,CCCCOc1ccc(C(=O)CCN2CCCCC2)cc1.Cl,44,43.1,True
SPE01500269,Spectrum,Cn1c(=O)c2c(ncn2CC(O)CO)n(C)c1=O,44,43.1,True
SPE01500270,Spectrum,O=C(O)CN(CCN(CC(=O)O)CC(=O)O)CC(=O)O.[Na+].[Na+].[Na+],44,43.1,True
SPE01500283,Spectrum,C[C@]12CCC3c4ccc(O)cc4CCC3C1CC[C@@H]2OC(=O)CCC1CCCC1,44,43.1,True
SPE01500284,Spectrum,CCCCC(=O)O[C@H]1CCC2C3CCc4cc(O)ccc4C3CC[C@@]21C,44,43.1,True
SPE01500276,Spectrum,C=C1CC[C@H](O)C/C1=C/C=C1\CCC[C@]2(C)C([C@H](C)/C=C/[C@H](C)C(C)C)CC[C@@H]12,45,44.1,True
SPE01500287,Spectrum,C=C(CC)C(=O)c1ccc(OCC(=O)O)c(Cl)c1Cl,44,43.1,True
SPE01500279,Spectrum,CCOC(=O)CCC(=O)O[C@H]1[C@H](O[C@@H]2[C@@H](C)[C@H](O[C@H]3C[C@@](C)(OC)[C@@H](O)[C@H](C)O3)[C@@H](C)C(=O)O[C@H](CC)[C@@](C)(O)[C@H](O)[C@@H](C)C(=O)[C@H](C)C[C@@]2(C)O)O[C@H](C)C[C@@H]1N(C)C,44,43.1,True
SPE01500288,Spectrum,CC[C@@H](CO)NCCN[C@@H](CC)CO.Cl.Cl,45,44.1,True
SPE01500291,Spectrum,C#C[C@]1(O)CCC2C3CCc4cc(O)ccc4C3CC[C@@]21C,44,43.1,True
SPE01505756,Spectrum,CCC(C)n1ncn(-c2ccc(N3CCN(c4ccc(OC[C@H]5CO[C@](Cn6cncn6)(c6ccc(Cl)cc6Cl)O5)cc4)CC3)cc2)c1=O,44,43.1,True
SPE01500293,Spectrum,CCN(CC)C(C)CN1c2ccccc2Sc2ccccc21.Cl,44,43.1,True
SPE01500295,Spectrum,CC1C(OC(=O)C(O)c2ccccc2)CCC(C)(C)N1C.Cl,45,44.1,True
SPE01500299,Spectrum,CC(=O)OCC(=O)[C@@]1(O)CCC2C3CCC4=CC(=O)CC[C@]4(C)[C@@]3(F)[C@@H](O)C[C@@]21C,44,43.1,True
SPE01500300,Spectrum,C[C@@H]1CC2C3C[C@H](F)C4=CC(=O)C=C[C@]4(C)[C@@]3(F)[C@@H](O)C[C@]2(C)[C@@]1(O)C(=O)COC(=O)C(C)(C)C,44,43.1,True
SPE01500302,Spectrum,CC1(C)O[C@@H]2CC3C4C[C@H](F)C5=CC(=O)C=C[C@]5(C)[C@@]4(F)[C@@H](O)C[C@]3(C)[C@]2(C(=O)CO)O1,44,43.1,True
SPE01500303,Spectrum,CC(=O)OCC(=O)[C@@]12OC(C)(C)O[C@@H]1CC1C3C[C@H](F)C4=CC(=O)C=C[C@]4(C)[C@@]3(F)[C@@H](O)C[C@@]12C,44,43.1,True
SPE01500304,Spectrum,CC(=O)[C@@]1(O)CCC2C3C[C@H](C)C4=CC(=O)C=CC4(C)[C@@]3(F)[C@@H](O)C[C@@]21C,45,44.1,True
SPE01500305,Spectrum,O=c1[nH]cc(F)c(=O)[nH]1,44,43.1,True
SPE01500308,Spectrum,CC(C(=O)O)c1ccc(-c2ccccc2)c(F)c1,44,43.1,True
SPE01500309,Spectrum,O=C1OCCN1/N=C/c1ccc([N+](=O)[O-])o1,44,43.1,True
SPE01500310,Spectrum,NS(=O)(=O)c1cc(C(=O)O)c(NCc2ccco2)cc1Cl,45,44.1,True
SPE01500312,Spectrum,CC[N+](CC)(CC)CCOc1cccc(OCC[N+](CC)(CC)CC)c1OCC[N+](CC)(CC)CC.[I-].[I-].[I-],44,43.1,True
SPE01500313,Spectrum,Cc1ccc(C)c(OCCCC(C)(C)C(=O)O)c1,44,43.1,True
SPE01500315,Spectrum,CN(C)c1ccc(C(=C2C=CC(=[N+](C)C)C=C2)c2ccc(N(C)C)cc2)cc1.[Cl-],44,43.1,True
SPE01500316,Spectrum,Cl.N[C@@H]1[C@@H](O)[C@H](O)[C@@H](CO)O[C@H]1O,45,44.1,True
SPE01500319,Spectrum,CC(C)CC1NC(=O)C(CCCN)NC(=O)C(C(C)C)NC(=O)C2CCCN2C(=O)C(Cc2ccccc2)NC(=O)C(CC(C)C)NC(=O)C(CCCN)NC(=O)C(C(C)C)NC(=O)C2CCCN2C(=O)C(Cc2ccccc2)NC1=O,45,44.1,True
SPE01500321,Spectrum,COc1ccccc1OCC(O)CO,44,43.1,True
SPE01500322,Spectrum,CC(=O)O.N=C(N)N/N=C\c1c(Cl)cccc1Cl,45,44.1,True
SPE01500323,Spectrum,N=C(N)NCCN1CCCCCCC1.O=S(=O)(O)O,45,44.1,True
SPE01500324,Spectrum,O=C(O)c1ccc(S(=O)(=O)N(Cl)Cl)cc1,44,43.1,True
SPE01500325,Spectrum,O=C(CCCN1CCC(O)(c2ccc(Cl)cc2)CC1)c1ccc(F)cc1,44,43.1,True
SPE01500327,Spectrum,CC1(C)S[C@@H]2C(N3C(=O)[C@@H](c4ccccc4)NC3(C)C)C(=O)N2[C@H]1C(=O)[O-].[K+],44,43.1,True
SPE01500328,Spectrum,Oc1c(Cl)cc(Cl)c(Cl)c1Cc1c(O)c(Cl)cc(Cl)c1Cl,45,44.1,True
SPE01500330,Spectrum,CCCCCCc1ccc(O)cc1O,44,43.1,True
SPE01500332,Spectrum,Br.CN1C2CC[C@H]1C[C@@H](OC(=O)C(O)c1ccccc1)C2,44,43.1,True
SPE01500333,Spectrum,C[N+]1(C)C2CC[C@H]1C[C@@H](OC(=O)C(O)c1ccccc1)C2.[Br-],44,43.1,True
SPE01500334,Spectrum,Cl.NNc1nncc2ccccc12,45,44.1,True
SPE01500335,Spectrum,NS(=O)(=O)c1cc2c(cc1Cl)NCNS2(=O)=O,45,44.1,True
SPE01500338,Spectrum,CC(=O)OCC(=O)[C@@]1(O)CCC2C3CCC4=CC(=O)CC[C@]4(C)C3[C@@H](O)C[C@@]21C,44,43.1,True
SPE01500339,Spectrum,C[C@]12CCC(=O)C=C1CCC1C2[C@@H](O)C[C@@]2(C)C1CC[C@]2(O)C(=O)COC(=O)CCC(=O)O,45,44.1,True
SPE01500340,Spectrum,CC12CCC(=O)C=C1CCC1C2[C@@H](O)CC2(C)C1CC[C@]2(O)C(=O)COP(=O)([O-])[O-].CC[NH+](CC)CC.CC[NH+](CC)CC,44,43.1,True
SPE01500341,Spectrum,NS(=O)(=O)c1cc2c(cc1C(F)(F)F)NCNS2(=O)=O,45,44.1,True
SPE01500343,Spectrum,CCCCCC(=O)O[C@]1(C(C)=O)CCC2C3CCC4=CC(=O)CC[C@]4(C)C3CC[C@@]21C,44,43.1,True
SPE01500344,Spectrum,NC(=O)NO,44,43.1,True
SPE01500345,Spectrum,O=C(O)c1cc2ccccc2c(Cc2c(O)c(C(=O)O)cc3ccccc23)c1O.OCCOCCN1CCN(C(c2ccccc2)c2ccc(Cl)cc2)CC1,44,43.1,True
SPE01500347,Spectrum,CC(C)Cc1ccc(C(C)C(=O)O)cc1,44,43.1,True
SPE01500348,Spectrum,CN(C)CCCN1c2ccccc2CCc2ccccc21.Cl,45,44.1,True
SPE01500349,Spectrum,CC1Cc2ccccc2N1NC(=O)c1ccc(Cl)c(S(N)(=O)=O)c1,45,44.1,True
SPE01500350,Spectrum,COc1ccc2c(c1)c(CC(=O)O)c(C)n2C(=O)c1ccc(Cl)cc1,44,43.1,True
SPE01500351,Spectrum,CC(C(=O)O)c1ccc(N2Cc3ccccc3C2=O)cc1,44,43.1,True
SPE01500352,Spectrum,O[C@H]1[C@H](O)[C@@H](O)[C@H](O)[C@@H](O)[C@H]1O,44,43.1,True
SPE01500353,Spectrum,Oc1c(I)cc(I)c2cccnc12,44,43.1,True
SPE01500354,Spectrum,CC(C)[N+]1(C)C2CC[C@@H]1C[C@@H](OC(=O)C(CO)c1ccccc1)C2.[Br-],44,43.1,True
SPE01500355,Spectrum,NNC(=O)c1ccncc1,47,46.1,True
SPE01500356,Spectrum,CC(C)[N+](C)(CCC(C(N)=O)(c1ccccc1)c1ccccc1)C(C)C.[I-],46,45.1,True
SPE01500357,Spectrum,CC(C)NCC(O)c1ccc(O)c(O)c1.Cl,47,46.1,True
SPE01500358,Spectrum,O=[N+]([O-])O[C@H]1CO[C@H]2[C@@H]1OC[C@H]2O[N+](=O)[O-],46,45.1,True
SPE01500359,Spectrum,CC(COc1ccccc1)NC(C)[C@H](O)c1ccc(O)cc1.Cl,47,46.1,True
SPE01500360,Spectrum,NC[C@H]1O[C@H](OC2[C@@H](N)C[C@@H](N)[C@H](O[C@H]3O[C@H](CO)[C@@H](O)[C@H](N)[C@H]3O)[C@H]2O)[C@H](O)[C@@H](O)[C@@H]1O.O=S(=O)(O)O,46,45.1,True
SPE01500362,Spectrum,CC(=O)N1CCN(c2ccc(OCC3CO[C@](Cn4ccnc4)(c4ccc(Cl)cc4Cl)O3)cc2)CC1,47,46.1,True
SPE01500364,Spectrum,Nc1nc(=O)c2c([nH]1)NCC(CNc1ccc(C(=O)N[C@@H](CCC(=O)[O-])C(=O)[O-])cc1)N2C=O.[Ca+2],46,45.1,True
SPE01500365,Spectrum,C[C@H](N)[C@H](O)c1ccc(O)c(O)c1,46,45.1,True
SPE01500368,Spectrum,CCC[C@@H]1C[C@@H](C(=O)N[C@H]([C@H]2O[C@H](SC)[C@H](O)[C@@H](O)[C@H]2O)[C@H](C)O)N(C)C1.Cl,46,45.1,True
SPE01500372,Spectrum,Cl.NCc1ccc(S(N)(=O)=O)cc1,46,45.1,True
SPE01500373,Spectrum,CNCCCC12CCC(c3ccccc31)c1ccccc12.Cl,45,44.1,True
SPE01500374,Spectrum,CNC1(C)C2CCC(C2)C1(C)C.Cl,47,46.1,True
SPE01500375,Spectrum,CN(CCCl)CCCl,46,45.1,True
SPE01500376,Spectrum,Cc1cccc(CN2CCN(C(c3ccccc3)c3ccc(Cl)cc3)CC2)c1.Cl.Cl,45,44.1,True
SPE01500377,Spectrum,Cc1ccc(Cl)c(Nc2ccccc2C(=O)[O-])c1Cl.[Na+],47,46.1,True
SPE01500379,Spectrum,CC(=O)O[C@]1(C(C)=O)CCC2C3C[C@H](C)C4=CC(=O)CC[C@]4(C)C3CC[C@@]21C,47,46.1,True
SPE01500381,Spectrum,CC(=O)O[C@]1(C(C)=O)CCC2C3C=C(C)C4=CC(=O)CCC4(C)C3CCC21C,47,46.1,True
SPE01500382,Spectrum,N[C@@H](Cc1ccc(N(CCCl)CCCl)cc1)C(=O)O,47,46.1,True
SPE01500383,Spectrum,C[N+]1(C)CCCC(OC(=O)C(O)(c2ccccc2)c2ccccc2)C1.[Br-],45,44.1,True
SPE01500387,Spectrum,S=c1[nH]cnc2nc[nH]c12,46,45.1,True
SPE01500388,Spectrum,C#C[C@]1(O)CCC2C3CCc4cc(OC)ccc4C3CC[C@@]21C,47,46.1,True
SPE01500391,Spectrum,CC(=O)OC(C)C[N+](C)(C)C.[Cl-],47,46.1,True
SPE01500394,Spectrum,C1N2CN3CN1CN(C2)C3,46,45.1,True
SPE01500395,Spectrum,COc1cccc(OC)c1C(=O)N[C@@H]1C(=O)N2[C@@H]1SC(C)(C)[C@@H]2C(=O)[O-].[Na+],46,45.1,True
SPE01500396,Spectrum,Cn1cc[nH]c1=S,46,45.1,True
SPE01500397,Spectrum,COc1ccccc1OCC(O)COC(N)=O,46,45.1,True
SPE01500398,Spectrum,CN(Cc1cnc2nc(N)nc(N)c2n1)c1ccc(C(=O)NC(CCC(=O)O)C(=O)O)cc1,47,46.1,True
SPE01500399,Spectrum,COc1ccc(OC)c(C(O)C(C)N)c1.Cl,46,45.1,True
SPE01500400,Spectrum,COc1c2occc2cc2ccc(=O)oc12,46,45.1,True
SPE01500401,Spectrum,C[N+]1(C)C2CC(OC(=O)[C@@H](CO)c3ccccc3)CC1C1OC12.[Br-],46,45.1,True
SPE01500403,Spectrum,C[C@](N)(Cc1ccc(O)c(O)c1)C(=O)O,46,45.1,True
SPE01500404,Spectrum,CC[C@@H](CO)NC(=O)[C@@H]1C=C2c3cccc4[nH]cc(c34)C[C@H]2N(C)C1.O=C(O)/C=C\C(=O)O,47,46.1,True
SPE01500406,Spectrum,C[C@H]1CC2C([C@@H](O)C[C@@]3(C)C2CC[C@]3(O)C(=O)CO)[C@@]2(C)C=CC(=O)C=C12,47,46.1,True
SPE01500408,Spectrum,Cc1cc(=O)[nH]c(=S)[nH]1,46,45.1,True
SPE01500410,Spectrum,CCN(CC)CCNC(=O)c1cc(Cl)c(N)cc1OC.Cl,48,47.1,True
SPE01500411,Spectrum,COCCc1ccc(OCC(O)CNC(C)C)cc1.O=C(O)C(O)C(O)C(=O)O,47,46.1,True
SPE01500412,Spectrum,Cc1ncc([N+](=O)[O-])n1CCO,47,46.1,True
SPE01500413,Spectrum,Clc1ccc(COC(Cn2ccnc2)c2ccc(Cl)cc2Cl)c(Cl)c1.O=[N+]([O-])O,46,45.1,True
SPE01500414,Spectrum,CN(C)c1ccc(O)c2c1C[C@H]1C[C@H]3[C@H](N(C)C)C(O)=C(C(N)=O)C(=O)[C@@]3(O)C(O)=C1C2=O.Cl,45,44.1,True
SPE01500415,Spectrum,Nc1cc(N2CCCCC2)nc(N)[n+]1[O-],47,46.1,True
SPE01500418,Spectrum,CO[C@@]1(NC(=O)C(C(=O)[O-])c2ccc(O)cc2)C(=O)N2C(C(=O)[O-])=C(CSc3nnnn3C)CO[C@@H]21.[Na+].[Na+],47,46.1,True
SPE01500419,Spectrum,NC(=O)c1ccc[n+]([C@@H]2O[C@H](COP(=O)([O-])OP(=O)(O)OC[C@H]3O[C@@H](n4cnc5c(N)ncnc54)[C@H](O)[C@@H]3O)[C@@H](O)[C@H]2O)c1,47,46.1,True
SPE01500420,Spectrum,CCOc1ccc2ccccc2c1NC(=O)[C@@H]1C(=O)N2C(C(=O)[O-])C(C)(C)S[C@H]12.[Na+],46,45.1,True
SPE01500424,Spectrum,Cl.c1ccc2c(CC3=NCCN3)cccc2c1,45,44.1,True
SPE01500425,Spectrum,COc1ccc2cc([C@H](C)C(=O)O)ccc2c1,48,47.1,True
SPE01500427,Spectrum,NC[C@@H]1O[C@H](O[C@@H]2[C@@H](CO)OC(O[C@@H]3[C@@H](O)[C@H](N)C[C@H](N)[C@H]3OC3O[C@H](CN)[C@@H](O)[C@H](O)[C@H]3N)[C@@H]2O)[C@H](N)[C@@H](O)[C@@H]1O.O=S(=O)(O)O,44,43.1,True
SPE01500428,Spectrum,CN(C)C(=O)Oc1cccc([N+](C)(C)C)c1.[Br-],45,44.1,True
SPE01500431,Spectrum,COC(=O)C1=C(C)NC(C)=C(C(=O)OC)C1c1ccccc1[N+](=O)[O-],47,46.1,True
SPE01500433,Spectrum,O=C1CN(/N=C/c2ccc([N+](=O)[O-])o2)C(=O)N1,47,46.1,True
SPE01500434,Spectrum,NC(=O)N/N=C/c1ccc([N+](=O)[O-])o1,47,46.1,True
SPE01500435,Spectrum,NC(=O)c1cc([N+](=O)[O-])cc([N+](=O)[O-])c1,46,45.1,True
SPE01500436,Spectrum,NC[C@H](O)c1ccc(O)c(O)c1,46,45.1,True
SPE01500437,Spectrum,C#C[C@]1(O)CCC2C3CCC4=CC(=O)CC[C@@H]4C3CC[C@@]21C,46,45.1,True
SPE01500438,Spectrum,C#C[C@]1(OC(C)=O)CCC2C3CCC4=CC(=O)CC[C@@H]4C3CC[C@@]21C,47,46.1,True
SPE01500439,Spectrum,C#C[C@]1(O)CCC2C3CCC4=C(CCC(=O)C4)C3CC[C@@]21C,46,45.1,True
SPE01500441,Spectrum,C#C[C@]1(O)CCC2C3CCC4=CC(=O)CC[C@@H]4C3CC[C@@]21CC,46,45.1,True
SPE01500442,Spectrum,CNCCC=C1c2ccccc2CCc2ccccc21,47,46.1,True
SPE01500445,Spectrum,CC(CCc1ccccc1)NC(C)C(O)c1ccc(O)cc1.Cl,46,45.1,True
SPE01500447,Spectrum,Cc1ccccc1C(OCCN(C)C)c1ccccc1.O=C(O)CC(O)(CC(=O)O)C(=O)O,46,45.1,True
SPE01500448,Spectrum,Cc1onc(-c2ccccc2)c1C(=O)NC1C(=O)N2[C@@H]1SC(C)(C)[C@@H]2C(=O)[O-].[Na+],46,45.1,True
SPE01500450,Spectrum,Cl.NCCc1cc(O)c(O)cc1O,46,45.1,True
SPE01500451,Spectrum,COc1ccc(C(=O)c2ccccc2)c(O)c1,47,46.1,True
SPE01500453,Spectrum,Cc1cc(C(C)(C)C)c(O)c(C)c1CC1=NCCN1.Cl,46,45.1,True
SPE01500455,Spectrum,CCCCC1C(=O)N(c2ccccc2)N(c2ccc(O)cc2)C1=O,48,47.1,True
SPE01500456,Spectrum,O=S(=O)(O)O.Oc1cccc2cccnc12,47,46.1,True
SPE01500457,Spectrum,CN(C)[C@@H]1C(O)=C(C(N)=O)C(=O)[C@@]2(O)C(O)=C3C(=O)c4c(O)cccc4[C@@](C)(O)[C@H]3[C@H](O)[C@@H]12.Cl,47,46.1,True
SPE01500460,Spectrum,Oc1ccc(Cl)cc1,47,46.1,True
SPE01500462,Spectrum,C#CCN(C)Cc1ccccc1.Cl,45,44.1,True
SPE01500464,Spectrum,CC(C)(S)C(N)C(=O)O,46,45.1,True
SPE01500465,Spectrum,CC1(C)S[C@@H]2[C@H](NC(=O)Cc3ccccc3)C(=O)N2[C@H]1C(=O)[O-].[K+],46,45.1,True
SPE01500467,Spectrum,CC1(C)S[C@@H]2[C@H](NC(=O)COc3ccccc3)C(=O)N2[C@H]1C(=O)[O-].[K+],46,45.1,True
SPE01500472,Spectrum,NC(=O)NC(=O)Cc1ccccc1,47,46.1,True
SPE01500473,Spectrum,Cl.Nc1ccc(/N=N/c2ccccc2)c(N)n1,46,45.1,True
SPE01500476,Spectrum,NNCCc1ccccc1.O=S(=O)(O)O,46,45.1,True
SPE01500477,Spectrum,O=C1c2ccccc2C(=O)C1c1ccccc1,46,45.1,True
SPE01500478,Spectrum,CN(C)CCC(c1ccccc1)c1ccccn1.O=C(O)/C=C\C(=O)O,45,44.1,True
SPE01500480,Spectrum,O=C1OC(c2ccc(O)cc2)(c2ccc(O)cc2)c2ccccc21,46,45.1,True
SPE01500482,Spectrum,CCCCC1C(=O)N(c2ccccc2)N(c2ccccc2)C1=O,46,45.1,True
SPE01500483,Spectrum,CNC[C@H](O)c1cccc(O)c1.Cl,47,46.1,True
SPE01500485,Spectrum,O=C1[N-]C(=O)C(c2ccccc2)(c2ccccc2)N1.[Na+],48,47.1,True
SPE01500488,Spectrum,CC(C)NCC(O)COc1cccc2[nH]ccc12,46,45.1,True
SPE01500489,Spectrum,CCN1CCN(C(=O)NC(C(=O)N[C@@H]2C(=O)N3[C@@H]2SC(C)(C)[C@@H]3C(=O)[O-])c2ccccc2)C(=O)C1=O.[Na+],47,46.1,True
SPE01500490,Spectrum,C1CNCCN1,47,46.1,True
SPE01500491,Spectrum,CN1C(C(=O)Nc2ccccn2)=C(O)c2ccccc2S1(=O)=O,46,45.1,True
SPE01500494,Spectrum,O=C(C1CCCCC1)N1CC(=O)N2CCc3ccccc3C2C1,47,46.1,True
SPE01500495,Spectrum,COc1cc2nc(N3CCN(C(=O)c4ccco4)CC3)nc(N)c2cc1OC.Cl,46,45.1,True
SPE01500496,Spectrum,C[C@]12C=CC(=O)C=C1CCC1C2[C@@H](O)C[C@@]2(C)C1CC[C@]2(O)C(=O)CO,46,45.1,True
SPE01500497,Spectrum,CC(=O)OCC(=O)[C@@]1(O)CCC2C3CCC4=CC(=O)C=CC4(C)C3[C@@H](O)C[C@@]21C,47,46.1,True
SPE01500499,Spectrum,C[C@]12C=CC(=O)C=C1CCC1C2C(=O)C[C@@]2(C)C1CC[C@]2(O)C(=O)CO,46,45.1,True
SPE01500500,Spectrum,COc1cc(NC(C)CCCN)c2ncccc2c1.O=P(O)(O)O.O=P(O)(O)O,46,45.1,True
SPE01500501,Spectrum,CCC1(c2ccccc2)C(=O)NCNC1=O,46,45.1,True
SPE01500502,Spectrum,CCCN(CCC)S(=O)(=O)c1ccc(C(=O)O)cc1,46,45.1,True
SPE01500503,Spectrum,CCN(CC)CCNC(=O)c1ccc(N)cc1.Cl,46,45.1,True
SPE01500504,Spectrum,CCN(CC)CCOC(=O)c1ccc(N)cc1.Cl,46,45.1,True
SPE01500505,Spectrum,CN1CCN(CCCN2c3ccccc3Sc3ccc(Cl)cc32)CC1.O=S(=O)(O)CCS(=O)(=O)O,46,45.1,True
SPE01500507,Spectrum,Cl.OC(CCN1CCCC1)(c1ccccc1)C1CCCCC1,47,46.1,True
SPE01500508,Spectrum,CC(=O)[C@H]1CCC2C3CCC4=CC(=O)CC[C@]4(C)C3CC[C@@]21C,47,46.1,True
SPE01500509,Spectrum,CN(C)CCCN1c2ccccc2Sc2ccccc21.Cl,46,45.1,True
SPE01500510,Spectrum,CC(CN1c2ccccc2Sc2ccccc21)N(C)C.Cl,44,43.1,True
SPE01500511,Spectrum,CC(C)[N+](C)(CCOC(=O)C1c2ccccc2Oc2ccccc21)C(C)C.[Br-],46,45.1,True
SPE01500515,Spectrum,CCCc1cc(=O)[nH]c(=S)[nH]1,46,45.1,True
SPE01500516,Spectrum,CN[C@@H](C)[C@@H](O)c1ccccc1.Cl,47,46.1,True
SPE01500514,Spectrum,CC(C)NC[C@H](O)COc1cccc2ccccc12.Cl,46,45.1,True
SPE01500517,Spectrum,CN1CCCN=C1/C=C/c1cccs1.O=C(O)c1cc2ccccc2c(Cc2c(O)c(C(=O)O)cc3ccccc23)c1O,45,44.1,True
SPE01500518,Spectrum,NC(=O)c1cnccn1,47,46.1,True
SPE01500519,Spectrum,COc1ccc(CN(CCN(C)C)c2ccccn2)cc1.O=C(O)/C=C\C(=O)O,45,44.1,True
SPE01500520,Spectrum,CCc1nc(N)nc(N)c1-c1ccc(Cl)cc1,46,45.1,True
SPE01500521,Spectrum,Cc1cc(/C=C/c2ccc3cc(N(C)C)ccc3[n+]2C)c(C)n1-c1ccccc1.O=C([O-])c1cc2ccccc2c(Cc2c(O)c(C(=O)O)cc3ccccc23)c1O,47,46.1,True
SPE01500522,Spectrum,CCN(CC)CCCC(C)Nc1c2ccc(Cl)cc2nc2ccc(OC)cc12.Cl.Cl,47,46.1,True
SPE01500525,Spectrum,CNC(C)C(O)c1ccccc1.Cl,47,46.1,True
SPE01500527,Spectrum,Oc1cccc(O)c1,46,45.1,True
SPE01500529,Spectrum,CO[C@H]1/C=C/O[C@@]2(C)Oc3c(C)c(O)c4c(O)c(c(C=NN5CCN(C)CC5)c(O)c4c3C2=O)NC(=O)/C(C)=C\C=C\C(C)[C@H](O)[C@@H](C)[C@@H](O)[C@@H](C)[C@@H](OC(C)=O)[C@@H]1C,47,46.1,True
SPE01500530,Spectrum,O=[N+]([O-])c1cc([As](=O)(O)O)ccc1O,46,45.1,True
SPE01500531,Spectrum,OCc1ccccc1O,46,45.1,True
SPE01500532,Spectrum,NC(=O)c1ccccc1O,46,45.1,True
SPE01500533,Spectrum,O=C([O-])c1ccccc1O.[Na+],46,45.1,True
SPE01500539,Spectrum,CC(=O)S[C@@H]1CC2=CC(=O)CC[C@]2(C)[C@H]2CC[C@@]3(C)[C@@H](CC[C@@]34CCC(=O)O4)C12,46,45.1,True
SPE01500543,Spectrum,CN(N=O)C(=O)N[C@@H]1[C@@H](O)[C@H](O)[C@@H](CO)O[C@@H]1O,46,45.1,True
SPE01500544,Spectrum,Nc1ccc(S(=O)(=O)NC(=O)c2ccccc2)cc1,47,46.1,True
SPE01500545,Spectrum,CC(=O)NS(=O)(=O)c1ccc(N)cc1,47,46.1,True
SPE01500546,Spectrum,Nc1ccc(S(=O)(=O)Nc2ncccn2)cc1,46,45.1,True
SPE01500547,Spectrum,Cc1ccnc(NS(=O)(=O)c2ccc(N)cc2)n1,46,45.1,True
SPE01500548,Spectrum,Cc1cc(C)nc(NS(=O)(=O)c2ccc(N)cc2)n1,46,45.1,True
SPE01500549,Spectrum,Cc1nnc(NS(=O)(=O)c2ccc(N)cc2)s1,45,44.1,True
SPE01500550,Spectrum,Cc1cc(NS(=O)(=O)c2ccc(N)cc2)no1,45,44.1,True
SPE01500551,Spectrum,Nc1ccc(S(=O)(=O)Nc2ccccn2)cc1,46,45.1,True
SPE01500552,Spectrum,O=C(O)c1cc(/N=N/c2ccc(S(=O)(=O)Nc3ccccn3)cc2)ccc1O,46,45.1,True
SPE01500553,Spectrum,Nc1ccc(S(=O)(=O)Nc2nccs2)cc1,46,45.1,True
SPE01500554,Spectrum,O=C1C(CCS(=O)c2ccccc2)C(=O)N(c2ccccc2)N1c1ccccc1,46,45.1,True
SPE01500555,Spectrum,Cc1noc(NS(=O)(=O)c2ccc(N)cc2)c1C,45,44.1,True
SPE01500556,Spectrum,CC1=C(CC(=O)O)c2cc(F)ccc2/C1=C\c1ccc(S(C)=O)cc1,46,45.1,True
SPE01500557,Spectrum,CC/C(=C(\c1ccccc1)c1ccc(OCCN(C)C)cc1)c1ccccc1.O=C(O)CC(O)(CC(=O)O)C(=O)O,46,45.1,True
SPE01500558,Spectrum,CC(C)(C)NCC(O)c1cc(O)cc(O)c1.O=S(=O)(O)O,47,46.1,True
SPE01500564,Spectrum,CCCCNc1ccc(C(=O)OCCN(C)C)cc1.Cl,45,44.1,True
SPE01500567,Spectrum,Cl.c1ccc2c(c1)CCCC2C1=NCCN1,46,45.1,True
SPE01500570,Spectrum,c1ccc2[nH]c(-c3cscn3)nc2c1,47,46.1,True
SPE01500572,Spectrum,C[CH2][Hg][S]c1ccccc1C(=O)[O-].[Na+],46,45.1,True
SPE01500573,Spectrum,Nc1nc2nc[nH]c2c(=S)[nH]1,46,45.1,True
SPE01500575,Spectrum,CSc1ccc2c(c1)N(CCC1CCCCN1C)c1ccccc1S2.Cl,46,45.1,True
SPE01500576,Spectrum,CN1CCN(CC/C=C2\c3ccccc3Sc3ccc(S(=O)(=O)N(C)C)cc32)CC1,46,45.1,True
SPE01500578,Spectrum,CC(C)(C)NC[C@@H](O)COc1nsnc1N1CCOCC1.O=C(O)/C=C\C(=O)O,47,46.1,True
SPE01500580,Spectrum,Cl.c1ccc(CC2=NCCN2)cc1,45,44.1,True
SPE01500581,Spectrum,CCCCNC(=O)NS(=O)(=O)c1ccc(C)cc1,46,45.1,True
SPE01500582,Spectrum,Cc1ccc(C(=O)c2ccc(CC(=O)[O-])n2C)cc1.[Na+],46,45.1,True
SPE01500583,Spectrum,Cc1cccc(N(C)C(=S)Oc2ccc3ccccc3c2)c1,46,45.1,True
SPE01500584,Spectrum,NC1C[C@H]1c1ccccc1.O=S(=O)(O)O,46,45.1,True
SPE01500585,Spectrum,CC(=O)OCC(COC(C)=O)OC(C)=O,45,44.1,True
SPE01500586,Spectrum,C[C@]12C=CC(=O)C=C1CCC1C3C[C@@H](O)[C@](O)(C(=O)CO)[C@@]3(C)C[C@H](O)[C@@]12F,47,46.1,True
SPE01500587,Spectrum,CC1(C)O[C@@H]2CC3C4CCC5=CC(=O)C=C[C@]5(C)[C@@]4(F)[C@@H](O)C[C@]3(C)[C@]2(C(=O)CO)O1,47,46.1,True
SPE01500588,Spectrum,CC(=O)OCC(=O)[C@@]1(O)[C@H](OC(C)=O)CC2C3CCC4=CC(=O)C=C[C@]4(C)[C@@]3(F)[C@@H](O)C[C@@]21C,48,47.1,True
SPE01500589,Spectrum,Nc1nc(N)c2nc(-c3ccccc3)c(N)nc2n1,47,46.1,True
SPE01500590,Spectrum,NS(=O)(=O)c1cc2c(cc1Cl)NC(C(Cl)Cl)NS2(=O)=O,46,45.1,True
SPE01500591,Spectrum,CN1CCN(CCCN2c3ccccc3Sc3ccc(C(F)(F)F)cc32)CC1.Cl.Cl,46,45.1,True
SPE01500592,Spectrum,Cl.OC(CCN1CCCCC1)(c1ccccc1)C1CCCCC1,47,46.1,True
SPE01500593,Spectrum,CC(CN(C)C)CN1c2ccccc2Sc2ccccc21.O=C(O)C(O)C(O)C(=O)O,47,46.1,True
SPE01500594,Spectrum,COc1cc(C(=O)NCc2ccc(OCCN(C)C)cc2)cc(OC)c1OC.Cl,46,45.1,True
SPE01500595,Spectrum,COc1cc(Cc2cnc(N)nc2N)cc(OC)c1OC,47,46.1,True
SPE01500597,Spectrum,CN(C)CCN(Cc1ccccc1)c1ccccn1.O=C(O)CC(O)(CC(=O)O)C(=O)O,46,45.1,True
SPE01500598,Spectrum,Cc1ccc(/C(=C\CN2CCCC2)c2ccccn2)cc1.Cl,47,46.1,True
SPE01500599,Spectrum,CCN(Cc1ccncc1)C(=O)C(CO)c1ccccc1,47,46.1,True
SPE01500601,Spectrum,CCCCCC(C)N.O=S(=O)(O)O,46,45.1,True
SPE01500603,Spectrum,CC(C)CC1NC(=O)C(CCCN)NC(=O)C(C(C)C)NC(=O)C(Cc2ccc(O)cc2)NC(=O)C(CCC(=O)O)NC(=O)C(CC(=O)O)NC(=O)C(Cc2ccccc2)NC(=O)C(Cc2ccccc2)NC(=O)C2CCCN2C(=O)C(Cc2ccccc2)NC1=O,47,46.1,True
SPE01500604,Spectrum,NC(N)=O,47,46.1,True
SPE01500606,Spectrum,CCCC(CCC)C(=O)[O-].[Na+],47,46.1,True
SPE01500596,Spectrum,Cc1cc2cc3c(C)cc(=O)oc3c(C)c2o1,46,45.1,True
SPE01500609,Spectrum,Nc1ncnc2c1ncn2[C@@H]1O[C@H](CO)[C@@H](O)[C@@H]1O,46,45.1,True
SPE01500613,Spectrum,CC(=O)CC(c1ccccc1)c1c(O)c2ccccc2oc1=O,46,45.1,True
SPE01500614,Spectrum,Cc1cc(C(C)(C)C)cc(C)c1CC1=NCCN1.Cl,46,45.1,True
SPE01500615,Spectrum,Cc1cc(CC(=O)O)n(C)c1C(=O)c1ccc(Cl)cc1,48,47.1,True
SPE01500616,Spectrum,CC(=O)Nc1cc([As](=O)(O)O)ccc1O,46,45.1,True
SPE01500618,Spectrum,C[n+]1c2cc(N)ccc2cc2ccc(N)cc21.[Cl-],46,45.1,True
SPE01500621,Spectrum,Cc1c(N(C)C)c(=O)n(-c2ccccc2)n1C,46,45.1,True
SPE01500643,Spectrum,CC(Oc1ccccc1)C(=O)N[C@@H]1C(=O)N2[C@@H]1SC(C)(C)[C@@H]2C(=O)[O-].[K+],45,44.1,True
SPE01500642,Spectrum,CCOc1ccc(NC(C)=O)cc1,47,46.1,True
SPE01500644,Spectrum,CC(=O)[O][Hg][c]1ccccc1,46,45.1,True
SPE01500646,Spectrum,Nc1ccc(S(N)(=O)=O)cc1,46,45.1,True
SPE01500665,Spectrum,CCCC(=O)Nc1ccc(OCC(O)CNC(C)C)c(C(C)=O)c1.Cl,47,46.1,True
SPE01500637,Spectrum,O=C([O-])c1ccccc1-c1c2cc(Br)c(=O)cc-2oc2[c]([Hg][OH])c([O-])c(Br)cc12.[Na+].[Na+],46,45.1,True
SPE01500668,Spectrum,CN1CCC(=C2c3ccccc3CC(=O)c3sccc32)CC1.O=C(O)/C=C/C(=O)O,47,46.1,True
SPE01500670,Spectrum,CNCCc1ccccn1.Cl.Cl,46,45.1,True
SPE01500673,Spectrum,CCOC(=O)[N-]c1c[n+](N2CCOCC2)no1,45,44.1,True
SPE01500677,Spectrum,CC(C)(C)NCC(O)c1ccc(O)c(CO)c1,47,46.1,True
SPE01500682,Spectrum,C[C@H](CS)C(=O)N1CCC[C@H]1C(=O)O,47,46.1,True
SPE01500684,Spectrum,CN/C(=N\C#N)NCCSCc1nc[nH]c1C,46,45.1,True
SPE01500685,Spectrum,CN1CCN(C2=Nc3cc(Cl)ccc3Nc3ccccc32)CC1,46,45.1,True
SPE01500689,Spectrum,CCN(CC)CC(=O)Nc1c(C)cccc1C.Cl,48,47.1,True
SPE01500691,Spectrum,Cc1ccc(N(CC2=NCCN2)c2cccc(O)c2)cc1.Cl,46,45.1,True
SPE01500756,Spectrum,CCn1cc(C(=O)O)c(=O)c2ccc(C)nc21,47,46.1,True
SPE01500767,Spectrum,CCCCOC(=O)c1ccc(N)cc1,46,45.1,True
SPE01500772,Spectrum,CC(=O)NCc1c(I)c(NC(C)=O)c(I)c(C(=O)O)c1I,46,45.1,True
SPE01500774,Spectrum,N[C@@H](Cc1cc(I)c(Oc2cc(I)c(O)c(I)c2)c(I)c1)C(=O)O,46,45.1,True
SPE01500778,Spectrum,N[C@H](Cc1cc(I)c(Oc2ccc(O)c(I)c2)c(I)c1)C(=O)O,46,45.1,True
SPE01500804,Spectrum,C=CCSCC1Nc2cc(Cl)c(S(N)(=O)=O)cc2S(=O)(=O)N1,46,45.1,True
SPE01500810,Spectrum,Nc1c2ccccc2nc2ccccc12,47,46.1,True
SPE01500812,Spectrum,NC[C@H]1O[C@H](O[C@H]2[C@H](O)[C@@H](O[C@H]3O[C@H](CO)[C@@H](O)[C@H](N)[C@H]3O)[C@H](N)C[C@@H]2N)[C@H](N)[C@@H](O)[C@@H]1O.O=S(=O)(O)O,45,44.1,True
SPE01500813,Spectrum,CCCC1O[C@@H]2CC3C4CCC5=CC(=O)C=CC5(C)C4[C@@H](O)CC3(C)[C@]2(C(=O)CO)O1,47,46.1,True
SPE01500828,Spectrum,C[C@]12CCC(=O)C=C1C=CC1C2CC[C@@]2(C)C1CC[C@@]2(O)CCC(=O)[O-].[K+],46,45.1,True
SPE01500903,Spectrum,COc1cc([C@@H]2c3cc4c(cc3C(OC3O[C@@H]5COC(C)O[C@H]5[C@H](O)[C@H]3O)C3COC(=O)[C@@H]32)OCO4)cc(OC)c1O,47,46.1,True
SPE01500992,Spectrum,CC1CCc2cc(F)cc3c(=O)c(C(=O)O)cn1c23,45,44.1,True
SPE01500993,Spectrum,Cl.Cl.Fc1ccc(C(c2ccc(F)cc2)N2CCN(C/C=C/c3ccccc3)CC2)cc1,51,50.0,True
SPE01500995,Spectrum,CC(C)C(=O)Nc1ccc([N+](=O)[O-])c(C(F)(F)F)c1,50,49.0,True
SPE01501002,Spectrum,O=C(CCCN1CC=C(n2c(=O)[nH]c3ccccc32)CC1)c1ccc(F)cc1,51,50.0,True
SPE01501003,Spectrum,NC(N)=Nc1nc(CSCC/C(N)=N\S(N)(=O)=O)cs1,49,48.0,True
SPE01501005,Spectrum,CCc1cccc2c3c([nH]c12)C(CC)(CC(=O)O)OCC3,52,51.0,True
SPE01501007,Spectrum,Br.CC(Cc1ccc(O)cc1)NCC(O)c1cc(O)cc(O)c1,50,49.0,True
SPE01501008,Spectrum,O=C(O)CCC(=O)c1ccc(-c2ccccc2)cc1,51,50.0,True
SPE01501010,Spectrum,CC(C)OC(=O)C(C)(C)Oc1ccc(C(=O)c2ccc(Cl)cc2)cc1,51,50.0,True
SPE01501011,Spectrum,CC(C(=O)O)c1cccc(Oc2ccccc2)c1,50,49.0,True
SPE01501015,Spectrum,O=C(O)c1ccccc1Nc1cccc(C(F)(F)F)c1,51,50.0,True
SPE01501016,Spectrum,COC(=O)Nc1nc2ccc(Sc3ccccc3)cc2[nH]1,52,51.0,True
SPE01501021,Spectrum,Cl.O=C1NCC2(CCN(CCc3ccccc3)CC2)O1,51,50.0,True
SPE01501103,Spectrum,Cc1cccc(Nc2ccccc2C(=O)O)c1C,51,50.0,True
SPE01501104,Spectrum,C=C1c2cccc(O)c2C(=O)C2=C(O)[C@]3(O)C(=O)C(C(N)=O)=C(O)[C@@H](N(C)C)[C@@H]3[C@@H](O)[C@H]12.Cl,52,51.0,True
SPE01501108,Spectrum,CCN(CC)CCNC(=O)COc1ccc(OC)cc1.Cl,50,49.0,True
SPE01501109,Spectrum,CC(C)(Sc1cc(C(C)(C)C)c(O)c(C(C)(C)C)c1)Sc1cc(C(C)(C)C)c(O)c(C(C)(C)C)c1,50,49.0,True
SPE01501110,Spectrum,COC(=O)Nc1nc2cc(C(=O)c3ccccc3)ccc2[nH]1,52,51.0,True
SPE01501115,Spectrum,Cl.Oc1ccc2c3c1OC1[C@@H](O)CC[C@@]4(O)[C@@H](C2)N(CC2CCC2)CC[C@]314,51,50.0,True
SPE01501117,Spectrum,CCN(CCCCOC(=O)c1ccc(OC)c(OC)c1)C(C)Cc1ccc(OC)cc1.Cl,51,50.0,True
SPE01501118,Spectrum,C=C1c2c(Cl)ccc(O)c2C(=O)C2=C(O)[C@]3(O)C(=O)C(C(N)=O)=C(O)[C@@H](N(C)C)[C@@H]3[C@@H](O)[C@H]12.O=C(O)c1cc(S(=O)(=O)O)ccc1O,53,52.0,True
SPE01501119,Spectrum,CCCN(CCC)C(=O)C(CCC(=O)O)NC(=O)c1ccccc1,50,49.0,True
SPE01501120,Spectrum,Cc1cc(-c2ccccc2)nnc1NCCN1CCOCC1.Cl.Cl,51,50.0,True
SPE01501121,Spectrum,CC12CC3CC(C)(C1)CC(N)(C3)C2.Cl,52,51.0,True
SPE01501127,Spectrum,CC(C)NCC(O)COc1ccc(CC(N)=O)cc1,51,50.0,True
SPE01501129,Spectrum,CCN(CC)CCOCCOC(=O)C1(c2ccccc2)CCCC1.O=C(O)CC(O)(CC(=O)O)C(=O)O,50,49.0,True
SPE01501130,Spectrum,Nc1ccncc1,51,50.0,True
SPE01501133,Spectrum,CO[C@]12C[C@@H](COC(=O)c3cncc(Br)c3)CN(C)[C@@H]1Cc1cn(C)c3cccc2c13,51,50.0,True
SPE01501134,Spectrum,O=c1[nH]c2ccccc2n1C1CCN(CCCC(c2ccc(F)cc2)c2ccc(F)cc2)CC1,53,52.0,True
SPE01501135,Spectrum,COC(=O)C1=C(C)NC(C)=C(C(=O)OCCN(C)Cc2ccccc2)C1c1cccc([N+](=O)[O-])c1.Cl,50,49.0,True
SPE01501137,Spectrum,CN1CCOC(c2ccccc2)c2ccccc2C1,52,51.0,True
SPE01501138,Spectrum,CN1CCN(CC(=O)N2c3ccccc3C(=O)Nc3cccnc32)CC1.Cl.Cl,49,48.0,True
SPE01501139,Spectrum,CCCCOc1ccc(OCCCN2CCOCC2)cc1.Cl,53,52.0,True
SPE01501140,Spectrum,Cc1ccccc1OCC(O)CO,52,51.0,True
SPE01501142,Spectrum,Nc1ccc(S(=O)(=O)Nc2ccc(Cl)nn2)cc1,51,50.0,True
SPE01501144,Spectrum,COc1cc(NS(=O)(=O)c2ccc(N)cc2)nc(OC)n1,51,50.0,True
SPE01501145,Spectrum,Nc1ccc(S(=O)(=O)[N-]c2cnc3ccccc3n2)cc1.[Na+],51,50.0,True
SPE01501146,Spectrum,N=C(N)NS(=O)(=O)c1ccc(N)cc1,50,49.0,True
SPE01501147,Spectrum,COc1cc(NS(=O)(=O)c2ccc(N)cc2)ncn1,50,49.0,True
SPE01501148,Spectrum,Clc1ccc(CSC(Cn2ccnc2)c2ccc(Cl)cc2Cl)cc1.O=[N+]([O-])O,51,50.0,True
SPE01501149,Spectrum,CC(NCCc1ccc(O)cc1)C(O)c1ccc(O)cc1.Cl,49,48.0,True
SPE01501150,Spectrum,CCN1CCC(CNC(=O)c2cc(S(N)(=O)=O)ccc2OC)C1,51,50.0,True
SPE01501151,Spectrum,CN/C(=C\[N+](=O)[O-])NCCSCc1ccc(CN(C)C)o1,50,49.0,True
SPE01501152,Spectrum,O=C(CCCN1CCC2(CC1)C(=O)NCN2c1ccccc1)c1ccc(F)cc1,51,50.0,True
SPE01501153,Spectrum,CCCCCCCCNC(C)C(O)c1ccc(SC(C)C)cc1,50,49.0,True
SPE01501154,Spectrum,Cn1c([N+](=O)[O-])cnc1COC(N)=O,50,49.0,True
SPE01501155,Spectrum,COc1cnc(NS(=O)(=O)c2ccc(N)cc2)nc1,51,50.0,True
SPE01501156,Spectrum,COc1ccc(NS(=O)(=O)c2ccc(N)cc2)nn1,51,50.0,True
SPE01501171,Spectrum,O=C1NS(=O)(=O)c2ccccc21,52,51.0,True
SPE01501173,Spectrum,CC(=O)Nc1ccccc1,50,49.0,True
SPE01501175,Spectrum,CC1(C)O[C@@H]2CC3C4C[C@H](F)C5=CC(=O)CC[C@]5(C)C4[C@@H](O)C[C@]3(C)[C@]2(C(=O)CO)O1,51,50.0,True
SPE01501176,Spectrum,CCC(=O)O[C@H]1[C@H](O[C@@H]2[C@@H](C)[C@H](O[C@H]3C[C@@](C)(OC)[C@@H](O)[C@H](C)O3)[C@@H](C)C(=O)O[C@H](CC)[C@@](C)(O)[C@H](O)[C@@H](C)C(=O)[C@H](C)C[C@@]2(C)O)O[C@H](C)C[C@@H]1N(C)C.CCCCCCCCCCCCOS(=O)(=O)O,51,50.0,True
SPE01501179,Spectrum,CCC(=O)O[C@H]1CCC2C3CCc4cc(O)ccc4C3CC[C@@]21C,51,50.0,True
SPE01501182,Spectrum,CC12CCC3c4ccc(OC(=O)c5ccccc5)cc4CCC3C1CCC2O,51,50.0,True
SPE01501184,Spectrum,CC(=O)OC1CCC2C3CCc4cc(O)ccc4C3CCC12C,53,52.0,True
SPE01501185,Spectrum,Clc1ccc(COC(Cn2ccnc2)c2ccc(Cl)cc2Cl)cc1.O=[N+]([O-])O,50,49.0,True
SPE01501187,Spectrum,CC1(C)O[C@@H]2CC3C4C[C@H](F)C5=CC(=O)C=CC5(C)C4C(O)CC3(C)[C@]2(C(=O)CO)O1,51,50.0,True
SPE01501200,Spectrum,Cc1cccc(C)c1NC1=NCCCS1,49,48.0,True
SPE01501201,Spectrum,Cc1ccc(S(=O)(=O)NC(=O)NN2CCCCCC2)cc1,50,49.0,True
SPE01501202,Spectrum,Br.COc1ccc2c3c1O[C@H]1C[C@@H](O)C=C[C@@]31CCN(C)C2,51,50.0,True
SPE01501214,Spectrum,CCOC(=O)[C@H](CCc1ccccc1)N[C@@H](C)C(=O)N1CCC[C@H]1C(=O)O.O=C(O)/C=C\C(=O)O,51,50.0,True
SPE01501215,Spectrum,CC(C(=O)O)c1cccc(C(=O)c2ccccc2)c1,50,49.0,True
SPE01501217,Spectrum,NCCCC[C@H](N[C@@H](CCc1ccccc1)C(=O)O)C(=O)N1CCC[C@H]1C(=O)O,51,50.0,True
SPE01502004,Spectrum,CCCCNc1cc(C(=O)O)cc(S(N)(=O)=O)c1Oc1ccccc1,51,50.0,True
SPE01502005,Spectrum,CC1(C)C2CC[C@]3(C)C(C(=O)C=C4[C@@H]5C[C@@](C)(C(=O)[O-])CC[C@]5(C)CC[C@]43C)[C@@]2(C)CC[C@@H]1OC(=O)CCC(=O)[O-].[Na+].[Na+],51,50.0,True
SPE01502006,Spectrum,CC(C(=O)O)c1ccc2c(c1)[nH]c1ccc(Cl)cc12,53,52.0,True
SPE01502013,Spectrum,CC1=C(/C=C/C(C)=C/C=C/C(C)=C\C(=O)O)C(C)(C)CCC1,51,50.0,True
SPE01502016,Spectrum,CC1=C(/C=C/C(C)=C/C=C/C(C)=C/C(=O)O)C(C)(C)CCC1,51,50.0,True
SPE01502019,Spectrum,O=C([O-])P(=O)([O-])[O-].[Na+].[Na+].[Na+],51,50.0,True
SPE01502020,Spectrum,Nc1nc(=O)c2nc(CNc3ccc(C(=O)N[C@@H](CCC(=O)O)C(=O)O)cc3)cnc2[nH]1,52,51.0,True
SPE01502021,Spectrum,O=C(O)c1ccccc1C(=O)Nc1ccc(S(=O)(=O)Nc2nccs2)cc1,50,49.0,True
SPE01502025,Spectrum,O=C(O)CCC(=O)Nc1ccc(S(=O)(=O)Nc2nccs2)cc1,50,49.0,True
SPE01502026,Spectrum,NC[C@H]1CC[C@H](C(=O)O)CC1,51,50.0,True
SPE01502028,Spectrum,CC1=C(C(=O)O)N2C(=O)[C@@H](NC(=O)C(N)c3ccccc3)[C@H]2SC1,51,50.0,True
SPE01502029,Spectrum,NC(=O)c1cc[n+](CC2=C(C(=O)[O-])N3C(=O)C(NC(=O)C(c4ccccc4)S(=O)(=O)[O-])C3SC2)cc1.[Na+],50,49.0,True
SPE01502030,Spectrum,CCn1cc(C(=O)O)c(=O)c2cc3c(cc21)OCO3,51,50.0,True
SPE01502031,Spectrum,CO[C@@]1(NC(=O)Cc2cccs2)C(=O)N2C(C(=O)[O-])=C(COC(N)=O)CS[C@@H]21.[Na+],51,50.0,True
SPE01502032,Spectrum,Cc1ccc(C(=O)Nc2ccc(S(=O)(=O)[O-])c3cc(S(=O)(=O)[O-])cc(S(=O)(=O)[O-])c23)cc1NC(=O)c1cccc(NC(=O)Nc2cccc(C(=O)Nc3cc(C(=O)Nc4ccc(S(=O)(=O)[O-])c5cc(S(=O)(=O)[O-])cc(S(=O)(=O)[O-])c45)ccc3C)c2)c1.[Na+].[Na+].[Na+].[Na+].[Na+].[Na+],49,48.0,True
SPE01502033,Spectrum,CO/N=C(/C(=O)NC1C(=O)N2C(C(=O)[O-])=C(COC(N)=O)CSC12)c1ccco1.[Na+],50,49.0,True
SPE01502037,Spectrum,CCn1cc(C(=O)O)c(=O)c2cc(F)c(N3CCNC(C)C3)c(F)c21.Cl,53,52.0,True
SPE01502038,Spectrum,Cn1nnnc1SCC1=C(C(=O)[O-])N2C(=O)C(NC(=O)C(O)c3ccccc3)C2SC1.[Na+],50,49.0,True
SPE01502040,Spectrum,CO[C@@]1(NC(=O)CSCC#N)C(=O)N2C(C(=O)[O-])=C(CSc3nnnn3C)CSC21.[Na+],52,51.0,True
SPE01502014,Spectrum,O=S(=O)([O-])CCS.[Na+],51,50.0,True
SPE01502041,Spectrum,Cn1nnnc1SCC1=C(C(=O)[O-])N2C(=O)C(NC(=O)C(OC=O)c3ccccc3)C2SC1.[Na+],51,50.0,True
SPE01502042,Spectrum,CCN1CCN(C(=O)NC(C(=O)NC2C(=O)N3C(C(=O)[O-])=C(CSc4nnnn4C)CSC23)c2ccc(O)cc2)C(=O)C1=O.[Na+],50,49.0,True
SPE01502044,Spectrum,CC1COc2c(N3CCN(C)CC3)c(F)cc3c(=O)c(C(=O)O)cn1c23,52,51.0,True
SPE01502046,Spectrum,CC(C)(Oc1ccc(CCNC(=O)c2ccc(Cl)cc2)cc1)C(=O)O,51,50.0,True
SPE01502053,Spectrum,O=C(O)CN1C(=O)c2cccc3cccc(c23)C1=O,51,50.0,True
SPE01502084,Spectrum,CCCC(C(=O)OCCN(CC)CC)(c1ccccc1)c1ccccc1.Cl,51,50.0,True
SPE01502106,Spectrum,N.N.O=C1[O][Pt][O]C(=O)C12CCC2,49,48.0,True
SPE01502107,Spectrum,N.N.[Cl][Pt][Cl],51,50.0,True
SPE01502109,Spectrum,Cc1cn([C@H]2C[C@H](N=[N+]=[N-])[C@@H](CO)O2)c(=O)[nH]c1=O,50,49.0,True
SPE01502111,Spectrum,Nc1ncn([C@@H]2O[C@H](CO)[C@@H](O)[C@H]2O)c(=O)n1,51,50.0,True
SPE01502112,Spectrum,C[C@@H]1C[C@@H]([C@H](O)CC2CC(=O)NC(=O)C2)C(=O)[C@@H](C)C1,50,49.0,True
SPE01502127,Spectrum,CCS(=O)(=O)CCn1c([N+](=O)[O-])cnc1C,51,50.0,True
SPE01502150,Spectrum,CC(Cc1ccc(O)c(O)c1)(NN)C(=O)O,50,49.0,True
SPE01502195,Spectrum,NC(=O)CN1CCCC1=O,51,50.0,True
SPE01502196,Spectrum,CCC1(C)CC(=O)NC1=O,51,50.0,True
SPE01502197,Spectrum,CCN1CCCC(OC(=O)C(c2ccccc2)c2ccccc2)C1.Cl,52,51.0,True
SPE01502198,Spectrum,COc1ccc(C2C(=O)c3ccccc3C2=O)cc1,52,51.0,True
SPE01502203,Spectrum,CO[C@H]1C[C@H](O[C@H]2[C@H](C)[C@@H](OC3O[C@H](C)C[C@H](N(C)C)[C@H]3OC(C)=O)[C@@H](C)C[C@]3(CO3)C(=O)[C@H](C)[C@@H](OC(C)=O)[C@@H](C)[C@@H](C)OC(=O)[C@@H]2C)O[C@@H](C)[C@@H]1OC(C)=O,51,50.0,True
SPE01503001,Spectrum,O=C(O)c1ccccc1,51,50.0,True
SPE01503002,Spectrum,O=C(OCc1ccccc1)c1ccccc1,50,49.0,True
SPE01503004,Spectrum,O=C(OOC(=O)c1ccccc1)c1ccccc1,52,51.0,True
SPE01503014,Spectrum,NC(=O)c1ccc([N+](=O)[O-])cc1Cl,52,51.0,True
SPE01503038,Spectrum,O=C(O)C(O)C(O)C(=O)O.OCc1cccnc1,51,50.0,True
SPE01503065,Spectrum,CN(C)c1nc(N(C)C)nc(N(C)C)n1,50,49.0,True
SPE01503069,Spectrum,Nc1ccc(C(=O)NCC(=O)O)cc1,51,50.0,True
SPE01503070,Spectrum,Cl.OC(c1cc(C(F)(F)F)nc2c(C(F)(F)F)cccc12)C1CCCCN1,51,50.0,True
SPE01503073,Spectrum,CCN(CC)CCOC(=O)C(c1ccccc1)c1ccccc1.Cl,51,50.0,True
SPE01503076,Spectrum,CCOC(=O)[C@H](CCc1ccccc1)N[C@@H](C)C(=O)N1Cc2ccccc2C[C@H]1C(=O)O.Cl,51,50.0,True
SPE01502260,Spectrum,CCC(C)[C@H]1O[C@]2(C=C[C@@H]1C)C[C@@H]1C[C@@H](C/C=C(\C)[C@@H](OC3C[C@H](OC)C(O[C@H]4C[C@H](OC)[C@@H](O)[C@H](C)O4)[C@H](C)O3)[C@@H](C)/C=C/C=C3\CO[C@@H]4[C@H](O)C(C)=C[C@@H](C(=O)O1)[C@]34O)O2,51,50.0,True
SPE01503083,Spectrum,CN(C)CCCO[C@H]1[C@@H](C(O)CO)OC2OC(C)(C)O[C@@H]21.Cl,50,49.0,True
SPE01503086,Spectrum,CCN(CC)CCNC(=O)c1cc(S(C)(=O)=O)ccc1OC.Cl,51,50.0,True
SPE01503092,Spectrum,O=C1O[C@@H](CO)[C@H](O)[C@@H](O)[C@@H]1O,52,51.0,True
SPE01503101,Spectrum,CC1(C)S[C@@H]2[C@H](NC(=O)[C@H](NC(=O)N3CCNC3=O)c3ccccc3)C(=O)N2C1C(=O)[O-].[Na+],50,49.0,True
SPE01503102,Spectrum,CCOC(=O)OC(C)OC(=O)C1N2C(=O)C(NC(=O)[C@H](N)c3ccccc3)C2SC1(C)C.Cl,50,49.0,True
SPE01503104,Spectrum,NS(=O)(=O)c1cc2c(cc1C(F)(F)F)NC(Cc1ccccc1)NS2(=O)=O,52,51.0,True
SPE01503107,Spectrum,CN(Cc1cc(Br)cc(Br)c1N)C1CCCCC1.Cl,49,48.0,True
SPE01503111,Spectrum,CO/N=C(/C(=O)N[C@@H]1C(=O)N2C(C(=O)[O-])=C(CSc3nc(=O)c([O-])nn3C)CS[C@H]12)c1csc(N)n1.O.O.O.[Na+].[Na+],51,50.0,True
SPE01503115,Spectrum,CCOC(=O)C1=C[C@]2(CC)CCCN3CCc4c(n1c1ccccc41)[C@@H]32,52,51.0,True
SPE01503117,Spectrum,CC(CN(C)C)CN1c2ccccc2CCc2ccccc21.O=C(O)/C=C\C(=O)O,51,50.0,True
SPE01503118,Spectrum,CN(C)CCCN1c2ccccc2Sc2ccc(C(F)(F)F)cc21.Cl,50,49.0,True
SPE01503121,Spectrum,Cl.O=c1n(CCCN2CCN(c3cccc(Cl)c3)CC2)nc2ccccn12,51,50.0,True
SPE01503135,Spectrum,COc1ccc(CN(CCN(C)C)c2ncccn2)cc1.Cl,50,49.0,True
SPE01503136,Spectrum,CS(=O)(=O)c1ccc([C@@H](O)[C@@H](CO)NC(=O)C(Cl)Cl)cc1,51,50.0,True
SPE01503142,Spectrum,CN1C(C(=O)Nc2ccccn2)=C(O)c2sccc2S1(=O)=O,53,52.0,True
SPE01503200,Spectrum,CCCCCCCCCCCCCCCC[N+](C)(C)C.[Br-],52,51.0,True
SPE01503202,Spectrum,Oc1c(Cl)cc(Cl)c2cccnc12,51,50.0,True
SPE01503203,Spectrum,CN(C)CC/C=C1\c2ccccc2Sc2ccc(Cl)cc21.Cl,51,50.0,True
SPE01503204,Spectrum,C(=C/N1CCN(C(c2ccccc2)c2ccccc2)CC1)\Cc1ccccc1,52,51.0,True
SPE01503207,Spectrum,CN(C)CCC=C1c2ccccc2C=Cc2ccccc21.Cl,51,50.0,True
SPE01503210,Spectrum,CCC(=O)OCC(=O)[C@@]1(OC(=O)CC)[C@@H](C)CC2C3CCC4=CC(=O)C=C[C@]4(C)C3(F)[C@@H](O)C[C@@]21C,50,49.0,True
SPE01503214,Spectrum,CCc1cn(C2OCC(O)C2CO)c(=O)nc1O,52,51.0,True
SPE01503215,Spectrum,CCn1cc(C(=O)O)c(=O)c2cc(F)c(N3CCNCC3)nc21,52,51.0,True
SPE01503221,Spectrum,C#CC1(O)CCC2C3CCC4=CC(=O)CCC4(C)C3CCC21C,50,49.0,True
SPE01503223,Spectrum,N=C1C=CC(=C(c2cccc(N)c2)c2cccc(N)c2)C=C1.O=C(O)c1cc2ccccc2c(Cc2c(O)c(C(=O)O)cc3ccccc23)c1O,50,49.0,True
SPE01503227,Spectrum,C1CCC(C(CC2CCCCN2)C2CCCCC2)CC1.O=C(O)/C=C\C(=O)O,51,50.0,True
SPE01503229,Spectrum,CN(C)CCN(Cc1cccs1)c1ccccn1.Cl,51,50.0,True
SPE01503234,Spectrum,O=C1CCO1,52,51.0,True
SPE01503237,Spectrum,CC1(C)O[C@@H]2CC3C4CCC5=CC(=O)CCC5(C)C4(F)C(O)CC3(C)[C@]2(C(=O)CCl)O1,49,48.0,True
SPE01503239,Spectrum,CCN(CC)CCNc1ccc(CO)c2sc3ccccc3c(=O)c12,50,49.0,True
SPE01503240,Spectrum,CN(C)C(=O)Oc1ccc[n+](C)c1.[Br-],53,52.0,True
SPE01503242,Spectrum,Cc1cc(NC(=O)C2=C(O)c3ccccc3S(=O)(=O)N2C)no1,51,50.0,True
SPE01503243,Spectrum,CC(CCc1ccccc1)NCC(O)c1ccc(O)c(C(N)=O)c1.Cl,50,49.0,True
SPE01503245,Spectrum,Cl.c1ccc([C@H]2CN3CCSC3=N2)cc1,52,51.0,True
SPE01503250,Spectrum,CNC(C)(C)Cc1ccccc1.O=S(=O)(O)O,50,49.0,True
SPE01503251,Spectrum,C[C@H](N)[C@H](O)c1cccc(O)c1.O=C(O)[C@H](O)[C@@H](O)C(=O)O,49,48.0,True
SPE01503252,Spectrum,CC(=O)/N=c1\sc(S(N)(=O)=O)nn1C,52,51.0,True
SPE01503253,Spectrum,Cc1cc(C(C)(C)CC(C)(C)C)ccc1OCCOCC[N+](C)(C)Cc1ccccc1.[Cl-],52,51.0,True
SPE01503255,Spectrum,C[C@H]1CC2C([C@@H](O)C[C@@]3(C)C2CC[C@]3(O)C(=O)COC(=O)CCC(=O)[O-])[C@@]2(C)C=CC(=O)C=C12.[Na+],50,49.0,True
SPE01503256,Spectrum,COc1cc(NS(C)(=O)=O)ccc1Cc1c2ccccc2nc2ccccc12,51,50.0,True
SPE01503257,Spectrum,COc1ccc(OC)c(C(O)CNC(=O)CN)c1.Cl,50,49.0,True
SPE01503260,Spectrum,CC(C)(C)NCC(O)COc1cccc2c1C[C@H](O)[C@H](O)C2,50,49.0,True
SPE01503262,Spectrum,O=C1CC[C@@]2(O)[C@H]3Cc4ccc(O)c5c4C2(CCN3CC2CC2)[C@H]1O5,51,50.0,True
SPE01503263,Spectrum,NS(=O)(=O)c1cc2c(cc1Cl)NC(C1CC3C=CC1C3)NS2(=O)=O,52,51.0,True
SPE01503265,Spectrum,O=C(Nc1ccc([N+](=O)[O-])cc1Cl)c1cc(Cl)ccc1O,52,51.0,True
SPE01503269,Spectrum,CCCN1C[C@H](CSC)C[C@@H]2c3cccc4[nH]cc(c34)C[C@H]21.CS(=O)(=O)O,51,50.0,True
SPE01503270,Spectrum,CCCNC(C)C(=O)Nc1ccccc1C.Cl,50,49.0,True
SPE01503273,Spectrum,CCCC(=O)O[C@]1(C(=O)CO)CCC2[C@@H]3CCC4=CC(=O)CC[C@]4(C)C3[C@@H](O)C[C@@]21C,49,48.0,True
SPE01503276,Spectrum,CC[C@H]1OC(=O)[C@H](C)[C@@H](O[C@H]2C[C@@](C)(OC)[C@@H](O)[C@H](C)O2)[C@H](C)[C@@H](O[C@@H]2O[C@H](C)C[C@H](N(C)C)[C@H]2O)[C@](C)(O)C[C@@H](C)/C(=N\OCOCCOC)[C@H](C)[C@@H](O)[C@]1(C)O,52,51.0,True
SPE01503278,Spectrum,Cl.Cl.O=C1c2c(O)ccc(O)c2C(=O)c2c(NCCNCCO)ccc(NCCNCCO)c21,51,50.0,True
SPE01503279,Spectrum,CN(C(=O)CN(CCO)CC(=O)N(C)C(C)(C)Cc1ccccc1)C(C)(C)Cc1ccccc1,49,48.0,True
SPE01503298,Spectrum,Cc1c(N(C)CS(=O)(=O)[O-])c(=O)n(-c2ccccc2)n1C.[Na+],51,50.0,True
SPE01503301,Spectrum,Nc1ccc(S(=O)(=O)[O-])cc1.Nc1ccc(S(=O)(=O)[O-])cc1.[Zn+2],51,50.0,True
SPE01503304,Spectrum,CCOC(N)=O,52,51.0,True
SPE01503322,Spectrum,CN(C)C(=S)SSC(=S)N(C)C,51,50.0,True
SPE01503324,Spectrum,S=P(N1CC1)(N1CC1)N1CC1,52,51.0,True
SPE01503330,Spectrum,O=C1C(O)=C(O)C(=O)C(O)=C1O,50,49.0,True
SPE01503393,Spectrum,O=C(CCBr)N1CCN(C(=O)CCBr)CC1,52,51.0,True
SPE01503412,Spectrum,O=C(Cn1ccnc1[N+](=O)[O-])NCCO,50,49.0,True
SPE01503419,Spectrum,CCN(CC)CCOC(=O)C(Cc1cccc2ccccc12)CC1CCCO1.O=C(O)C(=O)O,50,49.0,True
SPE01503420,Spectrum,O=C(O)/C=C\C(=O)O.c1ccc2nc(N3CCNCC3)ccc2c1,52,51.0,True
SPE01503421,Spectrum,Cc1nc2sccn2c(=O)c1CCN1CCC(=C(c2ccc(F)cc2)c2ccc(F)cc2)CC1,50,49.0,True
SPE01503429,Spectrum,CCOC(=O)C(C)(C)Oc1ccc(Cl)cc1,53,52.0,True
SPE01503500,Spectrum,CC(=O)Oc1cccc(O)c1,51,50.0,True
SPE01503600,Spectrum,COCCOC(=O)C1=C(C)NC(C)=C(C(=O)OC(C)C)C1c1cccc([N+](=O)[O-])c1,50,49.0,True
SPE01503607,Spectrum,O=C1CCC(N2C(=O)c3ccccc3C2=O)C(=O)N1,52,51.0,True
SPE01503610,Spectrum,CCCCCCCCCCCCC[N+](C)(C)Cc1ccccc1.[Cl-],50,49.0,True
SPE01503611,Spectrum,CC(=O)CCCCn1c(=O)c2c(ncn2C)n(C)c1=O,50,49.0,True
SPE01503614,Spectrum,O=C(O)c1cn(C2CC2)c2cc(N3CCNCC3)c(F)cc2c1=O,50,49.0,True
SPE01503632,Spectrum,CC(=O)Nc1ccc(OCC(O)CNC(C)C)cc1,51,50.0,True
SPE01503650,Spectrum,COc1ccc2cc(CCC(C)=O)ccc2c1,51,50.0,True
SPE01503678,Spectrum,Cc1ccc(-c2cc(C(F)(F)F)nn2-c2ccc(S(N)(=O)=O)cc2)cc1,53,52.0,True
SPE01503679,Spectrum,CC[C@H]1OC(=O)[C@H](C)[C@@H](O[C@H]2C[C@@](C)(OC)[C@@H](O)[C@H](C)O2)[C@H](C)[C@@H](O[C@@H]2O[C@H](C)C[C@H](N(C)C)[C@H]2O)[C@](C)(O)C[C@@H](C)CN(C)[C@H](C)[C@@H](O)[C@]1(C)O,52,51.0,True
SPE01503708,Spectrum,CC(C)(C)c1ccc(C(O)CCCN2CCC(C(O)(c3ccccc3)c3ccccc3)CC2)cc1,50,49.0,True
SPE01503710,Spectrum,COC(=O)[C@H](c1ccccc1Cl)N1CCc2sccc2C1.O=S(=O)(O)O,52,51.0,True
SPE01503712,Spectrum,CCOC(=O)N1CCC(=C2c3ccc(Cl)cc3CCc3cccnc32)CC1,51,50.0,True
SPE01503720,Spectrum,CO[C@H]1CC(O[C@@H]2/C(C)=C/C[C@@H]3C[C@@H](C[C@]4(CC[C@H](C)[C@@H](C5CCCCC5)O4)O3)OC(=O)[C@@H]3C=C(C)/C(=N/O)[C@H]4OC/C(=C\C=C\[C@@H]2C)[C@]43O)O[C@@H](C)C1O,51,50.0,True
SPE01503721,Spectrum,CCN1CCN(c2cc3c(cc2F)c(=O)c(C(=O)O)cn3C2CC2)CC1,51,50.0,True
SPE01503722,Spectrum,CC(C)c1c(C(=O)c2ccccc2)c(-c2ccccc2)c(-c2ccc(F)cc2)n1CC[C@@H](O)C[C@@H](O)CC(=O)[O-].[Ca+2],49,48.0,True
SPE01503801,Spectrum,COc1ccc2cc([C@H](C)CO)ccc2c1,51,50.0,True
SPE01503807,Spectrum,O=[N+]([O-])O[C@@H]1CO[C@H]2[C@@H]1OC[C@@H]2O,50,49.0,True
SPE01503816,Spectrum,CC(=O)OCC(=O)[C@@]12OC3(CCCC3)O[C@@H]1CC1C3CCC4=CC(=O)C=C[C@]4(C)[C@@]3(F)[C@@H](O)C[C@@]12C,51,50.0,True
SPE01503818,Spectrum,CCCCN1CCCCC1C(=O)Nc1c(C)cccc1C.Cl,52,51.0,True
SPE01503903,Spectrum,CCCSc1ccc2nc(NC(=O)OC)[nH]c2c1,52,51.0,True
SPE01503914,Spectrum,CCCCN(CCCC)CCCOC(=O)c1ccc(N)cc1,51,50.0,True
SPE01503918,Spectrum,CCC(=O)O[C@]1(C(=O)CCl)[C@@H](C)CC2C3CCC4=CC(=O)C=C[C@]4(C)[C@@]3(F)[C@@H](O)C[C@@]21C,50,49.0,True
SPE01503919,Spectrum,CC1CCCC(C)N1NC(=O)c1ccc(Cl)c(S(N)(=O)=O)c1,50,49.0,True
SPE01503923,Spectrum,CCC(Cc1c(I)cc(I)c(N)c1I)C(=O)O,51,50.0,True
SPE01503925,Spectrum,NC(CO)(CO)CO.O=C(c1ccccc1)c1ccc2n1CCC2C(=O)O,52,51.0,True
SPE01503929,Spectrum,Cc1cccc(C)c1OCC(C)N.Cl,47,46.1,True
SPE01503931,Spectrum,Cc1ccsc1/C=C/C1=NCCCN1C.O=C(O)CC(O)(CC(=O)O)C(=O)O,48,47.1,True
SPE01503932,Spectrum,CN1CCCN=C1COC(=O)C(O)(c1ccccc1)C1CCCCC1.Cl,47,46.1,True
SPE01503934,Spectrum,OCCN1CCN(CCCN2c3ccccc3Sc3ccc(Cl)cc32)CC1,47,46.1,True
SPE01503935,Spectrum,CCCNCC(O)COc1ccccc1C(=O)CCc1ccccc1.Cl,47,46.1,True
SPE01503926,Spectrum,Cc1c(OCC(F)(F)F)ccnc1CS(=O)c1nc2ccccc2[nH]1,47,46.1,True
SPE01503938,Spectrum,NC(=O)c1ncn([C@@H]2O[C@H](CO)[C@@H](O)[C@H]2O)n1,47,46.1,True
SPE01503978,Spectrum,CCN(CCO)CCCC(C)Nc1ccnc2cc(Cl)ccc12.O=S(=O)(O)O,49,48.0,True
SPE01503985,Spectrum,CN(C)CCC(c1ccc(Br)cc1)c1ccccn1.O=C(O)/C=C\C(=O)O,45,44.1,True
SPE01504085,Spectrum,Cl.Fc1ccc([C@@H]2CCNC[C@H]2COc2ccc3c(c2)OCO3)cc1,47,46.1,True
SPE01504088,Spectrum,CCC(N)C(O)c1ccc(O)c(O)c1.Cl,47,46.1,True
SPE01504094,Spectrum,COc1cc([C@@H]2c3cc4c(cc3C(O[C@@H]3O[C@@H]5CO[C@@H](c6cccs6)OC5[C@H](O)[C@H]3O)C3COC(=O)[C@@H]32)OCO4)cc(OC)c1O,46,45.1,True
SPE01504099,Spectrum,CCCc1nn(C)c2c(=O)[nH]c(-c3cc(S(=O)(=O)N4CCN(C)CC4)ccc3OCC)nc12,46,45.1,True
SPE01504136,Spectrum,CC(N)C(=O)OC(C)(C)Cc1ccc(Cl)cc1,47,46.1,True
SPE01504142,Spectrum,CC(=O)Nc1c(I)cc(I)c(C(=O)O)c1I,47,46.1,True
SPE01504144,Spectrum,CC[C@H]1OC(=O)[C@H](C)[C@@H](O[C@H]2C[C@@](C)(OC)[C@@H](O)[C@H](C)O2)[C@H](C)[C@@H](O[C@@H]2O[C@H](C)C[C@H](N(C)C)[C@H]2O)[C@](C)(O)C[C@@H](C)[C@@H]2N[C@@H](COCCOC)O[C@H]([C@H]2C)[C@]1(C)O,48,47.1,True
SPE01504148,Spectrum,Cc1cccc(C)c1NC(=O)C1CCCCN1C.Cl,46,45.1,True
SPE01504152,Spectrum,CC1(C)NC(=O)N(c2ccc([N+](=O)[O-])c(C(F)(F)F)c2)C1=O,47,46.1,True
SPE01504171,Spectrum,COc1ccc(C(CN(C)C)C2(O)CCCCC2)cc1,48,47.1,True
SPE01504172,Spectrum,CN(C)CCCC1(c2ccc(F)cc2)OCc2cc(C#N)ccc21,46,45.1,True
SPE01504173,Spectrum,CNCCC(Oc1ccc(C(F)(F)F)cc1)c1ccccc1.Cl,48,47.1,True
SPE01504174,Spectrum,CC(NC(C)(C)C)C(=O)c1cccc(Cl)c1.Cl,47,46.1,True
SPE01504175,Spectrum,CO/N=C(/C(=O)NC1C(=O)N2C(C(=O)OC(C)OC(C)=O)=C(COC(N)=O)CSC12)c1ccco1,47,46.1,True
SPE01504179,Spectrum,CC(C)(C(=O)O)c1ccc(C(O)CCCN2CCC(C(O)(c3ccccc3)c3ccccc3)CC2)cc1.Cl,47,46.1,True
SPE01504183,Spectrum,O=c1[nH]c(=O)n(C2C[C@H](O)[C@@H](CO)O2)cc1C(F)(F)F,47,46.1,True
SPE01504184,Spectrum,Cl.NCC(=O)CCC(=O)O,46,45.1,True
SPE01504188,Spectrum,Cc1nc2ccccn2c(=O)c1CCN1CCC(C(=O)c2ccc(F)cc2)CC1,47,46.1,True
SPE01504190,Spectrum,COc1ccc(C(=O)CC(=O)c2ccc(C(C)(C)C)cc2)cc1,47,46.1,True
SPE01504210,Spectrum,O=C1C(O)=C([C@H]2CC[C@H](c3ccc(Cl)cc3)CC2)C(=O)c2ccccc21,46,45.1,True
SPE01504211,Spectrum,CC(C)NC(=N)NC(=N)Nc1ccc(Cl)cc1.Cl,46,45.1,True
SPE01504214,Spectrum,COc1cc(C(=O)N2CCOCC2)cc(OC)c1OC,47,46.1,True
SPE01504216,Spectrum,Nc1nc2cc(Cl)ccc2o1,47,46.1,True
SPE01504218,Spectrum,CCCCCCc1ccc(O)cc1O.Nc1c2ccccc2nc2ccccc12,47,46.1,True
SPE01504226,Spectrum,Cl.NCCS,47,46.1,True
SPE01504229,Spectrum,Cc1cc(C)cc(OCC2CNC(=O)O2)c1,47,46.1,True
SPE01505222,Spectrum,COc1ccc(-c2cc(C(F)F)nn2-c2ccc(S(N)(=O)=O)cc2)cc1F,47,46.1,True
SPE01504235,Spectrum,CS(=O)(=O)c1ccc(C2=C(c3ccccc3)C(=O)OC2)cc1,47,46.1,True
SPE01504236,Spectrum,CCC(C)(C)C(=O)O[C@H]1C[C@@H](C)C=C2C=C[C@H](C)[C@H](CC[C@@H]3C[C@@H](O)CC(=O)O3)[C@H]21,47,46.1,True
SPE01504237,Spectrum,Oc1ccc(O)cc1,47,46.1,True
SPE01504243,Spectrum,NC(=O)N1c2ccccc2CC(=O)c2ccccc21,46,45.1,True
SPE01504257,Spectrum,COc1ccccc1OCCNCC(O)COc1cccc2[nH]c3ccccc3c12,47,46.1,True
SPE01504258,Spectrum,CC(C)[C@H]1CC[C@H](C(=O)N[C@@H](Cc2ccccc2)C(=O)O)CC1,47,46.1,True
SPE01504259,Spectrum,CCCCC1=NC2(CCCC2)C(=O)N1Cc1ccc(-c2ccccc2-c2nnn[nH]2)cc1,49,48.0,True
SPE01505022,Spectrum,CC(C)c1cccc(C(C)C)c1O,46,45.1,True
SPE01504261,Spectrum,CCOc1nc2cccc(C(=O)OC(C)OC(=O)OC3CCCCC3)c2n1Cc1ccc(-c2ccccc2-c2nnn[nH]2)cc1,47,46.1,True
SPE01504263,Spectrum,CN(CCOc1ccc(CC2SC(=O)NC2=O)cc1)c1ccccn1,46,45.1,True
SPE01504268,Spectrum,CCCCc1nc(Cl)c(CO)n1Cc1ccc(-c2ccccc2-c2nnn[nH]2)cc1,45,44.1,True
SPE01504269,Spectrum,O=C([O-])CC(O)(CC(=O)[O-])C(=O)[O-].[Li+].[Li+].[Li+],48,47.1,True
SPE01504272,Spectrum,COc1c(N2CCNC(C)C2)c(F)cc2c(=O)c(C(=O)O)cn(C3CC3)c12,46,45.1,True
SPE01504273,Spectrum,OCCN1C[C@@H](O)[C@@H](O)C(O)C1CO,46,45.1,True
SPE01504402,Spectrum,Cc1ccc(O)c(C(CCN(C(C)C)C(C)C)c2ccccc2)c1.O=C(O)C(O)C(O)C(=O)O,47,46.1,True
SPE01504303,Spectrum,COc1c(CN2CC[C@@H]3CCCN[C@@H]3C2)c(F)cc2c(=O)c(C(=O)O)cn(C3CC3)c12.Cl,46,45.1,True
SPE01504401,Spectrum,CCc1ccc(CCOc2ccc(CC3SC(=O)NC3=O)cc2)nc1.Cl,48,47.1,True
SPE01500363,Spectrum,OC[C@H]1O[C@@H](O[C@@H]2[C@@H](CO)O[C@](O)(CO)[C@H]2O)[C@H](O)[C@@H](O)[C@H]1O,46,45.1,True
SPE01505003,Spectrum,CN1CCC(=C2c3ccccc3CCc3sccc32)CC1.O=C(O)CC(O)C(=O)O,48,47.1,True
SPE01504403,Spectrum,COc1cc2c(cc1OC)C(=O)C(CC1CCN(Cc3ccccc3)CC1)C2.Cl,47,46.1,True
SPE01505020,Spectrum,CC1CC(OC(=O)c2ccccc2O)CC(C)(C)C1,47,46.1,True
SPE01505024,Spectrum,Cc1cc2c(s1)Nc1ccccc1N=C2N1CCN(C)CC1,49,48.0,True
SPE01504260,Spectrum,C[C@H]1COc2c(N3CCN(C)CC3)c(F)cc3c(=O)c(C(=O)O)cn1c23,47,46.1,True
SPE01505111,Spectrum,C=C(NC(=O)C(=C)NC(=O)c1csc(C2=NC3c4csc(n4)C4NC(=O)c5csc(n5)C(C(C)(O)C(C)O)NC(=O)C5CSC(=N5)/C(=C\C)NC(=O)C(C(C)O)NC(=O)c5csc(n5)C3(CC2)NC(=O)C(C)NC(=O)C(=C)NC(=O)C(C)NC(=O)C(C(C)CC)NC2C=Cc3c(C(C)O)cc(nc3C2O)C(=O)OC4C)n1)C(N)=O,48,47.1,True
SPE01505112,Spectrum,CC[C@@H]1OC(=O)C[C@@H](O)[C@H](C)[C@@H](O[C@@H]2O[C@H](C)[C@@H](O)[C@H](N(C)C)[C@H]2O)[C@@H](CCN2C[C@H](C)C[C@H](C)C2)C[C@@H](C)C(=O)/C=C/C(C)=C\[C@@H]1CO[C@@H]1O[C@H](C)[C@@H](O)[C@@H](OC)[C@H]1OC,46,45.1,True
SPE01505113,Spectrum,CNC[C@H](O)[C@@H](O)[C@H](O)[C@H](O)CO.Cc1c(Nc2ncccc2C(=O)O)cccc1C(F)(F)F,47,46.1,True
SPE01505114,Spectrum,Oc1c(I)cc(Cl)c2cccnc12,47,46.1,True
SPE01500440,Spectrum,CCn1cc(C(=O)O)c(=O)c2cc(F)c(N3CCNCC3)cc21,46,45.1,True
SPE01505116,Spectrum,C1CNCCN1.C[C@]12CCC3c4ccc(OS(=O)(=O)O)cc4CCC3C1CCC2=O,47,46.1,True
SPE01505124,Spectrum,O=C(O)[C@H]1/C(=C/CO)O[C@@H]2CC(=O)N21.[LiH],46,45.1,True
SPE01505115,Spectrum,Nc1cc(C(Cl)=C(Cl)Cl)c(S(N)(=O)=O)cc1S(N)(=O)=O,46,45.1,True
SPE01505166,Spectrum,NCCCC(O)(P(=O)(O)O)P(=O)(O)O.O.O.O.[Na+],47,46.1,True
SPE01505178,Spectrum,CCCN(CCC)CCc1cccc2c1CC(=O)N2,48,47.1,True
SPE01505187,Spectrum,OCCOCCN1CCN(C2=Nc3ccccc3Sc3ccccc32)CC1,47,46.1,True
SPE01505189,Spectrum,CN(C)CCc1c[nH]c2ccc(Cn3cncn3)cc12.O=C(O)c1ccccc1,46,45.1,True
SPE01505200,Spectrum,CCOC(=O)[C@H](CCc1ccccc1)N[C@H]1CCc2ccccc2N(CC(=O)O)C1=O.Cl,47,46.1,True
SPE01505201,Spectrum,CC(=O)OCC(CCn1cnc2cnc(N)nc21)COC(C)=O,47,46.1,True
SPE00330079,Spectrum,CC1(C)C2(Cl)C(Cl)C(Cl)C(Cl)(C(Cl)Cl)C1(Cl)C2Cl,47,46.1,True
SPE01505203,Spectrum,O=C1[C@H](CCC(O)c2ccc(F)cc2)[C@@H](c2ccc(O)cc2)N1c1ccc(F)cc1,47,46.1,True
SPE01505205,Spectrum,CCCc1nc(C(C)(C)O)c(C(=O)OCc2oc(=O)oc2C)n1Cc1ccc(-c2ccccc2-c2nn[nH]n2)cc1,46,45.1,True
SPE01505207,Spectrum,Nc1nc(/C(=C/CC(=O)O)C(=O)N[C@@H]2C(=O)N3C(C(=O)O)=CCS[C@H]23)cs1,45,44.1,True
SPE01505208,Spectrum,C=CC1=C(C(=O)O)N2C(=O)[C@@H](NC(=O)/C(=N\O)c3csc(N)n3)[C@H]2SC1,46,45.1,True
SPE01505209,Spectrum,CCCCC(=O)N(Cc1ccc(-c2ccccc2-c2nn[nH]n2)cc1)[C@H](C(=O)O)C(C)C,47,46.1,True
SPE01505210,Spectrum,CC(C)CC(N(C)C)C1(c2ccc(Cl)cc2)CCC1.Cl,47,46.1,True
SPE01505212,Spectrum,CC(C)(C)N.CCC[C@H](N[C@@H](C)C(=O)N1[C@H](C(=O)O)C[C@@H]2CCCC[C@@H]21)C(=O)OCC,47,46.1,True
SPE01505213,Spectrum,CC(C)c1nc(N(C)S(C)(=O)=O)nc(-c2ccc(F)cc2)c1/C=C/[C@@H](O)C[C@@H](O)CC(=O)[O-].[Ca+2],47,46.1,True
SPE01505214,Spectrum,CCOC(=O)[C@H](CCc1ccccc1)N[C@@H](C)C(=O)N1[C@H](C(=O)O)C[C@@H]2CCC[C@@H]21,47,46.1,True
SPE01501161,Spectrum,CC(C(=O)O)c1ccc(C(=O)c2cccs2)cc1,46,45.1,True
SPE01505230,Spectrum,O=C1CCc2cc(OCCCCc3nnnn3C3CCCCC3)ccc2N1,46,45.1,True
SPE01505244,Spectrum,C[N+](C)(C)CCOP(=O)([O-])OP(=O)(O)OC[C@H]1OC(n2ccc(N)nc2=O)[C@H](O)[C@@H]1O,47,46.1,True
SPE01505248,Spectrum,C[C@]12CCC(=O)C=C1C=CC1C2CC[C@@]2(C)C1CC[C@@]21CCC(=O)O1,46,45.1,True
SPE01505261,Spectrum,CCCc1nc2c(C)cc(-c3nc4ccccc4n3C)cc2n1Cc1ccc(-c2ccccc2C(=O)O)cc1,48,47.1,True
SPE01505262,Spectrum,CN[C@H]1CC[C@@H](c2ccc(Cl)c(Cl)c2)c2ccccc21.Cl,47,46.1,True
SPE01505267,Spectrum,O=C(O)CCc1nc(-c2ccccc2)c(-c2ccccc2)o1,47,46.1,True
SPE01505270,Spectrum,CC(C)NCC(O)COc1cccc2ccccc12.Cl,47,46.1,True
SPE01505271,Spectrum,C/C=C/C(=O)N(CC)c1ccccc1C,47,46.1,True
SPE01505281,Spectrum,CN(C)CCc1c[nH]c2ccc(C[C@H]3COC(=O)N3)cc12,46,45.1,True
SPE01505761,Spectrum,Cc1ncc(C[n+]2csc(CCO)c2C)c(O)n1.Cl.[Cl-],47,46.1,True
SPE01505296,Spectrum,COC(=O)Nc1nc2ccc(S(=O)c3ccccc3)cc2[nH]1,47,46.1,True
SPE01505299,Spectrum,Cc1ccc(/N=C/N(C)/C=N/c2ccc(C)cc2C)c(C)c1,47,46.1,True
SPE01505305,Spectrum,CCn1cc(C(=O)O)c(=O)c2cc(F)c(N3CCN(C)CC3)cc21.CS(=O)(=O)O,47,46.1,True
SPE01505306,Spectrum,COC(=O)[C@H](Cc1ccccc1)NC(=O)[C@@H](N)CC(=O)O,47,46.1,True
SPE01505308,Spectrum,C=Cc1c(C)c2[n]3c1C=c1c(C)c(CC)c4[n]1[Cu]31[n]3c(c(C)c5c3C(=c3c(CCC(=O)[O-])c(C)c([n]31)=C2)C(C(=O)[O-])C5=O)C=4.[Na+].[Na+],46,45.1,True
SPE01505309,Spectrum,c1ccc(-c2ccc(C(c3ccccc3)n3ccnc3)cc2)cc1,47,46.1,True
SPE01505314,Spectrum,Cl.O=C(O)c1cn(-c2ccc(F)cc2)c2cc(N3CCNCC3)c(F)cc2c1=O,46,45.1,True
SPE01505319,Spectrum,Cc1nc(C)c(Cl)c(O)c1Cl,46,45.1,True
SPE01505321,Spectrum,CO[C@H]1/C=C/O[C@@]2(C)Oc3c(C)c(O)c4c(O)c(c5c(nc6cc(C)ccn65)c4c3C2=O)NC(=O)/C(C)=C\C=C\[C@H](C)[C@H](O)[C@@H](C)C(O)[C@@H](C)[C@H](OC(C)=O)[C@@H]1C,46,45.1,True
SPE01505327,Spectrum,CC(=O)O[C@]1(C(C)=O)CCC2C3C=C(Cl)C4=CC(=O)CC[C@]4(C)C3CC[C@@]21C,47,46.1,True
SPE01505332,Spectrum,O=C(CCCN1CCN(c2ccccn2)CC1)c1ccc(F)cc1,46,45.1,True
SPE01505340,Spectrum,CN1CCCC(n2nc(Cc3ccc(Cl)cc3)c3ccccc3c2=O)CC1.Cl,46,45.1,True
SPE01505348,Spectrum,Nc1nc2ccc(OC(F)(F)F)cc2s1,46,45.1,True
SPE01505354,Spectrum,N#Cc1nn(-c2c(Cl)cc(C(F)(F)F)cc2Cl)c(N)c1S(=O)C(F)(F)F,47,46.1,True
SPE01505356,Spectrum,CCCCCCCCCCOc1cc2c(O)c(C(=O)OCC)cnc2cc1OCC,47,46.1,True
SPE01505360,Spectrum,CO/N=C(\C(=O)NC1C(=O)N2C(C(=O)OCOC(=O)C(C)(C)C)=C(/C=C\c3scnc3C)CSC12)c1csc(N)n1,46,45.1,True
SPE01505361,Spectrum,NC(=O)CS(=O)C(c1ccccc1)c1ccccc1,47,46.1,True
SPE01505364,Spectrum,C/C=C\C1=C(C(=O)O)N2C(=O)C(NC(=O)C(N)c3ccc(O)cc3)C2SC1,47,46.1,True
SPE01505366,Spectrum,COc1ccccc1OCC(O)CN1CCN(CC(=O)Nc2c(C)cccc2C)CC1,47,46.1,True
SPE01505368,Spectrum,CC(C)[C@H](N)C(=O)OCCOCn1cnc2c(=O)[nH]c(N)nc21.Cl,45,44.1,True
SPE01505371,Spectrum,Cl.Cl.O=C(O)COCCN1CCN(C(c2ccccc2)c2ccc(Cl)cc2)CC1,47,46.1,True
SPE01505372,Spectrum,CNS(=O)(=O)Cc1ccc2[nH]cc(CCN(C)C)c2c1,46,45.1,True
SPE01505374,Spectrum,CCCc1nc(C)c2c(=O)[nH]c(-c3cc(S(=O)(=O)N4CCN(CC)CC4)ccc3OCC)nn12.Cl,46,45.1,True
SPE01505376,Spectrum,CC(=O)Nc1ccc(S(=O)(=O)c2ccc(NC(C)=O)cc2)cc1,46,45.1,True
SPE01505384,Spectrum,CCOC(=O)C(C)(N)Cc1ccc(O)c(O)c1.Cl,48,47.1,True
SPE01505385,Spectrum,CNCC[C@@H](Oc1ccccc1)c1ccccc1.Cl,47,46.1,True
SPE01505387,Spectrum,CNCC[C@H](Oc1cccc2ccccc12)c1cccs1.Cl,48,47.1,True
SPE01505389,Spectrum,COc1cccc([C@]2(O)CCCC[C@H]2CN(C)C)c1.Cl,46,45.1,True
SPE01505390,Spectrum,COC(=O)C1=C(C)NC(C)=C(C(=O)OCC(C)C)C1c1ccccc1[N+](=O)[O-],47,46.1,True
SPE01505392,Spectrum,CN(C/C=C/C#CC(C)(C)C)Cc1cccc2ccccc12.Cl,47,46.1,True
SPE01505393,Spectrum,Clc1ccc2c(c1)CCc1cccnc1C2=C1CCNCC1,45,44.1,True
SPE01505396,Spectrum,O=C1OC2(c3ccc(O)cc3Oc3cc(O)ccc32)c2ccccc21,47,46.1,True
SPE01505398,Spectrum,OCCc1ccccc1,47,46.1,True
SPE01505399,Spectrum,CCN(CC)CC#CCOC(=O)C(O)(c1ccccc1)C1CCCCC1.Cl,47,46.1,True
SPE01505410,Spectrum,O=C(CNC(=O)c1ccc(Cl)cc1)NO,45,44.1,True
SPE01505411,Spectrum,O=C(Oc1cccc2cccnc12)c1ccccc1,47,46.1,True
SPE01505412,Spectrum,O=C1[O][Bi]([OH])[O]c2ccccc21,47,46.1,True
SPE01505413,Spectrum,O=C(Nc1ccc(C(=O)O)c(O)c1)c1ccccc1,47,46.1,True
SPE01505414,Spectrum,O=C1c2ccccc2C(=O)C1c1ccc(Br)cc1,47,46.1,True
SPE01505417,Spectrum,COc1cc(C(=O)NCCCCCC(=O)O)cc(OC)c1OC,47,46.1,True
SPE01505425,Spectrum,CC(=O)c1ccc(S(=O)(=O)NC(=O)NC2CCCCC2)cc1,46,45.1,True
SPE01505426,Spectrum,CCOc1ccc2nc(S(N)(=O)=O)sc2c1,47,46.1,True
SPE01505432,Spectrum,Cc1cn[nH]c1.Cl,46,45.1,True
SPE01505436,Spectrum,O.OC[C@@H](O)C(O[C@@H]1O[C@H](CO)[C@H](O)[C@H](O)[C@H]1O)[C@H](O)[C@@H](O)CO,47,46.1,True
SPE01505437,Spectrum,C[N+](C)(C)C[C@H](O)CC(=O)[O-],47,46.1,True
SPE01505438,Spectrum,CCCCC(=O)O[C@]1(C(=O)CO)CCC2C3CCC4=CC(=O)CC[C@]4(C)C3[C@@H](O)C[C@@]21C,46,45.1,True
SPE01505440,Spectrum,CCOC(=O)Nc1nc2ccccc2[nH]1,47,46.1,True
SPE01505444,Spectrum,CN(C)c1ccc2nc3ccc(N(C)C)cc3[s+]c2c1.O.[Cl-],47,46.1,True
SPE01505467,Spectrum,C=CCCCCCCCCC(=O)[O-].C=CCCCCCCCCC(=O)[O-].[Zn+2],46,45.1,True
SPE01505445,Spectrum,C[N+]1(C)C2CCC1CC(OC(=O)C(CO)c1ccccc1)C2.O=[N+]([O-])[O-],47,46.1,True
SPE01505450,Spectrum,C[C@]12C=CC(=O)C=C1CCC1C2[C@@H](O)C[C@@]2(C)C1CC[C@]2(O)C(=O)COC(=O)CCC(=O)O,46,45.1,True
SPE01505461,Spectrum,CC(=O)Nc1ccc(S(=O)(=O)Nc2onc(C)c2C)cc1,47,46.1,True
SPE01505463,Spectrum,NCCS(=O)(=O)O,47,46.1,True
SPE01505465,Spectrum,Oc1cc(Cl)ccc1Oc1ccc(Cl)cc1Cl,47,46.1,True
SPE01505468,Spectrum,C=CCCCCCCCCC(=O)O,46,45.1,True
SPE01505474,Spectrum,O=C(O)C1=C(CSc2nnnn2CS(=O)(=O)[O-])CS[C@@H]2C(NC(=O)[C@H](O)c3ccccc3)C(=O)N12.[Na+],46,45.1,True
SPE01505480,Spectrum,O=P1(NCCCl)OCCCN1CCCl,47,46.1,True
SPE01505483,Spectrum,COc1cccc2c1C(=O)c1c(O)c3c(c(O)c1C2=O)C[C@@](O)(C(=O)CO)C[C@@H]3OC1C[C@H](N)[C@H](O)[C@H](C)O1,47,46.1,True
SPE01505498,Spectrum,CC(=O)c1ccc2c(c1)N(CCCN(C)C)c1ccccc1S2.O=C(O)/C=C\C(=O)O,46,45.1,True
SPE01505514,Spectrum,OC(CCN1CCCCC1)(c1ccccc1)C1CC2C=CC1C2,48,47.1,True
SPE01505530,Spectrum,CN(C)CCC(c1ccc(Cl)cc1)c1ccccn1.O=C(O)/C=C\C(=O)O,45,44.1,True
SPE01505532,Spectrum,CN(C(=O)C(Cl)Cl)c1ccc(OC(=O)c2ccco2)cc1,47,46.1,True
SPE01505537,Spectrum,CC(O)(P(=O)([O-])O)P(=O)([O-])O.[Na+].[Na+],47,46.1,True
SPE01505551,Spectrum,CC(C)(C)NCC(O)COc1cccc2c1CCCC2=O.Cl,47,46.1,True
SPE01505560,Spectrum,CC1C/C=C/C=C/C=C/C=C/C(O[C@@H]2O[C@H](C)[C@@H](O)[C@H](N)[C@@H]2O)CC2OC(O)(CC(O)CC3OC3/C=C/C(=O)O1)CC(O)C2C(=O)O,47,46.1,True
SPE01505562,Spectrum,C#C[C@]1(OC(C)=O)CCC2C3CCC4=C/C(=N/O)CCC4C3CC[C@@]21CC,47,46.1,True
SPE01505581,Spectrum,Clc1ccc(C(Cn2ccnc2)OCc2ccsc2Cl)c(Cl)c1,46,45.1,True
SPE01505584,Spectrum,CN1C[C@H](C(=O)N[C@]2(C)C[C@@]3(O)C4CCCN4C(=O)[C@H](Cc4ccccc4)N3C2=O)C=C2c3cccc4[nH]cc(c34)C[C@H]21.O=C(O)[C@H](O)[C@@H](O)C(=O)O,46,45.1,True
SPE01505590,Spectrum,Cl.O=C1CN2Cc3c(ccc(Cl)c3Cl)N=C2N1,45,44.1,True
SPE01505665,Spectrum,CNS(=O)(=O)c1ccc(NC(=O)c2ccccc2C(=O)O)cc1.c1cscn1,47,46.1,True
SPE01505599,Spectrum,CCOC(=O)c1cncn1C(C)c1ccccc1,47,46.1,True
SPE01505600,Spectrum,NC(=O)OCC(COC(N)=O)c1ccccc1,47,46.1,True
SPE01505610,Spectrum,Nc1nnc(-c2cccc(Cl)c2Cl)c(N)n1,47,46.1,True
SPE01505622,Spectrum,Cl.O=C(c1ccc(OCCN2CCCCC2)cc1)c1c(-c2ccc(O)cc2)sc2cc(O)ccc12,47,46.1,True
SPE01505637,Spectrum,COCC1=C(C(=O)OC(C)OC(=O)OC(C)C)N2C(=O)[C@@H](NC(=O)/C(=N/OC)c3csc(N)n3)[C@H]2SC1,46,45.1,True
SPE01505650,Spectrum,CC(CC(C(N)=O)(c1ccccc1)c1ccccc1)N(C)C.O=S(=O)(O)O,47,46.1,True
SPE01505652,Spectrum,Nc1ccc([As](=O)(O)O)cc1,47,46.1,True
SPE01505656,Spectrum,CC(C)(CO)C(O)C(=O)NCCCO,47,46.1,True
SPE01505660,Spectrum,CC(C)(N)Cc1ccccc1,46,45.1,True
SPE00330037,Spectrum,CSc1nc(NC(C)C)nc(NC(C)C)n1,46,45.1,True
SPE01505677,Spectrum,Cl.Clc1ccccc1CN1CCc2sccc2C1,48,47.1,True
SPE01505675,Spectrum,Cl.Cl.NCCNCCNCCN,47,46.1,True
SPE01505678,Spectrum,CC1(C)S[C@@H]2[C@H](NC(=O)[C@H](C(=O)[O-])c3cccs3)C(=O)N2[C@H]1C(=O)[O-].[Na+].[Na+],47,46.1,True
SPE01505681,Spectrum,Cc1cc(-n2c(=O)[nH]c(=O)n(C)c2=O)ccc1Oc1ccc(SC(F)(F)F)cc1,47,46.1,True
SPE01505682,Spectrum,CN(C)CCOc1ccc(/C(=C(/CCCl)c2ccccc2)c2ccccc2)cc1.O=C(O)CC(O)(CC(=O)O)C(=O)O,45,44.1,True
SPE01505684,Spectrum,CN(C)[C@@H]1C(O)=C(C(=O)NCN2CCCC2)C(=O)[C@@]2(O)C(O)=C3C(=O)c4c(O)cccc4[C@@](C)(O)[C@H]3C[C@@H]12,47,46.1,True
SPE01505688,Spectrum,CCCOc1ccc(C(=O)OCCN(CC)CC)cc1N.Cl,47,46.1,True
SPE01505690,Spectrum,NC(=O)C1(N2CCCCC2)CCN(CCCC(=O)c2ccc(F)cc2)CC1,47,46.1,True
SPE01505692,Spectrum,CC(=O)O[C@H]1CC2CCC3C(CC[C@@]4(C)C3C[C@H]([N+]3(C)CCCCC3)[C@@H]4OC(C)=O)[C@@]2(C)C[C@@H]1[N+]1(C)CCCCC1.[Br-].[Br-],47,46.1,True
SPE01505693,Spectrum,COc1ccc2nc(S(=O)Cc3ncc(C)c(OC)c3C)[nH]c2c1,47,46.1,True
SPE01505703,Spectrum,C=CC[C@]1(O)CCC2C3CCC4=CC(=O)CCC4=C3C=C[C@@]21C,46,45.1,True
SPE01505704,Spectrum,CC(C)NCC(O)COc1ccc(COCCOC(C)C)cc1.O=C(O)/C=C/C(=O)O,47,46.1,True
SPE01505705,Spectrum,Nc1nc(F)nc2c1ncn2[C@@H]1O[C@H](COP(=O)(O)O)[C@@H](O)[C@@H]1O,47,46.1,True
SPE01505708,Spectrum,COc1cccc2c1C(=O)c1c(O)c3c(c(O)c1C2=O)C[C@@](O)(C(=O)CO)C[C@@H]3O[C@H]1C[C@H](N)[C@@H](O)[C@H](C)O1.Cl,47,46.1,True
SPE01505709,Spectrum,CC(=O)O[C@H]1CC2CCC3C(CC[C@@]4(C)C3C[C@H]([N+]3(C)CCCCC3)[C@@H]4OC(C)=O)[C@@]2(C)C[C@@H]1N1CCCCC1.[Br-],47,46.1,True
SPE01505710,Spectrum,COCCCOc1cc(C[C@@H](C[C@H](N)[C@@H](O)C[C@H](C(=O)NCC(C)(C)C(N)=O)C(C)C)C(C)C)ccc1OC.O=C(O)/C=C/C(=O)O,47,46.1,True
SPE01505711,Spectrum,CC(=O)NCCCS(=O)(=O)[O-].CC(=O)NCCCS(=O)(=O)[O-].[Ca+2],46,45.1,True
SPE01505712,Spectrum,C[C@]12C=CC(=O)C=C1CCC1C2[C@@H](O)C[C@@]2(C)C1CC[C@]2(O)C(=O)COP(=O)([O-])[O-].[Na+].[Na+],47,46.1,True
SPE01505713,Spectrum,CC(=O)[C@H]1CCC2C3CC=C4C[C@@H](OC(=O)CCC(=O)O)CC[C@]4(C)C3CC[C@@]21C,46,45.1,True
SPE01505714,Spectrum,Br.NC(=O)C(c1ccccc1)(c1ccccc1)C1CCN(CCc2ccc3c(c2)CCO3)C1,47,46.1,True
SPE01505720,Spectrum,CC(=O)[C@@]12O[C@](C)(c3ccccc3)O[C@@H]1CC1C3CCC4=CC(=O)CC[C@]4(C)C3CC[C@@]12C,47,46.1,True
SPE01505722,Spectrum,C[C@@H]1CC2C3CCC4=CC(=O)C=C[C@]4(C)[C@@]3(F)[C@@H](O)C[C@]2(C)[C@H]1C(=O)CO,47,46.1,True
SPE01505723,Spectrum,CC(=O)OCC(=O)[C@@]1(O)[C@@H](C)CC2C3CCC4=CC(=O)C=C[C@]4(C)[C@@]3(F)[C@@H](O)C[C@@]21C,47,46.1,True
SPE01505724,Spectrum,CC(=O)OCC(=O)[C@@]1(O)CCC2C3CCC4=CC(=O)C=C[C@]4(C)[C@@]3(F)[C@@H](O)C[C@@]21C,47,46.1,True
SPE01505725,Spectrum,C[C@H]1CC2C3CCC4=CC(=O)C=C[C@]4(C)[C@@]3(F)[C@@H](O)C[C@]2(C)[C@@]1(O)C(=O)COP(=O)([O-])[O-].[Na+].[Na+],47,46.1,True
SPE01505726,Spectrum,CC1(C)O[C@@H]2CC3C4CCC5=CC(=O)C=C[C@]5(C)C4[C@@H](O)C[C@]3(C)[C@]2(C(=O)CO)O1,47,46.1,True
SPE01505727,Spectrum,C=C1CC2C3C=C(C)C4=CC(=O)CC[C@]4(C)C3CC[C@]2(C)[C@@]1(OC(C)=O)C(C)=O,52,51.0,True
SPE01505728,Spectrum,CC(=O)NS(=O)(=O)c1ccc(NC(=O)c2ccccc2C(=O)O)cc1,52,51.0,True
SPE01505729,Spectrum,CCCCCCCCCCCCCCCCCCCCCCO,51,50.0,True
SPE01505801,Spectrum,CC1(C)O[C@@H]2[C@@H](CO[C@@]3(COS(N)(=O)=O)OC(C)(C)O[C@@H]23)O1,51,50.0,True
SPE01505802,Spectrum,CO/N=C1\CN(c2nc3c(cc2F)c(=O)c(C(=O)O)cn3C2CC2)CC1CN.CS(=O)(=O)O,51,50.0,True
SPE01505803,Spectrum,CCC(C)C(=O)O[C@H]1C[C@H](O)C=C2C=C[C@H](C)[C@H](CC[C@@H](O)C[C@@H](O)CC(=O)[O-])C21.[Na+],51,50.0,True
SPE01505805,Spectrum,NCC1CCCCC1CC(=O)O,51,50.0,True
SPE01505811,Spectrum,CC(C)(C)NC[C@H](O)c1ccc(O)c(CO)c1.Cl,52,51.0,True
SPE01505814,Spectrum,CN(C)C(=N)NC(=N)N.Cl,51,50.0,True
SPE01505816,Spectrum,CC(C)C[C@@H](CN)CC(=O)O,52,51.0,True
SPE01505817,Spectrum,CCC(=O)NCC[C@@H]1CCc2ccc3c(c21)CCO3,52,51.0,True
SPE01505818,Spectrum,COc1ccnc(CS(=O)c2nc3cc(OC(F)F)ccc3[nH]2)c1OC,52,51.0,True
SPE01505819,Spectrum,Br.CN1CCC[C@@H]1Cc1c[nH]c2cc(CCS(=O)(=O)c3ccccc3)ccc12,51,50.0,True
SPE01505831,Spectrum,N[C@@H](CC(=O)N1CCn2c(nnc2C(F)(F)F)C1)Cc1cc(F)c(F)cc1F,50,49.0,True
SPE01505906,Spectrum,CC(c1cc2ccccc2s1)N(O)C(N)=O,51,50.0,True
SPE01505851,Spectrum,O=C1CCc2ccc(OCCCCN3CCN(c4cccc(Cl)c4Cl)CC3)cc2N1,51,50.0,True
SPE01505907,Spectrum,COC(=O)C(c1ccccc1)C1CCCCN1.Cl,51,50.0,True
SPE01505943,Spectrum,COCCCOc1ccnc(CS(=O)c2nc3ccccc3[n-]2)c1C.[Na+],51,50.0,True
SPE01505944,Spectrum,O.O.O.O=P([O-])(O)C(O)(Cc1cccnc1)P(=O)(O)O.[Na+],51,50.0,True
SPE01505950,Spectrum,O=S(=O)(OC[C@H]1O[C@@](COS(=O)(=O)[O][Al]([OH])[OH])(O[C@H]2O[C@H](COS(=O)(=O)[O][Al]([OH])[OH])[C@@H](OS(=O)(=O)[O][Al]([OH])[OH])[C@H](OS(=O)(=O)[O][Al]([OH])[OH])[C@H]2OS(=O)(=O)[O][Al]([OH])[OH])[C@@H](OS(=O)(=O)[O][Al]([OH])[OH])[C@@H]1OS(=O)(=O)[O][Al]([OH])[OH])[O][Al]([OH])[OH].[Na+].[Na+].[Na+].[Na+].[Na+].[Na+].[Na+].[Na+].[O-][Al]([OH])[OH].[O-][Al]([OH])[OH].[O-][Al]([OH])[OH].[O-][Al]([OH])[OH].[O-][Al]([OH])[OH].[O-][Al]([OH])[OH].[O-][Al]([OH])[OH].[O-][Al]([OH])[OH],52,51.0,True
SPE01505953,Spectrum,OC[C@H]1O[C@H](O[C@]2(CCl)O[C@H](CCl)[C@@H](O)[C@@H]2O)[C@H](O)[C@@H](O)[C@H]1Cl,51,50.0,True
SPE02300206,Spectrum,CC1=Nc2ccc(Cl)cc2S(=O)(=O)N1,51,50.0,True
SPE01505957,Spectrum,O1[As]2O[As]3O[As]1O[As](O2)O3,51,50.0,True
SPE01505958,Spectrum,O=C1CN=C(c2ccccc2Cl)c2cc([N+](=O)[O-])ccc2N1,51,50.0,True
SPE01505971,Spectrum,CCc1oc2ccccc2c1C(=O)c1cc(Br)c(O)c(Br)c1,53,52.0,True
SPE01505972,Spectrum,O=C(CCCN1CCC(O)(c2ccc(Br)cc2)CC1)c1ccc(F)cc1,52,51.0,True
SPE01505973,Spectrum,CN1CCC(=C2c3ccccc3C=Cc3ccccc32)CC1.Cl,51,50.0,True
SPE01505974,Spectrum,CC(C)/N=c1\cc2n(-c3ccc(Cl)cc3)c3ccccc3nc-2cc1Nc1ccc(Cl)cc1,52,51.0,True
SPE01505975,Spectrum,CN(C)CCCOc1nn(Cc2ccccc2)c2ccccc12.Cl,52,51.0,True
SPE01505976,Spectrum,COc1cc2nc(N3CCN(C(=O)C4COc5ccccc5O4)CC3)nc(N)c2cc1OC.CS(=O)(=O)O,51,50.0,True
SPE01505977,Spectrum,CCC(NC(C)C)C(O)c1ccc(O)c(O)c1.CS(=O)(=O)O,51,50.0,True
SPE01505978,Spectrum,CS(=O)(=O)c1ccc(C(O)[C@H](CF)NC(=O)C(Cl)Cl)cc1,52,51.0,True
SPE01505979,Spectrum,C#C[C@@H]1CC2C3CCC4=C[C@@H](OC(C)=O)CCC4C3CC[C@]2(C)[C@H]1OC(C)=O,53,52.0,True
SPE01505981,Spectrum,Cc1ncc([N+](=O)[O-])n1CC(O)CCl,51,50.0,True
SPE01505982,Spectrum,CN1CCCN=C1/C=C/c1cccc(O)c1.O=C(O)c1cc2ccccc2c(Cc2c(O)c(C(=O)O)cc3ccccc23)c1O,51,50.0,True
SPE01505983,Spectrum,Cl.N=C(N)NC(=N)NCCc1ccccc1,52,51.0,True
SPE01505984,Spectrum,CNCCCC1c2ccccc2C=Cc2ccccc21.Cl,51,50.0,True
SPE01505986,Spectrum,O=C(CCNNC(=O)c1ccncc1)NCc1ccccc1,52,51.0,True
SPE01505987,Spectrum,CC[N+](CC)(CC(=O)Nc1c(C)cccc1C)Cc1ccccc1.O=C([O-])c1ccccc1,52,51.0,True
SPE01505991,Spectrum,C[N+](C)(C)CCCCCCCCCC[N+](C)(C)C.[Br-].[Br-],51,50.0,True
SPE01505993,Spectrum,Nc1ccc(C(=O)O)c(O)c1,51,50.0,True
SPE01505994,Spectrum,CCN(CC)C(=O)c1ccc(O)c(OC)c1,51,50.0,True
SPE01505995,Spectrum,CCCCOC(=O)c1ccc(O)cc1,51,50.0,True
SPE01601020,Spectrum,CCN(CC)C(=O)c1cccc(C)c1,51,50.0,True
SPE01900002,Spectrum,C=CCC1(C(C)CCC)C(=O)N=C([S-])NC1=O.[Na+],51,50.0,True
SPE01900005,Spectrum,CCCC(C)C1(CC)C(=O)N=C([S-])NC1=O.[Na+],51,50.0,True
SPE01900006,Spectrum,CCCC(C)C1(CC)C(=O)N=C(O)NC1=O,51,50.0,True
SPE02300009,Spectrum,CCN(CC)CCOc1ccc2c(c1)C(=O)c1cc(OCCN(CC)CC)ccc1-2,52,51.0,True
SPE02300104,Spectrum,Cl.Nc1c2c(nc3ccccc13)CCCC2,51,50.0,True
SPE02300154,Spectrum,CCN(CC)CCNC(=O)c1ccc(NC(C)=O)cc1.Cl,52,51.0,True
SPE02300173,Spectrum,Cl.O=C1CC2(CCCC2)CC(=O)N1CCCCN1CCN(c2ncccn2)CC1,51,50.0,True
SPE02300161,Spectrum,Clc1ccc2c(c1)C(N1CCNCC1)=Nc1ccccc1O2,51,50.0,True
SPE02300165,Spectrum,CCCCc1oc2ccccc2c1C(=O)c1cc(I)c(OCCN(CC)CC)c(I)c1.Cl,51,50.0,True
SPE01500108,Spectrum,O=c1[nH]cnc2[nH]ncc12,51,50.0,True
SPE01500109,Spectrum,CCN(CCCc1ccccc1)CCCc1ccccc1.O=C(O)CC(O)(CC(=O)O)C(=O)O,52,51.0,True
SPE01500110,Spectrum,Cl.NC12CC3CC(CC(C3)C1)C2,51,50.0,True
SPE01500111,Spectrum,NCC[C@@H](O)C(=O)N[C@@H]1C[C@H](N)[C@@H](O[C@H]2O[C@H](CN)[C@@H](O)[C@H](O)[C@H]2O)[C@H](O)[C@H]1O[C@H]1O[C@H](CO)[C@@H](O)[C@H](N)C1O.O=S(=O)(O)O.O=S(=O)(O)O,52,51.0,True
SPE01500112,Spectrum,Cl.N=C(N)NC(=O)c1nc(Cl)c(N)nc1N,52,51.0,True
SPE01500113,Spectrum,Nc1ccc(C(=O)[O-])cc1.[K+],51,50.0,True
SPE01500114,Spectrum,NCCCCCC(=O)O,51,50.0,True
SPE01500115,Spectrum,CCC1(c2ccc(N)cc2)CCC(=O)NC1=O,51,50.0,True
SPE01500116,Spectrum,Nc1ccc(C(=O)[O-])c(O)c1.[Na+],52,51.0,True
SPE01500117,Spectrum,CN(C)CCC=C1c2ccccc2CCc2ccccc21.Cl,51,50.0,True
SPE01500119,Spectrum,CCN(CC)Cc1ccc(Nc2ccnc3cc(Cl)ccc23)cc1O.Cl.Cl,52,51.0,True
SPE01500120,Spectrum,CC1(C)S[C@@H]2[C@H](NC(=O)[C@H](N)c3ccc(O)cc3)C(=O)N2[C@H]1C(=O)O,52,51.0,True
SPE01500122,Spectrum,CC1OC(O[C@H]2/C=C/C=C/C=C/C=C/C=C/C=C/C=C/[C@H](C)[C@@H](O)[C@@H](C)[C@H](C)OC(=O)CC(O)CC(O)CCC(O)C(O)CC(O)C[C@@]3(O)C[C@H](O)C(C(=O)O)C(C2)O3)C(O)[C@H](N)C1O,50,49.0,True
SPE01500123,Spectrum,CC1(C)S[C@@H]2[C@H](NC(=O)[C@H](N)c3ccccc3)C(=O)N2[C@H]1C(=O)[O-].[Na+],52,51.0,True
SPE01500124,Spectrum,CCCc1ncc(C[n+]2ccccc2C)c(N)n1.Cl.[Cl-],52,51.0,True
SPE01500126,Spectrum,O=P(O)(O)O.c1ccc(CN(CC2=NCCN2)c2ccccc2)cc1,51,50.0,True
SPE01500127,Spectrum,O=C1c2c(O)cccc2Cc2cccc(O)c21,51,50.0,True
SPE01500128,Spectrum,Cc1cc(=O)n(-c2ccccc2)n1C,51,50.0,True
SPE01500129,Spectrum,CN1CCc2cccc3c2C1Cc1ccc(O)c(O)c1-3.Cl,51,50.0,True
SPE01500130,Spectrum,CC(=O)Oc1ccccc1C(=O)O,51,50.0,True
SPE01500132,Spectrum,OC[C@H]1OC([S][Au])[C@H](O)[C@@H](O)[C@@H]1O,51,50.0,True
SPE01500133,Spectrum,Cn1cnc([N+](=O)[O-])c1Sc1[nH]cnc2ncnc1-2,51,50.0,True
SPE01500135,Spectrum,NCC(CC(=O)O)c1ccc(Cl)cc1,52,51.0,True
SPE01500136,Spectrum,CCC(=O)OCC(=O)C1(OC(=O)CC)C(C)CC2C3CCC4=CC(=O)C=CC4(C)C3(Cl)C(O)CC21C,51,50.0,True
SPE01500137,Spectrum,Cl.NC(CO)C(=O)NNCc1ccc(O)c(O)c1O,51,50.0,True
SPE01500138,Spectrum,CC(C)(C)CC(C)(C)c1ccc(OCCOCC[N+](C)(C)Cc2ccccc2)cc1.[Cl-],51,50.0,True
SPE01500139,Spectrum,CCOC(=O)c1ccc(N)cc1,51,50.0,True
SPE01500145,Spectrum,CCCCC(=O)O[C@]1(C(=O)CO)[C@@H](C)CC2C3CCC4=CC(=O)C=C[C@]4(C)[C@@]3(F)C(O)C[C@@]21C,51,50.0,True
SPE01500146,Spectrum,CC(C[N+](C)(C)C)OC(N)=O.[Cl-],52,51.0,True
SPE01500147,Spectrum,CC(=O)Oc1ccc(C(c2ccc(OC(C)=O)cc2)c2ccccn2)cc1,51,50.0,True
SPE01500148,Spectrum,[Na+].[Na+].[O-]c1c(Cl)cc(Cl)cc1Sc1cc(Cl)cc(Cl)c1[O-],51,50.0,True
SPE01500151,Spectrum,CC(C)CC1C(=O)N2CCC[C@H]2C2(O)O[C@](NC(=O)C3C=C4c5cccc6[nH]c(Br)c(c56)C[C@H]4N(C)C3)(C(C)C)C(=O)N12.CS(=O)(=O)O,52,51.0,True
SPE01500152,Spectrum,CS(=O)(=O)OCCCCOS(C)(=O)=O,51,50.0,True
SPE01500158,Spectrum,C[N+](C)(C)CCOC(N)=O.[Cl-],52,51.0,True
SPE01500159,Spectrum,NC(=O)N1c2ccccc2C=Cc2ccccc21,51,50.0,True
SPE01500160,Spectrum,CC1(C)S[C@@H]2[C@H](NC(=O)C(C(=O)[O-])c3ccccc3)C(=O)N2[C@H]1C(=O)[O-].[Na+].[Na+],52,51.0,True
SPE01500161,Spectrum,CN(C)CCOC(c1ccc(Cl)cc1)c1ccccn1.O=C(O)/C=C\C(=O)O,52,51.0,True
SPE01500162,Spectrum,CCCC(C)(COC(N)=O)COC(=O)NC(C)C,50,49.0,True
SPE01500163,Spectrum,CC1=C(C(=O)O)N2C(=O)[C@@H](NC(=O)C(N)c3ccc(O)cc3)[C@H]2SC1,52,51.0,True
SPE01500164,Spectrum,Cc1nnc(SCC2=C(C(=O)[O-])N3C(=O)[C@@H](NC(=O)Cn4cnnn4)[C@H]3SC2)s1.[Na+],51,50.0,True
SPE01500165,Spectrum,CO/N=C(/C(=O)N[C@@H]1C(=O)N2C(C(=O)[O-])=C(COC(C)=O)CS[C@H]12)c1csc(N)n1.[Na+],52,51.0,True
SPE01500166,Spectrum,CC(=O)OCC1=C(C(=O)[O-])N2C(=O)[C@@H](NC(=O)Cc3cccs3)[C@H]2SC1.[Na+],52,51.0,True
SPE01500167,Spectrum,CC(=O)OCC1=C(C(=O)[O-])N2C(=O)[C@@H](NC(=O)CSc3ccncc3)[C@H]2SC1.[Na+],51,50.0,True
SPE01500168,Spectrum,CC1=C(C(=O)O)N2C(=O)[C@@H](NC(=O)[C@H](N)C3=CCC=CC3)C2SC1,52,51.0,True
SPE01500169,Spectrum,CCCCCCCCCCCCCCCC[n+]1ccccc1.[Cl-],52,51.0,True
SPE01500171,Spectrum,O=C(O)CCCc1ccc(N(CCCl)CCCl)cc1,52,51.0,True
SPE01500172,Spectrum,CCCCCCCCCCCCCCCC(=O)OC[C@H](NC(=O)C(Cl)Cl)[C@H](O)c1ccc([N+](=O)[O-])cc1,51,50.0,True
SPE01500173,Spectrum,O=C(O)CCC(=O)OC[C@@H](NC(=O)C(Cl)Cl)[C@H](O)c1ccc([N+](=O)[O-])cc1,51,50.0,True
SPE01500174,Spectrum,O=C(N[C@@H](CO)[C@H](O)c1ccc([N+](=O)[O-])cc1)C(Cl)Cl,52,51.0,True
SPE01500175,Spectrum,CN1CCN(C(c2ccccc2)c2ccc(Cl)cc2)CC1.Cl,51,50.0,True
SPE01500177,Spectrum,Cl.Cl.N=C(NCCCCCCNC(=N)NC(=N)Nc1ccc(Cl)cc1)NC(=N)Nc1ccc(Cl)cc1,53,52.0,True
SPE01500179,Spectrum,CCN(CC)CCCC(C)Nc1ccnc2cc(Cl)ccc12.O=P(O)(O)O.O=P(O)(O)O,52,51.0,True
SPE01500178,Spectrum,Cc1cc(O)ccc1Cl,51,50.0,True
SPE01500180,Spectrum,NS(=O)(=O)c1cc2c(cc1Cl)N=CNS2(=O)=O,51,50.0,True
SPE01500181,Spectrum,COc1ccc(C(Cl)=C(c2ccc(OC)cc2)c2ccc(OC)cc2)cc1,52,51.0,True
SPE01500182,Spectrum,Cc1cc(O)cc(C)c1Cl,51,50.0,True
SPE01500183,Spectrum,CN(C)CC[C@H](c1ccc(Cl)cc1)c1ccccn1.O=C(O)/C=C\C(=O)O,52,51.0,True
SPE01500184,Spectrum,CN(C)CCCN1c2ccccc2Sc2ccc(Cl)cc21,51,50.0,True
SPE01500185,Spectrum,CCCNC(=O)NS(=O)(=O)c1ccc(Cl)cc1,51,50.0,True
SPE01500189,Spectrum,Cc1cc(C2CCCCC2)n(O)c(=O)c1.NCCO,52,51.0,True
SPE01500190,Spectrum,CCn1nc(C(=O)O)c(=O)c2cc3c(cc21)OCO3,51,50.0,True
SPE01500191,Spectrum,CN1CCC[C@@H]1CCO[C@](C)(c1ccccc1)c1ccc(Cl)cc1.O=C(O)/C=C/C(=O)O,51,50.0,True
SPE01500192,Spectrum,C[N+]12CCC(CC1)C(OC(=O)C(O)(c1ccccc1)c1ccccc1)C2.[Br-],52,51.0,True
SPE01500193,Spectrum,CCC[C@@H]1C[C@@H](C(=O)N[C@@H](C2O[C@H](SC)[C@H](O)[C@@H](O)[C@H]2O)[C@H](C)Cl)N(C)C1.Cl,52,51.0,True
SPE01500196,Spectrum,CCN(CC)CCOc1ccc(/C(=C(\Cl)c2ccccc2)c2ccccc2)cc1.O=C(O)CC(O)(CC(=O)O)C(=O)O,53,52.0,True
SPE01500198,Spectrum,Cl.Clc1cccc(Cl)c1N=C1NCCN1,51,50.0,True
SPE01500200,Spectrum,Clc1ccccc1C(c1ccccc1)(c1ccccc1)n1ccnc1,52,51.0,True
SPE01500201,Spectrum,Cc1onc(-c2ccccc2Cl)c1C(=O)N[C@@H]1C(=O)N2[C@@H]1SC(C)(C)[C@@H]2C(=O)[O-].[Na+],52,51.0,True
SPE01500202,Spectrum,Oc1ccc(Cl)c2cccnc12,51,50.0,True
SPE01500206,Spectrum,CCC(C)C1NC(=O)C(CCNCS(=O)(=O)[O-])NC(=O)C(NC(=O)C(CCNCS(=O)(=O)[O-])NC(=O)C(NC(=O)C(CCNCS(=O)(=O)[O-])NC(=O)CCCCC(C)C)C(C)O)CCNC(=O)C(C(C)O)NC(=O)C(CCNCS(=O)(=O)[O-])NC(=O)C(CCNCS(=O)(=O)[O-])NC(=O)C(C(C)CC)NC1=O.[Na+].[Na+].[Na+].[Na+].[Na+],50,49.0,True
SPE01500207,Spectrum,CC(=O)OCC(=O)[C@@]1(O)CCC2C3CCC4=CC(=O)CC[C@]4(C)C3C(=O)C[C@@]21C,52,51.0,True
SPE01500209,Spectrum,Cc1ccc(O)cc1,51,50.0,True
SPE01500210,Spectrum,O=C([O-])c1cc(=O)c2c(OCC(O)COc3cccc4oc(C(=O)[O-])cc(=O)c34)cccc2o1.[Na+].[Na+],52,51.0,True
SPE01500211,Spectrum,CN1CCN(C(c2ccccc2)c2ccccc2)CC1,51,50.0,True
SPE01500212,Spectrum,CN(C)CCOC(=O)C(c1ccccc1)C1(O)CCCC1.Cl,51,50.0,True
SPE01500213,Spectrum,O.O=P1(N(CCCl)CCCl)NCCCO1,51,50.0,True
SPE01500216,Spectrum,CC(=O)O[C@]1(C(C)=O)CCC2C3C=C(Cl)C4=CC(=O)[C@@H]5C[C@@H]5[C@]4(C)C3CC[C@@]21C,52,51.0,True
SPE01500217,Spectrum,Nc1ccn(C2O[C@H](CO)[C@@H](O)[C@@H]2O)c(=O)n1,51,50.0,True
SPE01500218,Spectrum,CN(C)/N=N/c1[nH]cnc1C(N)=O,51,50.0,True
SPE01500220,Spectrum,C#C[C@]1(O)CCC2C3CCC4=Cc5oncc5C[C@]4(C)C3CC[C@@]21C,52,51.0,True
SPE01500222,Spectrum,Nc1ccc(S(=O)(=O)c2ccc(N)cc2)cc1,51,50.0,True
SPE01500225,Spectrum,C[C@H](CCC(=O)[O-])[C@H]1CCC2C3C(=O)CC4CC(=O)CC[C@]4(C)C3CC(=O)[C@@]21C.[Na+],51,50.0,True
SPE01500226,Spectrum,CN(C)[C@@H]1C(O)=C(C(N)=O)C(=O)[C@@]2(O)C(O)=C3C(=O)c4c(O)ccc(Cl)c4[C@@H](O)[C@H]3C[C@@H]12.Cl,52,51.0,True
SPE01500227,Spectrum,CNCCCN1c2ccccc2CCc2ccccc21.Cl,52,51.0,True
SPE01500230,Spectrum,C[C@@H]1CC2C3CCC4=CC(=O)C=C[C@]4(C)[C@@]3(F)[C@@H](O)C[C@]2(C)[C@@]1(O)C(=O)CO,50,49.0,True
SPE01500231,Spectrum,CC(=O)OCC(=O)[C@@]1(O)[C@H](C)CC2C3CCC4=CC(=O)C=C[C@]4(C)[C@@]3(F)[C@@H](O)C[C@@]21C,51,50.0,True
SPE01500233,Spectrum,Br.COc1ccc2c(c1)[C@]13CCCC[C@H]1[C@H](C2)N(C)CC3,51,50.0,True
SPE01500235,Spectrum,c1ccc2c(c1)sc1ccccc12,51,50.0,True
SPE01500236,Spectrum,CCCCOc1cc(C(=O)NCCN(CC)CC)c2ccccc2n1.Cl,52,51.0,True
SPE01500237,Spectrum,O=C([O-])Cc1ccccc1Nc1c(Cl)cccc1Cl.[Na+],52,51.0,True
SPE01500238,Spectrum,Cc1onc(-c2c(Cl)cccc2Cl)c1C(=O)N[C@@H]1C(=O)N2[C@@H]1SC(C)(C)[C@@H]2C(=O)[O-].[Na+],51,50.0,True
SPE01500239,Spectrum,O=c1oc2ccccc2c(O)c1Cc1c(O)c2ccccc2oc1=O,51,50.0,True
SPE01500240,Spectrum,CCN(CC)CCOC(=O)C1(C2CCCCC2)CCCCC1.Cl,51,50.0,True
SPE01500241,Spectrum,C/C=C(C(=C/C)/c1ccc(O)cc1)\c1ccc(O)cc1,51,50.0,True
SPE01500242,Spectrum,CCN(CC)C(=O)N1CCN(C)CC1.O=C(O)CC(O)(CC(=O)O)C(=O)O,51,50.0,True
SPE01500244,Spectrum,CC/C(=C(/CC)c1ccc(O)cc1)c1ccc(O)cc1,51,50.0,True
SPE01500245,Spectrum,O=C(O)c1cc(-c2ccc(F)cc2F)ccc1O,52,51.0,True
SPE01500248,Spectrum,CN1C[C@H](C(=O)N[C@]2(C)O[C@@]3(O)[C@@H]4CCCN4C(=O)[C@H](Cc4ccccc4)N3C2=O)C[C@@H]2c3cccc4[nH]cc(c34)C[C@H]21.CS(=O)(=O)O,52,51.0,True
SPE01500251,Spectrum,CN(C)CCOC(c1ccccc1)c1ccccc1.Cn1c(=O)c2[nH]c(Cl)nc2n(C)c1=O,52,51.0,True
SPE01503373,Spectrum,CCCOc1ccc2nc(NC(=O)OC)[nH]c2c1,51,50.0,True
SPE01503604,Spectrum,CCCCCCCCCCCCCCCC(=O)OC/C=C(C)/C=C/C=C(C)/C=C/C1=C(C)CCCC1(C)C,52,51.0,True
SPE01505330,Spectrum,Clc1ccc(CO/N=C(\Cn2ccnc2)c2ccc(Cl)cc2Cl)c(Cl)c1.O=[N+]([O-])O,52,51.0,True
SPE01500188,Spectrum,O=c1[nH]c2cc(Cl)ccc2o1,52,51.0,True
SPE01505985,Spectrum,CN/C(=C\[N+](=O)[O-])NCCSCc1csc(CN(C)C)n1,51,50.0,True
SPE01505294,Spectrum,COC(=O)N/N=C/c1c[n+]([O-])c2ccccc2[n+]1[O-],51,50.0,True
SPE01505715,Spectrum,CC(C)(CO)[C@@H](O)C(=O)NCCC(=O)[O-].[Na+],51,50.0,True
SPE01505420,Spectrum,CC(C)(CO)[C@@H](O)C(=O)NCCCO,52,51.0,True
SPE01503339,Spectrum,CC(=O)Nc1ccc(S(=O)(=O)Nc2ccc([N+](=O)[O-])cc2)cc1,52,51.0,True
SPE01505460,Spectrum,CC(N)C12CC3CC(CC(C3)C1)C2.Cl,51,50.0,True
SPE02300061,Spectrum,CN(C)CCCN1c2ccccc2CCc2ccc(Cl)cc21.Cl,52,51.0,True
SPE02300176,Spectrum,CC(COc1ccccc1)N(CCCl)Cc1ccccc1.Cl,51,50.0,True
SPE02300094,Spectrum,COc1ccc(CCN2CCC(Nc3nc4ccccc4n3Cc3ccc(F)cc3)CC2)cc1,52,51.0,True
SPE02300212,Spectrum,O=c1[nH]c2ccccc2n1CCCN1CCC(n2c(=O)[nH]c3cc(Cl)ccc32)CC1,51,50.0,True
SPE02300214,Spectrum,COc1ccc(C2Sc3ccccc3N(CCN(C)C)C(=O)C2OC(C)=O)cc1.Cl,52,51.0,True
SPE02300219,Spectrum,CC[N+](C)(C)c1cccc(O)c1.[Cl-],51,50.0,True
SPE02300242,Spectrum,CN1CCN(C2=Nc3ccccc3Oc3ccc(Cl)cc32)CC1.O=C(O)CCC(=O)O,51,50.0,True
SPE02300229,Spectrum,COc1ccc(Cl)cc1C(=O)NCCc1ccc(S(=O)(=O)NC(=O)NC2CCCCC2)cc1,53,52.0,True
SPE02300307,Spectrum,COc1ccc(CCN(C)CCCC(C#N)(c2ccc(OC)c(OC)c2)C(C)C)cc1OC.Cl,51,50.0,True
SPE02300309,Spectrum,Cl.OC1CCCCC1N1CCC(c2ccccc2)CC1,51,50.0,True
SPE02300325,Spectrum,Cc1ccccc1N1C(=O)c2cc(S(N)(=O)=O)c(Cl)cc2NC1C,51,50.0,True
SPE02300347,Spectrum,C1CCc2nnnn2CC1,51,50.0,True
SPE02300166,Spectrum,C=CCc1ccccc1OCC(O)CNC(C)C.Cl,52,51.0,True
SPE02300241,Spectrum,CN(C)C(=O)C(CCN1CCC(O)(c2ccc(Cl)cc2)CC1)(c1ccccc1)c1ccccc1.Cl,52,51.0,True
SPE01505905,Spectrum,CCCCCCCCCCNCCC.CCCN.CCCNCCCCCC[N+](C)(C)C.ClCC1CO1,51,50.0,True
SPE01505639,Spectrum,CN1CC(=O)N2[C@H](c3ccc4c(c3)OCO4)c3[nH]c4ccccc4c3C[C@@H]2C1=O,51,50.0,True
SPE01505668,Spectrum,COP(=S)(OC)Oc1cc(Cl)c(Cl)cc1Cl,51,50.0,True
SPE01505701,Spectrum,CCOC(=O)c1ncn2c1CN(C)C(=O)c1cc(F)ccc1-2,52,51.0,True
SPE01505204,Spectrum,CN(C)CCc1c[nH]c2ccc(CS(=O)(=O)N3CCCC3)cc12,51,50.0,True
SPE01503422,Spectrum,CC1CCC(NC(=O)N(CCCl)N=O)CC1,50,49.0,True
SPE01500390,Spectrum,CC(C)NCC(O)c1cc(O)cc(O)c1,52,51.0,True
SPE01500771,Spectrum,N[C@@H](C(=O)N[C@@H]1C(=O)N2C(C(=O)O)=C(Cl)CS[C@H]12)c1ccccc1,52,51.0,True
SPE01500380,Spectrum,CC(=O)[C@H]1CCC2C3C[C@H](C)C4=CC(=O)CC[C@]4(C)C3[C@@H](O)C[C@@]21C,52,51.0,True
SPE01502113,Spectrum,[N-]=[N+]=CC(=O)OCC(N)C(=O)O,51,50.0,True
SPE01503059,Spectrum,O=c1[nH]c(=O)n(C2C[C@@H](O)[C@@H](CO)O2)cc1F,52,51.0,True
SPE01505691,Spectrum,OC1(c2ccc(Cl)c(C(F)(F)F)c2)CCN(CCCC(c2ccc(F)cc2)c2ccc(F)cc2)CC1,52,51.0,True
SPE01500187,Spectrum,NS(=O)(=O)c1cc(C2(O)NC(=O)c3ccccc32)ccc1Cl,52,51.0,True
SPE01500232,Spectrum,C[C@@H]1CC2C3CCC4=CC(=O)C=C[C@]4(C)[C@@]3(F)[C@@H](O)C[C@]2(C)[C@@]1(O)C(=O)COP(=O)([O-])[O-].[Na+].[Na+],52,51.0,True
SPE01500141,Spectrum,NS(=O)(=O)c1cc2c(cc1Cl)N=C(CSCc1ccccc1)NS2(=O)=O,51,50.0,True
SPE01501105,Spectrum,COc1ccc(C[C@H](N)C(=O)N[C@@H]2[C@@H](CO)OC(n3cnc4c(N(C)C)ncnc43)[C@@H]2O)cc1.Cl.Cl,51,50.0,True
SPE01503106,Spectrum,CC(C)COCC(CN(Cc1ccccc1)c1ccccc1)N1CCCC1.Cl,51,50.0,True
SPE01503267,Spectrum,CN1Cc2c(N)cccc2C(c2ccccc2)C1.O=C(O)/C=C\C(=O)O,52,51.0,True
SPE01505449,Spectrum,C[n+]1ccccc1C=NO.[Cl-],51,50.0,True
SPE01505433,Spectrum,Cc1cnc(C(=O)NCCc2ccc(S(=O)(=O)NC(=O)NC3CCCCC3)cc2)cn1,52,51.0,True
SPE02300292,Spectrum,CN1CCN2c3ccccc3Cc3ccccc3C2C1.Cl,51,50.0,True
SPE01502047,Spectrum,N[C@@H](Cc1cc(I)c(Oc2ccc(O)c(I)c2)c(I)c1)C(=O)[O-].[Na+],53,52.0,True
SPE01503110,Spectrum,O=NN(CCCl)C(=O)NCCCl,52,51.0,True
SPE00330082,Spectrum,Clc1ccc(C(c2ccccc2Cl)C(Cl)Cl)cc1,52,51.0,True
SPE01505777,Spectrum,CC(=O)Nc1c(I)c(NC(C)=O)c(I)c(C(=O)O)c1I,49,48.0,True
SPE01505782,Spectrum,CC(C)(O/N=C(\C(=O)N[C@@H]1C(=O)N2C(C(=O)[O-])=C(C[n+]3ccccc3)CSC12)c1csc(N)n1)C(=O)O,49,48.0,True
SPE01505780,Spectrum,Cl.O=C(Nc1ccccc1)OCC(CN1CCCCC1)OC(=O)Nc1ccccc1,50,49.0,True
SPE01505781,Spectrum,C#CCN(C)C(C)Cc1ccccc1.Cl,49,48.0,True
SPE01505778,Spectrum,C[N+](C)(CCOc1ccccc1)Cc1ccccc1.O=C([O-])c1cc2ccccc2cc1O,50,49.0,True
SPE01505485,Spectrum,CC1=C(C/C=C(\C)CCC[C@H](C)CCC[C@H](C)CCCC(C)C)C(=O)c2ccccc2C1=O,51,50.0,True
SPE01503212,Spectrum,CC(CNCCc1ccc(O)c(O)c1)Cc1cccc(O)c1.Cl,49,48.0,True
SPE01503209,Spectrum,O=C1CN(/N=C/c2ccc(-c3ccc([N+](=O)[O-])cc3)o2)C(=O)[N-]1.[Na+],49,48.0,True
SPE01505765,Spectrum,COP(=O)(OC)C(O)C(Cl)(Cl)Cl,49,48.0,True
SPE01505753,Spectrum,C[N+]1(C)CCC(OC(=O)C(O)(c2ccccc2)C2CCCC2)C1.[Br-],50,49.0,True
SPE01505759,Spectrum,C[N+](C)(C)CCO.Cn1c(=O)c2[n-]cnc2n(C)c1=O,51,50.0,True
SPE01505760,Spectrum,CCCC[C@@H](CC)COC(=O)c1ccccc1O,49,48.0,True
SPE01505742,Spectrum,CCCCCCCCCCCCCCCC(=O)OCC(O)[C@H]1OC(=O)C(O)=C1O,50,49.0,True
SPE01502018,Spectrum,CC[N+](C)(C)Cc1ccc(Br)cc1.Cc1ccc(S(=O)(=O)[O-])cc1,49,48.0,True
SPE01505763,Spectrum,Cc1cc2nc3c(=O)[nH]c(=O)nc-3n(C[C@@H](O)[C@@H](O)[C@@H](O)COP(=O)([O-])O)c2cc1C.[Na+],49,48.0,True
SPE01505730,Spectrum,CCC(=O)O[C@H](CC(=O)O)C[N+](C)(C)C.[Cl-],51,50.0,True
SPE01505751,Spectrum,O=C([O-])c1ccccc1-c1c2cc(I)c(=O)c(I)c-2oc2c(I)c([O-])c(I)cc12.[Na+].[Na+],49,48.0,True
SPE01500252,Spectrum,OCC(S)CS,50,49.0,True
SPE00211468,Spectrum,O=C1c2cccc(O)c2C(=O)c2c(O)cccc21,50,49.0,True
SPE00330018,Spectrum,COP(=O)(OC)OC=C(Cl)Cl,49,48.0,True
SPE01300038,Spectrum,O=C([O-])CCCO.[Na+],49,48.0,True
SPE01400151,Spectrum,CCOC(=O)c1ccc(O)cc1,50,49.0,True
SPE01505992,Spectrum,COc1cc(OC)c(C(=O)CCCN2CCCC2)c(OC)c1.Cl,49,48.0,True
SPE00305025,Spectrum,Nc1ccc(C(=O)Oc2ccccc2)c(O)c1,50,49.0,True
SPE00330086,Spectrum,CCCCOC(=O)c1ccccc1C(=O)OCCCC,50,49.0,True
SPE00330062,Spectrum,COP(=S)(OC)Oc1ccc(Sc2ccc(OP(=S)(OC)OC)cc2)cc1,49,48.0,True
SPE00300618,Spectrum,O=C(Nc1ccccc1)c1ccccc1O,50,49.0,True
SPE01505746,Spectrum,CC(=O)OCC1=C(C(=O)O)N2C(=O)[C@@H](N)C2SC1,48,47.1,True
SPE00330071,Spectrum,Cl[C@H]1[C@H](Cl)[C@@H](Cl)[C@@H](Cl)[C@H](Cl)[C@H]1Cl,50,49.0,True
SPE01300037,Spectrum,N#[C][Fe-2]([C]#N)([C]#N)([C]#N)([C]#N)[N]=O.[Na+].[Na+],49,48.0,True
SPE00200331,Spectrum,O=C(Oc1ccccc1C(=O)O)c1ccccc1O,50,49.0,True
SPE00310050,Spectrum,C=C[C@H]1C[N@]2CC[C@H]1C[C@@H]2[C@@H](OC(=O)OCC)c1ccnc2ccc(OC)cc12,50,49.0,True
SPE00300548,Spectrum,C1CCN2C[C@@H]3C[C@H](CN4CCCC[C@@H]34)[C@H]2C1.O=S(=O)(O)O,49,48.0,True
SPE00300029,Spectrum,CC(=O)OCC(=O)[C@H]1CCC2C3CCC4=CC(=O)CC[C@]4(C)C3CC[C@@]21C,50,49.0,True
SPE00307023,Spectrum,C[C@]12CCC(=O)C=C1CCC1C2CC[C@@]2(C)C1CC[C@@H]2O,51,50.0,True
SPE00300607,Spectrum,C[C@@H]1O[C@@H](OC[C@H]2OC(Oc3c(-c4ccc(O)c(O)c4)oc4cc(O)cc(O)c4c3=O)[C@H](O)[C@@H](O)[C@@H]2O)[C@H](O)[C@H](O)[C@H]1O,49,48.0,True
SPE01500292,Spectrum,CCc1cc(C(N)=S)ccn1,49,48.0,True
SPE00300034,Spectrum,CCC(=O)O[C@H]1CCC2C3CCC4=CC(=O)CC[C@]4(C)C3CC[C@@]21C,50,49.0,True
SPE00310006,Spectrum,CN1CCc2cc3c(cc2C1O)OCO3.Cl,49,48.0,True
SPE00100003,Spectrum,C=C1C(C2(C)C=CC(=O)C(C)(C)C2CC(=O)OC)CC[C@@]2(C)[C@H](c3ccoc3)OC(=O)C3OC132,50,49.0,True
SPE00100005,Spectrum,CC(=O)O[C@@H]1C[C@@]2(C)[C@H](c3ccoc3)C[C@H]3O[C@]32[C@]2(C)C(=O)C(O)=C3C(C)(C)C(=O)C=C[C@]3(C)C12,50,49.0,True
SPE00100006,Spectrum,COC(=O)C[C@H]1C2(C)CC34OC5(C)O[C@@]6([C@H](OC(C)=O)C(OC(C)=O)[C@]7(C)C(/C(=C(/O)C(C)C)C(=O)O[C@H]7c7ccoc7)[C@@]6(O5)[C@H](OC(C)=O)[C@@]3(O)C2OC(=O)C(C)C)[C@]14C,51,50.0,True
SPE00100008,Spectrum,COC(=O)C[C@H]1C(C)(C)C(=O)[C@@H]2CC3C4=CC(=O)O[C@@H](c5ccoc5)[C@]4(C)CCC3[C@]1(C)C2=O,48,47.1,True
SPE00100009,Spectrum,CC1(C)C(=O)C=C[C@@]2(C)C1=C(O)C(=O)[C@]1(C)C2CC[C@@]2(C)[C@H](c3ccoc3)C[C@H]3O[C@]321,49,48.0,True
SPE00100012,Spectrum,CC1(C)C(=O)C=C[C@@]2(C)C1C[C@@H](O)[C@]1(C)C2CC[C@@]2(C)[C@H](c3ccoc3)OC(=O)[C@H]3O[C@]321,50,49.0,True
SPE00100013,Spectrum,CC(=O)O[C@H]1C[C@@H](O)C(C)(C)C2C[C@@H](OC(C)=O)[C@]3(C)C(CC[C@@]4(C)[C@H](c5ccoc5)OC(=O)C5OC543)[C@]21C,49,48.0,True
SPE00100014,Spectrum,CC(=O)O[C@H]1C[C@@H](OC(C)=O)C(C)(C)C2C[C@@H](O)[C@]3(C)C(CC[C@@]4(C)[C@H](c5ccoc5)OC(=O)[C@H]5O[C@]543)[C@]21C,50,49.0,True
SPE00100024,Spectrum,CC(=O)O[C@@H]1CC2C(C)(C)C(=O)CC[C@]2(C)C2CC[C@@]3(C)[C@H](c4ccoc4)OC(=O)C4OC43[C@@]21C,49,48.0,True
SPE00100031,Spectrum,COC(=O)C[C@H]1C(C)(C)[C@@H](OC(C)=O)[C@@H]2CC3=C4CC(=O)O[C@@H](c5ccoc5)[C@]4(C)CCC3[C@]1(C)C2=O,49,48.0,True
SPE00100032,Spectrum,CC(=O)O[C@@H]1CC2C(C)(C)C(=O)C=C[C@]2(C)C2CC[C@@]3(C)[C@H](c4ccoc4)OC(=O)[C@H]4O[C@]43[C@@]21C,51,50.0,True
SPE00100047,Spectrum,CC1(C)C(=O)C=C[C@@]2(C)C1CC(=O)[C@]1(C)C2CC[C@@]2(C)[C@H](c3ccoc3)OC(=O)[C@H]3O[C@]321,48,47.1,True
SPE00100048,Spectrum,CC(=O)O[C@H]1C[C@@H](OC(C)=O)C(C)(C)C2CC(=O)[C@]3(C)C(CC[C@@]4(C)[C@H](c5ccoc5)OC(=O)[C@H]5O[C@]543)[C@]21C,51,50.0,True
SPE00100049,Spectrum,CC(=O)O[C@H]1C[C@@H](OC(C)=O)C(C)(C)C2C[C@@H](OC(C)=O)[C@]3(C)C(CC[C@@]4(C)[C@H](c5ccoc5)C(=O)[C@H]5O[C@]543)[C@]21C,49,48.0,True
SPE00100050,Spectrum,CCC(C)C(=O)OC1[C@@H]2CC3=C4CC(=O)O[C@@H](c5ccoc5)[C@]4(C)CCC3[C@](C)(C2=O)[C@@H](CC(=O)OC)C1(C)C,49,48.0,True
SPE00100058,Spectrum,C=C1C2CC[C@@]3(C)[C@H](c4ccoc4)OC(=O)C[C@]13O[C@H]1CC(=O)C(C)(C)[C@H](C(O)C(=O)OC)[C@@]21C,50,49.0,True
SPE00100060,Spectrum,COC(=O)C[C@H]1C(C)(C)C(=O)[C@@H]2CC3=C4CC(=O)O[C@@H](c5ccoc5)[C@]4(C)CCC3[C@]1(C)C2=O,49,48.0,True
SPE00100081,Spectrum,CCC(C)C(=O)O[C@@H]1C[C@@]2(C)[C@H](c3ccoc3)OC(=O)CC23OC2(C)O[C@]14[C@]1(C)[C@@H](CC(=O)OC)C5(C)CC1(O)[C@](O)(C5OC(=O)C1(C)OC1C)[C@@H](OC(C)=O)[C@]34O2,50,49.0,True
SPE00100096,Spectrum,C=C1[C@H]2CC[C@@]3(C)[C@H](c4ccoc4)OC(=O)C[C@]13O[C@H]1C[C@H](O)C(C)(C)[C@H](CC(=O)OC)[C@]12C,51,50.0,True
SPE00100101,Spectrum,CC(C)=CCOc1cc2oc(=O)ccc2cc1O,49,48.0,True
SPE00100102,Spectrum,COC(=O)C[C@H]1C(C)(C)C(=O)[C@@H]2CC3=C(CC[C@]4(C)C3=CC(=O)O[C@H]4c3ccoc3)[C@]1(C)C2=O,48,47.1,True
SPE00100103,Spectrum,CCC(=O)OC1[C@@H]2CC3=C4CC(=O)O[C@@H](c5ccoc5)[C@]4(C)CCC3[C@](C)(C2=O)[C@@H](CC(=O)OC)C1(C)C,49,48.0,True
SPE00100105,Spectrum,COC(=O)C[C@H]1C(C)(C)C2(O)OC34CC2C(=O)[C@]1(C)C3CC[C@]1(C)C4=CC(=O)O[C@H]1c1ccoc1,49,48.0,True
SPE00100114,Spectrum,C=C1C2CC[C@@]3(C)[C@H](c4ccoc4)OC(=O)C[C@]13O[C@H]1CC(O)C(C)(C)C(CC(=O)OC)[C@@]21C,51,50.0,True
SPE00100117,Spectrum,CC(C)/C(O)=C1/C(=O)O[C@@H](c2ccoc2)[C@]2(C)C(O)[C@@H](O)[C@@]34OC5(C)OC67CC(C)(C(O)[C@]6(O)[C@@H](O)[C@]3(O5)C12)[C@H](CC(=O)O)[C@]74C,50,49.0,True
SPE00100123,Spectrum,COC(=O)C(OC(C)=O)[C@H]1C(C)(C)C(OC(C)=O)[C@@H]2CC3=C4CC(=O)O[C@@H](c5ccoc5)[C@]4(C)CCC3[C@]1(C)C2=O,49,48.0,True
SPE00100129,Spectrum,CC1(C)C(=O)[C@@H]2C[C@@]3(O)C4=CC(=O)O[C@@H](c5ccoc5)[C@]4(C)CCC3[C@@](C)(C2=O)[C@H]1CC(=O)O,49,48.0,True
SPE00100139,Spectrum,CC(=O)O[C@H]1C[C@@H](OC(C)=O)C(C)(C)C2C[C@@H](OC(C)=O)[C@@]3(C)C4=CC(=O)O[C@@H](c5ccoc5)[C@]4(C)CCC3[C@]21C,48,47.1,True
SPE00100146,Spectrum,CC1(C)C(=O)C=C[C@@]2(C)C1C=C[C@]1(C)C2CC[C@@]2(C)[C@H](c3ccoc3)OC(=O)C3OC321,49,48.0,True
SPE00100162,Spectrum,CC(=O)O[C@H]1C[C@@H](OC(C)=O)C(C)(C)C2C[C@@H](OC(C)=O)[C@]3(C)C(CC[C@@]4(C)[C@H](c5ccoc5)OC(=O)[C@H]5O[C@]543)[C@]21C,49,48.0,True
SPE00100173,Spectrum,CC(=O)O[C@@H]1CC2C(C)(C)C(=O)C3OC3[C@]2(C)C2CC[C@@]3(C)[C@H](c4ccoc4)OC(=O)C4OC43[C@@]21C,48,47.1,True
SPE00100194,Spectrum,CC1(C)C2CC(=O)O[C@]3(C)C4=CC(=O)O[C@@H](c5ccoc5)[C@]4(C)CCC3[C@@]2(C)C=C[C@H]1O,50,49.0,True
SPE00100201,Spectrum,CC(=O)O[C@H]1CC[C@@]2(C)C(C[C@@H](OC(C)=O)[C@@]3(C)C4=CC(=O)O[C@@H](c5ccoc5)[C@]4(C)CCC23)C1(C)C,50,49.0,True
SPE00100199,Spectrum,CC(=O)O[C@@H]1C=C[C@@]2(C)C(C[C@@H](OC(C)=O)[C@@]3(C)C4=CC(=O)O[C@@H](c5ccoc5)[C@]4(C)CCC23)C1(C)C,48,47.1,True
SPE00100205,Spectrum,CC(=O)O[C@@H]1CC[C@@]2(C)C(C[C@@H](OC(C)=O)[C@@]3(C)C4=CC(=O)O[C@@H](c5ccoc5)[C@]4(C)CCC23)C1(C)C,50,49.0,True
SPE00100222,Spectrum,COC(=O)C[C@H]1C(C)(C)[C@@H](O)[C@@H]2CC3=C4C=C(OC)O[C@@H](c5ccoc5)[C@]4(C)CCC3[C@]1(C)C2=O,49,48.0,True
SPE00100223,Spectrum,CC1(C)C(=O)[C@@H]2O[C@@H]2[C@@]2(C)C1C[C@@H](O)[C@]1(C)C2CC[C@@]2(C)[C@H](c3ccoc3)OC(=O)C3OC321,48,47.1,True
SPE00100267,Spectrum,CC(=O)Oc1ccc2c(c1C(C)C)CCC1C(C)(C)CCC[C@]21C,49,48.0,True
SPE00100271,Spectrum,CC(C)c1c(O)ccc2c1CCC1[C@@](C)(C=O)CCC[C@]21C,50,49.0,True
SPE00100286,Spectrum,CC(C)c1c(O)c(-c2cc3c(c(C(C)C)c2O)CCC2C(C)(C)CCC[C@]32C)cc2c1CCC1C(C)(C)CCC[C@]21C,49,48.0,True
SPE00100287,Spectrum,CC(C)c1c(O)ccc2c1CCC1C(C)(C)CCC[C@]21C,49,48.0,True
SPE01505740,Spectrum,NC(=O)CCCCC1CCSS1,49,48.0,True
SPE00100291,Spectrum,C[C@]12CCC3C(CC[C@]4(O)C[C@@H](O)CC[C@]34C=O)[C@@]1(O)CCC2C1=CC(=O)OC1,49,48.0,True
SPE00100298,Spectrum,CC(=O)O[C@H]1CC[C@]2(C)C3CC[C@@]4(C)C(CC5O[C@@]6(CCC(C)CO6)[C@@H](C)C54)C3CC[C@@H]2C1,49,48.0,True
SPE00100301,Spectrum,CC1CC[C@]2(NC1)O[C@H]1CC3C4CC[C@H]5C[C@@H](O)CC[C@]5(C)C4CC[C@]3(C)[C@H]1[C@@H]2C.Cl,49,48.0,True
SPE00100303,Spectrum,CC(=O)C1CC[C@H]2C3CC[C@H]4C[C@H](O)CC[C@]4(C)C3CC[C@]12C,49,48.0,True
SPE00100305,Spectrum,CC1CCC2(OC1)OC1CC3C4CCC5C[C@@H](O)CCC5(C)C4=CCC3(C)C1[C@@H]2C,50,49.0,True
SPE00100310,Spectrum,CC(=O)OC1CCC2(C)C3CC(=O)C4(C)C(CC5OC6(CCC(C)CO6)[C@@H](C)C54)C3CC[C@H]2C1,50,49.0,True
SPE00100315,Spectrum,C[C@@H]1CC[C@@]2(OC1)O[C@H]1CC3C4CC[C@H]5C[C@@H](O)CC[C@]5(C)C4CC[C@]3(C)[C@H]1[C@@H]2C,49,48.0,True
SPE00100318,Spectrum,C[C@@H]1CC[C@@]2(OC1)OC1CC3C4CC=C5C[C@@H](O)CC[C@]5(C)C4CC[C@]3(C)C1[C@@H]2C,50,49.0,True
SPE00100346,Spectrum,CC(C)(O)[C@@H]1[C@H]2OC(=O)[C@@H]1[C@]1(O)C[C@H]3O[C@]34C(=O)O[C@H]2[C@]14C,50,49.0,True
SPE00100355,Spectrum,CC1(C)C2CC(=O)[C@]3(C)C(CC[C@@]4(C)[C@H](c5ccoc5)OC(=O)C5OC543)[C@@]2(C)[C@@H](O)C[C@H]1O,50,49.0,True
SPE00100358,Spectrum,CC1(C)C2CC(=O)[C@]3(C)C(CC[C@@]4(C)[C@H](c5ccoc5)OC(=O)[C@H]5O[C@]543)[C@@]2(C)C(=O)C[C@H]1O,50,49.0,True
SPE00100359,Spectrum,COC(=O)C[C@H]1C(C)(C)[C@@H](O)[C@@H]2CC3=C4CC(O)O[C@@H](c5ccoc5)[C@]4(C)CCC3[C@]1(C)C2=O,49,48.0,True
SPE00100360,Spectrum,CC1(C)CC[C@]2(C)CC[C@]3(C)C(=CCC4[C@@]5(C)CC[C@H](O)C(C)(C)C5CC[C@]43C)C2C1,50,49.0,True
SPE00100424,Spectrum,COC(=O)CC1C(C)(C)C(OC(C)=O)[C@@H]2[C@@H](OC(C)=O)[C@]34O[C@@]2(O)[C@]1(C)C3CC[C@]1(C)C4=CC(=O)O[C@H]1c1ccoc1,49,48.0,True
SPE00100432,Spectrum,CC(=O)O[C@@H]1CC2C(C)(C)C(=O)C=C[C@]2(C)C2CC[C@]3(C)C(=CC(=O)O[C@H]3c3ccoc3)[C@@]21C,49,48.0,True
SPE00100447,Spectrum,CC(=O)O[C@H]1C[C@@H](OC(C)=O)C(C)(C)C2CC(=O)[C@]3(C)C(CC[C@@]4(C)[C@H](C(=O)O)OC(=O)C5OC543)[C@]21C,50,49.0,True
SPE00100455,Spectrum,CC1=C2C(O)C(=O)OC3CC4C(C)(C)C(=O)C=C[C@]4(C)C(CC1)[C@]23C,51,50.0,True
SPE00100465,Spectrum,COC(=O)C[C@H]1C(C)(C)[C@@H](OC(C)=O)[C@@H]2CC3C(CC[C@]4(C)C3CC(=O)O[C@H]4c3ccoc3)[C@]1(C)C2=O,48,47.1,True
SPE00100492,Spectrum,CC(=O)O[C@@H]1CC2C(C)(C)[C@@H](O)CC[C@]2(C)C2CC[C@@]3(C)[C@H](c4ccoc4)OC(=O)[C@H]4O[C@]43[C@@]21C,52,51.0,True
SPE00100497,Spectrum,CC(=O)O[C@H]1CC[C@@]2(C)C(C[C@@H](OC(C)=O)[C@]3(C)C2CC[C@@]2(C)[C@H](c4ccoc4)OC(=O)[C@H]4O[C@]423)C1(C)C,50,49.0,True
SPE00100513,Spectrum,CC1=CCc2c(cc3oc(C)cc(=O)c3c2O)OC1,49,48.0,True
SPE00100517,Spectrum,CCC(C)C(=O)O[C@@H]1C[C@@]2(C)[C@H](c3ccoc3)OC(=O)CC23OC2(C)OC34[C@H](OC(=O)C(C)C)[C@@]3(O)[C@@H](OC(=O)C5(C)OC5C)[C@@]5(C)C[C@]3(O)[C@@](C)([C@H]5CC(=O)OC)C14O2,49,48.0,True
SPE00100520,Spectrum,O=C1CC[C@]23/C=C/C(=O)NCCCCNCCCNC(=O)/C=C/c4ccc(c2c4)O[C@@H]3C1,51,50.0,True
SPE00100528,Spectrum,CC(C)=CCc1c(O)cc2oc(C)cc(=O)c2c1O,48,47.1,True
SPE00100529,Spectrum,COc1cc(O)c2c(=O)cc(C)oc2c1CC=C(C)C,49,48.0,True
SPE00100537,Spectrum,C[C@@H]1CC[C@@]2(NC1)O[C@H]1C[C@H]3C4CC=C5C[C@@H](O)CC[C@]5(C)C4CC[C@]3(C)C1[C@@H]2C,49,48.0,True
SPE00100540,Spectrum,C=C(C)[C@H]1COc2cc3oc(=O)ccc3cc2O1,49,48.0,True
SPE00100541,Spectrum,COc1c2ccccc2nc2occc12,49,48.0,True
SPE00100550,Spectrum,CC1(C)CC[C@]2(C(=O)O)CC[C@]3(C)C(=CCC4[C@@]5(C)CC[C@@H](O)C(C)(C)C5CC[C@]43C)C2C1,50,49.0,True
SPE00100551,Spectrum,C[C@H]1C(=O)CCC2[C@]3(C)CC[C@@]4(C)C5CC(C)(C)CC[C@]5(C)CC[C@]4(C)C3CC[C@@]21C,49,48.0,True
SPE00100552,Spectrum,CC(=O)O[C@H]1CC[C@@]2(C)C(CC[C@]3(C)C2CC=C2C4CC(C)(C)CC[C@]4(C)CC[C@]23C)C1(C)C,50,49.0,True
SPE00100563,Spectrum,COC[C@]12CN(C=O)C3[C@@H]4[C@H](OC)C1[C@]3(C1CC3(O)C(OC)C(O)C4(OC(C)=O)C1C3OC(=O)c1ccccc1)[C@@H](OC)C[C@H]2O,49,48.0,True
SPE00100566,Spectrum,CC(CCC(=O)O)[C@H]1CCC2C3CC[C@@H]4C[C@H](O)CC[C@]4(C)C3C[C@H](O)[C@@]21C,50,49.0,True
SPE00100579,Spectrum,CC(=O)O.COC1C(O)C(C)OC(O[C@H]2CC[C@]3(C=O)C4C(CC[C@]3(O)C2)[C@@]2(O)CC[C@H](C3=CC(=O)OC3)[C@@]2(C)C[C@H]4O)C1O,49,48.0,True
SPE00100588,Spectrum,CO[C@@H]1C[C@H](O[C@H]2CC[C@]3(C)C4CC[C@]5(C)[C@@H](C6=CC(=O)OC6)CC[C@]5(O)[C@@H]4CC[C@]3(O)C2)O[C@H](C)[C@@H]1O,48,47.1,True
SPE00330023,Spectrum,COP(N)(=O)SC,50,49.0,True
SPE00100605,Spectrum,CO[C@H]1[C@@H](O)[C@@H](C)O[C@H](O[C@H]2CCC3(C)C4CCC5(C)[C@@H](C6=CC(=O)OC6)CC[C@]5(O)[C@@H]4CC[C@]3(O)C2)[C@@H]1O,49,48.0,True
SPE00100280,Spectrum,CC(C)c1c(O)ccc2c1CCC1[C@@](C)(CO)CCC[C@]21C,50,49.0,True
SPE00100595,Spectrum,COc1c2c(cc3c1OCO3)CC[N+](C)=C2.[Cl-],49,48.0,True
SPE00100599,Spectrum,Cc1[nH]c2ccccc2c1CN(C)C,49,48.0,True
SPE00100604,Spectrum,Cc1ccc2c(c1)CC[C@H]1CC(=O)CC[C@]21C,50,49.0,True
SPE00100609,Spectrum,CC1(C)C=Cc2cc3ccc(=O)oc3cc2O1,49,48.0,True
SPE00100612,Spectrum,COC(=O)[C@@]1(C)CCC[C@]2(C)c3ccc(O)c(C(C)C)c3CCC12,49,48.0,True
SPE00100615,Spectrum,COC(=O)C[C@H]1C2(C)CC34OC5(C)O[C@@]6([C@H](OC)C(OC(=O)C(C)C)[C@]7(C)C(/C(=C(/OC)C(C)C)C(=O)O[C@H]7c7ccoc7)[C@@]6(O5)[C@H](OC)[C@@]3(OC)C2OC(C)=O)[C@]14C,51,50.0,True
SPE00100616,Spectrum,COc1ccc([C@@H](C)C(=O)c2ccc(O)cc2O)cc1,50,49.0,True
SPE00100638,Spectrum,COC(=O)[C@@H]1OC(=O)C2OC23[C@@]1(C)CCC1[C@]2(C)C(C[C@H](O)[C@]13C)C(C)(C)[C@H](OC(C)=O)C[C@@H]2OC(C)=O,49,48.0,True
SPE00100650,Spectrum,COC(=O)[C@@H]1OC(=O)C2OC23[C@@]1(C)CCC1[C@]2(C)C(C[C@@H](O)[C@]13C)C(C)(C)[C@H](OC(C)=O)C[C@@H]2OC(C)=O,49,48.0,True
SPE00100652,Spectrum,CC(=O)C1CCC2C3CCC4C[C@H](O)CCC4(C)C3C[C@H](O)C12C,51,50.0,True
SPE00100489,Spectrum,COC(=O)[C@@H]1OC(=O)[C@H]2O[C@@]23[C@@]1(C)CCC1[C@@]2(C)CCC(=O)C(C)(C)C2C[C@@H](OC(C)=O)[C@]13C,49,48.0,True
SPE00100688,Spectrum,C[C@]12[C@H](O)CC3C(CC[C@@H]4C[C@@H](O)CC[C@]34C)[C@@]1(O)CC[C@@H]2C1=CC(=O)OC1,49,48.0,True
SPE00100698,Spectrum,COC1CC(O[C@H]2CC[C@]3(C=O)C4CC[C@]5(C)C(C6=CC(=O)OC6)CC[C@]5(O)C4CC[C@]3(O)C2)OC(C)C1O,48,47.1,True
SPE00100743,Spectrum,COc1ccc2c(c1)O[C@H]1c3ccc(OC)cc3OC[C@@H]21,49,48.0,True
SPE00100749,Spectrum,CC(=O)OC1CCC23C(=O)OC45CCC(C6=CC(=O)OC6)C4(C)CCC2C5CCC3(O)C1,49,48.0,True
SPE00102007,Spectrum,COc1ccc(-c2coc3cc(O)ccc3c2=O)cc1,49,48.0,True
SPE00102035,Spectrum,CC(=O)O[C@@H]1CC2C(C)(CC[C@H](O)C2(C)C)C2CC[C@]3(C)C(=CC(=O)O[C@H]3c3ccoc3)C21C,51,50.0,True
SPE00102058,Spectrum,CC(=O)O[C@@H]1CC[C@@]2(C)C(CC[C@]3(C)C2CC=C2C4CC(C)(C)CC[C@]4(C(=O)O)CC[C@]23C)C1(C)C,50,49.0,True
SPE00102076,Spectrum,CC(C)=CCOc1c2occc2cc2ccc(=O)oc12,48,47.1,True
SPE00200002,Spectrum,CCOC(=O)c1c(C)cc(O)cc1O,50,49.0,True
SPE00200004,Spectrum,COc1cc2c(cc1OC)C1(O)C(=O)c3ccc(O)c(C(=O)O)c3OC1CO2,50,49.0,True
SPE00200007,Spectrum,CC(C)=CCCC1(C)C=Cc2c(O)c3c(c(CC=C(C)C)c2O1)OC12C(=CC4CC1C(C)(C)OC2(C/C=C(/C)C(=O)O)C4=O)C3=O,50,49.0,True
SPE00200010,Spectrum,Oc1cc2c(cc1O)C1c3ccc(O)c(O)c3OCC1(O)C2,49,48.0,True
SPE00200011,Spectrum,COc1c(-c2coc3cc4c(cc3c2=O)CC(O)C(C)(C)O4)ccc2c1C=CC(C)(C)O2,51,50.0,True
SPE00200012,Spectrum,Oc1ccc2c(c1)OCC1(O)Cc3cc(O)c(O)cc3C21,49,48.0,True
SPE00200013,Spectrum,C=C(C)[C@H]1Cc2c(ccc3c2O[C@@H]2COc4cc(OC)c(OC)cc4[C@@H]2C3=O)O1,50,49.0,True
SPE00200015,Spectrum,COc1cc2c(cc1OC)[C@@H]1C(=O)c3ccc4oc(C(C)C)cc4c3O[C@@H]1CO2,49,48.0,True
SPE00200022,Spectrum,CC[C@@]1(O)C[C@H](O[C@H]2C[C@H](N(C)C)[C@H](O)[C@H](C)O2)c2c(cc3c(c2O)C(=O)c2c(O)cccc2C3=O)[C@H]1C(=O)OC.Cl,50,49.0,True
SPE00200033,Spectrum,COC(=O)c1c(C)c2c(c(C)c1O)OC(=O)c1c(C)c(Cl)c(O)c(Cl)c1O2,50,49.0,True
SPE00200035,Spectrum,COC(=O)c1c(OC)cc2c(c1C)Oc1c(Cl)c(O)c(Cl)c(C)c1C(=O)O2,50,49.0,True
SPE00200070,Spectrum,Cc1cc(OC(=O)c2c(C)cc(O)cc2O)cc(O)c1C(=O)O,49,48.0,True
SPE00200090,Spectrum,COC1=CC(=O)C(O)=C/C1=C\C=C\c1ccccc1,49,48.0,True
SPE00200110,Spectrum,COc1cc(O)cc(OC)c1OC,50,49.0,True
SPE00200111,Spectrum,O=c1c(O)cc([C@H]2Oc3cc(O)cc(O)c3C[C@H]2O)cc2c([C@H]3Oc4cc(O)cc(O)c4C[C@@H]3O)cc(O)c(O)c12,49,48.0,True
SPE00200115,Spectrum,COc1ccc(-c2cc(=O)c3c(O)c(OC)c(O[C@H]4O[C@H](CO[C@@H]5O[C@@H](C)[C@H](O)[C@@H](O)[C@H]5O)[C@@H](O)[C@H](O)[C@H]4O)cc3o2)cc1,49,48.0,True
SPE00200139,Spectrum,COc1ccc(-c2coc3c(OC)c(OC)cc(O)c3c2=O)cc1,50,49.0,True
SPE00200208,Spectrum,COc1cc(OC)c(OC)cc1C=O,49,48.0,True
SPE00200243,Spectrum,COc1cc(OC)c2c(c1Cl)OC1(C2=O)C(O)=CC(=O)CC1C,52,51.0,True
SPE00200258,Spectrum,O=C(/C=C/c1ccccc1)c1ccc(O[C@@H]2O[C@H](CO)[C@@H](O)[C@H](O)[C@H]2O)cc1O,50,49.0,True
SPE00200407,Spectrum,O=C(/C=C/c1ccccc1)c1ccc(O)cc1,50,49.0,True
SPE00200413,Spectrum,COC1=CC(=O)C=C(OC)C1=O,49,48.0,True
SPE00200422,Spectrum,COc1ccc(-c2coc3cc(O)ccc3c2=O)c(O)c1O,49,48.0,True
SPE00200424,Spectrum,CCOc1ccc(C(=O)c2ccc(O)c(O)c2O)cc1,50,49.0,True
SPE00200425,Spectrum,CCOc1ccc(C(=O)c2ccc(OC)c(O)c2O)cc1,49,48.0,True
SPE00200427,Spectrum,O=C(O)[C@H](O)[C@@](O)(Cc1ccc(O)cc1)C(=O)O,49,48.0,True
SPE00200428,Spectrum,CCCCCCCCCCCC[C@H](C(=O)O)[C@@H](C)C(=O)O,50,49.0,True
SPE00200441,Spectrum,COc1cc(O)c(C(C)=O)c(OC)c1,49,48.0,True
SPE00200446,Spectrum,COc1cc(OC)c(C(C)=O)c(O)c1C,49,48.0,True
SPE00200457,Spectrum,COc1ccc2c(=O)c(CC(=O)O)coc2c1,48,47.1,True
SPE00200463,Spectrum,O=C1C=C2C[C@@]3(O)COc4cc(O)ccc4C3=C2C=C1O,50,49.0,True
SPE00200484,Spectrum,COc1ccc2c(c1)OCC(Cc1ccc(OC)c(O)c1)C2=O,48,47.1,True
SPE00200488,Spectrum,CC(=O)Oc1cc(C)c2c(c1C(OC(C)=O)OC(C)=O)Oc1c(c(C)c(OC(C)=O)c3c1C(OC(C)=O)OC3=O)OC2=O,50,49.0,True
SPE00200499,Spectrum,COc1ccc(-c2cc(=O)c3c(O)cc(O)cc3o2)cc1,49,48.0,True
SPE00200523,Spectrum,O=c1c2ccccc2oc2ccccc12,48,47.1,True
SPE00200640,Spectrum,Cc1cc(O)c(C)c(O)c1C(=O)O,49,48.0,True
SPE00200690,Spectrum,COC1=CC(=O)C(C(=O)c2ccccc2)=CC1=O,49,48.0,True
SPE00200743,Spectrum,CC(C)C(C)/C=C/C(C)C1CCC2C3=CC=C4CC(O)CCC4(C)C3CCC21C,50,49.0,True
SPE00200744,Spectrum,CC(=O)OC1CCC2(C)C(=CC=C3C2CCC2(C)C3CCC2C(C)/C=C/C(C)C(C)C)C1(C)C,50,49.0,True
SPE00200759,Spectrum,COc1c(O)cc(O)cc1O,50,49.0,True
SPE00200763,Spectrum,COc1cc(-c2coc3cc(OCc4ccccc4)c(OC)c(O)c3c2=O)cc(O)c1OC,49,48.0,True
SPE00200774,Spectrum,COc1cc(-c2coc3cc(O)c(OC)c(O)c3c2=O)cc(O)c1OC,49,48.0,True
SPE00200789,Spectrum,O=c1c(-c2ccc(O)cc2)coc2cc(O)ccc12,49,48.0,True
SPE00200793,Spectrum,COc1cc(-c2coc3cc(O[C@@H]4O[C@H](CO)[C@@H](O)[C@H](O)[C@H]4O)c(OC)c(O)c3c2=O)cc(O)c1OC,49,48.0,True
SPE00200798,Spectrum,C=CC(C1=CC(=O)C(OC)=CC1=O)c1ccc(O)cc1,49,48.0,True
SPE00200846,Spectrum,O=c1cc(-c2ccc(O)cc2)oc2cc(O)cc(O)c12,49,48.0,True
SPE00200848,Spectrum,COc1ccc2c(c1)OCC(Cc1ccc(O)c(OC)c1)C2=O,48,47.1,True
SPE00200873,Spectrum,COc1cc(-c2coc3cc(OC)c(OC)c(OC)c3c2=O)cc(OC)c1OC,49,48.0,True
SPE00201078,Spectrum,COc1cc(C/C=C/c2ccccc2)c(OC)cc1O,50,49.0,True
SPE00201092,Spectrum,C=CC(C1=CC(=O)C(OC)=CC1=O)c1ccccc1,50,49.0,True
SPE00201136,Spectrum,COc1ccc2c(c1)OC/C(=C\c1ccc(OC)c(O)c1)C2=O,50,49.0,True
SPE00201154,Spectrum,C=C(C)C1Cc2c(ccc3c(=O)c4c(oc23)COc2cc(OC)c(OC)cc2-4)O1,51,50.0,True
SPE00201177,Spectrum,COc1ccc([C@H]2COc3c(ccc(O)c3OC)C2)c(OC)c1O,49,48.0,True
SPE00201227,Spectrum,CCCCC[C@H](CC(=O)O)C(=O)O,50,49.0,True
SPE00201281,Spectrum,C=CC(C1=CC(=O)C=CC1=O)c1ccccc1,50,49.0,True
SPE00201315,Spectrum,O=c1cc(-c2ccccc2)oc2c(O)c(O)ccc12,49,48.0,True
SPE00201331,Spectrum,COc1ccc2c(c1)OCC(Cc1ccc(OC)c(OC)c1)C2=O,48,47.1,True
SPE00201342,Spectrum,COc1ccc2c(c1)OCC(Cc1ccc(OC)c(OC(C)=O)c1)C2=O,48,47.1,True
SPE00201364,Spectrum,COc1ccc2c(c1OC)OC[C@@H](c1ccc(OC)c(OC)c1OC)C2,49,48.0,True
SPE00201448,Spectrum,C=CC(C1=CC(=O)C(OC)=CC1=O)c1ccc(OC)cc1,49,48.0,True
SPE00201449,Spectrum,COc1cc2c(cc1OC)[C@@H]1C(=O)c3ccc4c(c3O[C@@H]1CO2)CC(C(C)C)O4,50,49.0,True
SPE00201466,Spectrum,COC(=O)C(O)c1ccccc1,50,49.0,True
SPE00201477,Spectrum,COc1ccc2c(c1)O[C@@H]1COc3cc(OC)c(OC)cc3[C@@H]1C2=O,42,41.2,True
SPE00201515,Spectrum,O=C(O[C@@H]1Cc2c(O)cc(O)cc2O[C@@H]1c1cc(O)c(=O)c2c(O)c(O)cc([C@H]3Oc4cc(O)cc(O)c4C[C@H]3OC(=O)c3cc(O)c(O)c(O)c3)c2c1)c1cc(O)c(O)c(O)c1,42,41.2,True
SPE00201522,Spectrum,CC(C)=CCCC1(C)C=Cc2c(O)c3c(c(CC=C(C)C)c2O1)OC12C(=CC4CC1C(C)(C)OC2(C/C=C(\C)C(N)=O)C4=O)C3=O,41,40.2,True
SPE00201524,Spectrum,CC(C)=CCCC1(C)C=Cc2c(O)c3c(c(CC=C(C)C)c2O1)OC12C(=CC4CC1C(C)(C)OC2(C/C=C(/C)C(=O)O)C4O)C3=O,41,40.2,True
SPE00201538,Spectrum,CC(C)CCCC1(C)C=Cc2c(O)c3c(c(CCC(C)C)c2O1)OC12C(CC4CC1C(C)(C)OC2(CCC(C)C(=O)O)C4O)C3=O,42,41.2,True
SPE00201539,Spectrum,CC(C)=CCCC1(C)C=Cc2c(O)c3c(c(CC=C(C)C)c2O1)OC12C(=CCCC1C(C)(C)O[C@@]2(C/C=C(\C)C(=O)O)C(=O)O)C3=O,41,40.2,True
SPE00201540,Spectrum,CC(C)=CCCC1(C)C=Cc2c(O)c3c(c(CC=C(C)C)c2O1)OC12C(CC4CC1C(C)(C)OC2(C/C=C(/C)C(=O)O)C4O)C3=O,42,41.2,True
SPE00201580,Spectrum,CC(C)=CCc1c2c(c3occ(-c4ccc(O)c(O)c4)c(=O)c3c1O)C=CC(C)(C)O2,42,41.2,True
SPE00201595,Spectrum,CC(C)=CCc1c2c(c3occ(-c4ccc(O)cc4)c(=O)c3c1O)C=CC(C)(C)O2,42,41.2,True
SPE00201602,Spectrum,COc1cc2c(cc1-c1cc3cc4ccoc4cc3oc1=O)OCO2,41,40.2,True
SPE00201604,Spectrum,CC[C@@]1(O)C[C@H](O[C@H]2C[C@H](N(C)C)[C@H](O)[C@H](C)O2)c2c(cc3c(c2O)C(=O)c2c(O)ccc(O)c2C3=O)[C@H]1C(=O)OC,42,41.2,True
SPE00201605,Spectrum,CCc1ccc2c(O)c3c(cc2c1C(=O)OC)C(=O)c1c(O)ccc(O)c1C3=O,42,41.2,True
SPE00201606,Spectrum,CC[C@@]1(O)C[C@H](O)c2c(cc3c(c2O)C(=O)c2c(O)ccc(O)c2C3=O)[C@H]1C(=O)OC,42,41.2,True
SPE00201650,Spectrum,CC(C)=CCc1c(O)cc2occ(-c3ccc4c(c3)OCO4)c(=O)c2c1O,42,41.2,True
SPE00201662,Spectrum,CC(=O)O[C@@H]1C2CC[C@@H]3C1(C[C@@H](O)[C@@]1(O)[C@@H](C[C@H](O)C1(C)C)[C@]3(C)O)C[C@@]2(C)O,42,41.2,True
SPE00201664,Spectrum,CC1=C(O)C(=O)C=C2C1=CC=C1[C@@]2(C)CC[C@@]2(C)[C@@H]3C[C@](C)(C(=O)O)CC[C@]3(C)CC[C@]12C,42,41.2,True
SPE00201696,Spectrum,CC(=O)O[C@H]1CCC2(C)C3=C(CCC2C1(C)C)[C@]1(C)CCC(C(C)CCC=C(C)C)[C@@]1(C)CC3,41,40.2,True
SPE00201697,Spectrum,CC(C)=CCCC(C)[C@@H]1CC[C@]2(C)C3=C(CC[C@@]12C)C1(C)CC[C@H](O)C(C)(C)C1CC3,42,41.2,True
SPE00201727,Spectrum,COc1cc(O)c(C(=O)O)c(O)c1,42,41.2,True
SPE00200034,Spectrum,COC(=O)c1c(C)cc(OC(=O)c2c(C)cc(O)c(C=O)c2O)c(C)c1O,41,40.2,True
SPE00201716,Spectrum,Cc1cc(O)c(C=O)c2c1C(=O)Oc1c(C)c(O)c3c(c1O2)C(O)OC3=O,42,41.2,True
SPE00107022,Spectrum,CCC(CCC(C)[C@H]1CCC2C3CC=C4C[C@@H](O)CC[C@]4(C)C3CC[C@@]21C)C(C)C,42,41.2,True
SPE00107013,Spectrum,CC1CC[C@@]2(OC1)O[C@H]1CC3C4CC[C@@H]5C[C@@H](O)CC[C@]5(C)C4CC[C@]3(C)[C@H]1[C@@H]2C,42,41.2,True
SPE00107108,Spectrum,C[C@]12CCC3C(CC[C@H]4CC(=O)CC[C@]34C)C1CCC2=O,41,40.2,True
SPE00202130,Spectrum,OCC(O)C(O)C(O)C(O)C(O)CO,41,40.2,True
SPE00202175,Spectrum,COc1ccc2c(c1)OC1(O)COc3cc(OC)c(OC)cc3C1=C2,42,41.2,True
SPE00202178,Spectrum,Oc1ccc([C@H]2Oc3cc(O)cc(O)c3C[C@H]2O)cc1,42,41.2,True
SPE00210186,Spectrum,CC1=C2C(=CO[C@H](C)[C@H]2C)C(O)=C(C(=O)O)C1=O,41,40.2,True
SPE00210203,Spectrum,COc1c(CC(=O)c2cc3c(cc2O)OC(C)(C)C(O)C3)ccc2c1C=CC(C)(C)O2,42,41.2,True
SPE00210211,Spectrum,COc1ccc([C@H]2Oc3cc(OC)cc(OC)c3C[C@H]2O)cc1,42,41.2,True
SPE00210220,Spectrum,COc1cc(OC)c2c(c1)O[C@H](c1ccc(OC)c(OC)c1)[C@@H](O)C2,41,40.2,True
SPE00205113,Spectrum,Oc1cc(O)c2c(c1)O[C@H](c1cc(O)c(O)c(O)c1)[C@H](O)C2,42,41.2,True
SPE00210205,Spectrum,Oc1cc(O)c2c(c1)O[C@H](c1ccc(O)c(O)c1)[C@@H](O)C2,42,41.2,True
SPE00210239,Spectrum,O=C(O[C@@H]1Cc2c(O)cc(O)cc2O[C@@H]1c1cc(O)c(O)c(O)c1)c1cc(O)c(O)c(O)c1,42,41.2,True
SPE00210206,Spectrum,Oc1cc(O)c2c(c1)O[C@H](c1ccc(O)c(O)c1)[C@H](O)C2,42,41.2,True
SPE00210238,Spectrum,O=C(O[C@@H]1Cc2c(O)cc(O)cc2O[C@@H]1c1ccc(O)c(O)c1)c1cc(O)c(O)c(O)c1,42,41.2,True
SPE00210242,Spectrum,O=C(O[C@@H]1Cc2c(O)cc(O)cc2O[C@@H]1c1cc(O)c(=O)c2c(O)c(O)cc([C@H]3Oc4cc(O)cc(O)c4C[C@H]3O)c2c1)c1cc(O)c(O)c(O)c1,42,41.2,True
SPE00210400,Spectrum,NCCc1ccc(O)cc1,41,40.2,True
SPE00210477,Spectrum,CCCCC[C@H](CC(=O)NO)C(=O)N[C@H](C(=O)N1CCC[C@H]1CO)C(C)C,41,40.2,True
SPE00210505,Spectrum,O=c1c(O)cccc2cc(O)c(O)c(O)c12,42,41.2,True
SPE00210556,Spectrum,COc1ccc2c(=O)c(-c3cc4c(cc3OC)OCO4)coc2c1,42,41.2,True
SPE01503425,Spectrum,CN1CCN(C(=O)OC2c3nccnc3C(=O)N2c2ccc(Cl)cn2)CC1,41,40.2,True
SPE00210599,Spectrum,CCOc1ccc(C(=O)c2cc(O)c(OC)c(OC)c2O)cc1,42,41.2,True
SPE00210658,Spectrum,COc1ccc2c(c1)OCc1c-2oc2cc(OC)ccc12,42,41.2,True
SPE00210800,Spectrum,O=C(/C=C/c1ccc(O)c(O)c1)O[C@@H]1C[C@](O)(C(=O)O)C[C@@H](O)[C@H]1O,42,41.2,True
SPE00210837,Spectrum,CC1(C)O[C@H]2[C@H](O)C[C@](O)(C(N)=O)C[C@H]2O1,42,41.2,True
SPE00210850,Spectrum,O=C1c2ccccc2C(=O)c2c1ccc(O)c2O,42,41.2,True
SPE00210866,Spectrum,COc1c2occc2c(OC)c2c(=O)cc(C)oc12,41,40.2,True
SPE00210874,Spectrum,COc1ccc2ccc(=O)oc2c1,42,41.2,True
SPE00210924,Spectrum,COC(=O)c1c(C)cc(OC)cc1O,42,41.2,True
SPE00211009,Spectrum,CCOC(=O)c1c(C)cc(OC)cc1O,42,41.2,True
SPE00211012,Spectrum,CC(=O)Oc1cc(-c2coc3cc(OC(C)=O)c(OC(C)=O)c(OC(C)=O)c3c2=O)cc(OC(C)=O)c1OC(C)=O,42,41.2,True
SPE00211031,Spectrum,C[C@@H]1C(=O)O[C@H]2[C@H]1CC[C@@]1(C)C=CC(=O)[C@@]3(C)O[C@@]213,41,40.2,True
SPE00211066,Spectrum,COc1c(O)cccc1O,42,41.2,True
SPE00211126,Spectrum,O=C(Nc1ccccc1)Nc1ccccc1,42,41.2,True
SPE00211249,Spectrum,COc1ccc(-c2coc3cc(OC)ccc3c2=O)cc1,42,41.2,True
SPE00211473,Spectrum,Cc1cc(O)c2c(c1O)C(=O)c1c(O)cc(C)c(O)c1C2=O,42,41.2,True
SPE00211475,Spectrum,COc1ccc(C(=O)/C=C/c2ccccc2)cc1,41,40.2,True
SPE00211539,Spectrum,OCC(O)C(O)C(O)CO,42,41.2,True
SPE00240429,Spectrum,CCOc1cccc(C(=O)c2ccc(O)c(O)c2O)c1,42,41.2,True
SPE00240645,Spectrum,COc1ccc(-c2coc3c(O)c(OC)ccc3c2=O)cc1,42,41.2,True
SPE00240673,Spectrum,COc1ccc(-c2c(O)c3c(OC)c4c(cc3oc2=O)OC(C)(C)C=C4)cc1,42,41.2,True
SPE00240862,Spectrum,COc1c(O)cc2c(-c3ccccc3)cc(=O)oc2c1OC,42,41.2,True
SPE00240828,Spectrum,C=C[C@@H](C1=CC(=O)C(OC)=C(OC)C1=O)c1ccccc1,41,40.2,True
SPE00240927,Spectrum,CCCCCCCCCCCCCCC(C(=O)O)C(O)(CC(=O)OC)C(=O)O,41,40.2,True
SPE00240914,Spectrum,C[C@H]1C[C@@H](O)[C@]2(O)[C@@]13CC(=O)OC[C@@]2(C)[C@](C)(O)C(=O)C3,42,41.2,True
SPE00240929,Spectrum,C#CCCCCCCCCCCCC(O)CC(O)COC(C)=O,41,40.2,True
SPE00240958,Spectrum,COc1ccc(-c2cc(=O)c3ccccc3o2)cc1,42,41.2,True
SPE00240942,Spectrum,CCCCCC(=O)Cc1cc(O)cc(O)c1C(=O)Oc1cc(CC(=O)CCCCC)c(C(=O)O)c(OC)c1,42,41.2,True
SPE00240944,Spectrum,CC(=O)Oc1ccc2c(c1OC(C)=O)OCC1(O)Cc3c(cc(OC(C)=O)c(OC(C)=O)c3OC(C)=O)C21,42,41.2,True
SPE00270051,Spectrum,COC(=O)CCC(C)C1CCC2C3CC[C@@H]4C[C@H](O)CC[C@]4(C)C3C[C@H](O)[C@]12C,42,41.2,True
SPE00270043,Spectrum,CC(C(=O)O)[C@H]1CCC2C3CC=C4C[C@@H](O)CC[C@]4(C)C3CC[C@@]21C,41,40.2,True
SPE00270049,Spectrum,CC(CCC(=O)O)[C@H]1CCC2C3C[C@H](O)[C@@H]4C[C@H](O)CC[C@]4(C)C3CC[C@@]21C,41,40.2,True
SPE00270067,Spectrum,CC[C@H](/C=C/C(C)C1CCC2C3CCC4=CC(=O)CC[C@]4(C)C3CC[C@]12C)C(C)C,42,41.2,True
SPE00270083,Spectrum,CC(C)CCCC(C)C1CCC2C3CC(=O)[C@H]4C[C@@H](O)CC[C@]4(C)C3CC[C@]12C,41,40.2,True
SPE00270090,Spectrum,CC(C)CCCC(C)C1CCC2C3C[C@@H](O)[C@@]4(O)C[C@@H](O)CC[C@]4(C)C3CC[C@]12C,42,41.2,True
SPE00300001,Spectrum,Cc1cc(O)cc(O)c1C(=O)O,42,41.2,True
SPE00300003,Spectrum,CC1=CC(=O)C2C(C)(C)CCC[C@]2(C)[C@@]1(O)CCc1ccoc1,41,40.2,True
SPE00300005,Spectrum,COc1cc2ccc(=O)oc2c2ccoc12,41,40.2,True
SPE00300006,Spectrum,COc1cc(C)c2c(c1C=O)Oc1c(c(C)c(O)c3c1C(O)OC3=O)OC2=O,41,40.2,True
SPE00300007,Spectrum,C=C(C)c1cc2cc(C(C)=O)c(O)cc2o1,42,41.2,True
SPE00200054,Spectrum,Cc1cc(O)c(C=O)c2c1C(=O)Oc1c(COC(=O)/C=C/C(=O)O)c(O)c(C(=O)O)c(C)c1O2,42,41.2,True
SPE00300020,Spectrum,CCCCCCCCCCCCCCCC(=O)OCC(O)CO,41,40.2,True
SPE00300018,Spectrum,CCCCCc1c2c(cc(O)c1C(=O)O)OC(=O)c1c(cc(OC)cc1C(=O)CCCC)O2,42,41.2,True
SPE00300013,Spectrum,COc1c(OC)c2occc2c2oc(=O)ccc12,41,40.2,True
SPE00300012,Spectrum,COc1c2ccoc2c(OC)c2oc(=O)ccc12,41,40.2,True
SPE00300038,Spectrum,O=C1C=CC(=O)c2c(O)cccc21,42,41.2,True
SPE00300010,Spectrum,CC1=CCCC2C1(C)CCC(C)C2(C)CC/C(C)=C/Cn1c[n+](C)c2c(N)ncnc21.[Cl-],41,40.2,True
SPE00300032,Spectrum,COc1cc2occc2c2oc(=O)ccc12,41,40.2,True
SPE00300021,Spectrum,C=C1C[C@]23C[C@@]1(O)CC[C@H]2[C@@]12C=C[C@H](O)[C@](C)(C(=O)O1)[C@H]2[C@@H]3C(=O)O,42,41.2,True
SPE00300062,Spectrum,COc1cc2c(cc1OC)C(=O)OC2,42,41.2,True
SPE00300047,Spectrum,CN1C2C[C@H](OC(=O)[C@H](CO)c3ccccc3)C[C@H]1[C@@H](O)C2,42,41.2,True
SPE00300060,Spectrum,CC(=O)/C=C\[C@@H]1[C@@]2(C)CCCC(C)(C)C2CC[C@@]1(C)O,42,41.2,True
SPE00300057,Spectrum,C=C[C@@](C)(O)CCC1C(=C)C[C@H](OC(C)=O)C2C(C)(C)CCCC12C,41,40.2,True
SPE00300058,Spectrum,C=C[C@@](C)(O)CCC1C(=C)CCC2[C@@](C)(CO)CCC[C@]12C,41,40.2,True
SPE00300056,Spectrum,C=C[C@@](C)(O)CCC1C(=C)C[C@H](O)C2C(C)(C)CCCC12C,42,41.2,True
SPE00300055,Spectrum,CC1=CC2C(C(C)C)CCC(C)(O)C2CC1,42,41.2,True
SPE00300104,Spectrum,C=C1CCC(C2CC(=O)OC2=O)C(=O)CCC2C1CC2(C)C,41,40.2,True
SPE00300105,Spectrum,CC12CCCC(O)(C1)C1CC(C)(C)C1CC2,41,40.2,True
SPE00300106,Spectrum,C=C1C(N)CC2CC1C2(C)C.Cl,42,41.2,True
SPE00300146,Spectrum,COC(=O)/C(=C1\OC(=O)C(c2ccccc2)=C1O)c1ccccc1,41,40.2,True
SPE00300423,Spectrum,COc1cc(OC)c(-c2c(OC)cc(OC)cc2OC)c(OC)c1,42,41.2,True
SPE00300531,Spectrum,OC[C@H]1O[C@@](CO)(O[C@@H]2O[C@H](CO)[C@@H](O)[C@H](O)[C@H]2O)[C@@H](O[C@@H]2O[C@H](CO)[C@@H](O)[C@H](O)[C@H]2O)[C@@H]1O,42,41.2,True
SPE00300533,Spectrum,C/C=C/c1ccc2c(c1)OCO2,41,40.2,True
SPE00300537,Spectrum,Nc1nc2ncc(=O)[nH]c2c(=O)[nH]1,42,41.2,True
SPE00300538,Spectrum,COc1cc(OC)c2c(=O)c(O)c(-c3ccc(OC)c(OC)c3)oc2c1,41,40.2,True
SPE00300539,Spectrum,OC[C@H]1O[C@@H](Oc2ccc(O)cc2)[C@H](O)[C@@H](O)[C@@H]1O,42,41.2,True
SPE00300540,Spectrum,COc1ccc2c(C)cc(=O)oc2c1,41,40.2,True
SPE00300542,Spectrum,CC1=C2[C@H]3OC(=O)[C@@H](C)[C@@H]3CC[C@@]2(C)C=CC1=O,42,41.2,True
SPE00300546,Spectrum,COc1c2ccoc2cc2oc(=O)ccc12,41,40.2,True
SPE00300547,Spectrum,O=C(CCc1ccc(O)cc1)c1c(O)cc(O)cc1O[C@@H]1O[C@H](CO)[C@@H](O)[C@H](O)[C@H]1O,42,41.2,True
SPE00300558,Spectrum,CC(=O)O[C@@H]1CC2C(C)(C)[C@H](O)C=C[C@]2(C)C2CC[C@@]3(C)[C@H](c4ccoc4)OC(=O)C4OC43[C@@]21C,41,40.2,True
SPE00300553,Spectrum,CC(=O)CC1CCCCN1.Cl,41,40.2,True
SPE00300554,Spectrum,O=C(CCc1ccc(O)cc1)c1c(O)cc(O)cc1O,42,41.2,True
SPE00300564,Spectrum,CC(C)[C@@H]1CC[C@@H](C)CC1=O,41,40.2,True
SPE00300566,Spectrum,CC(C)=CC1C(CO)C1(C)C,42,41.2,True
SPE00300604,Spectrum,CC(=O)c1c(O)cc(O)cc1O,42,41.2,True
SPE00300610,Spectrum,COc1cc(C(C)=O)cc(OC)c1O,42,41.2,True
SPE00307033,Spectrum,CC1(C)CC2C1CC[C@]1(C)CCC3C(C(=O)O)CC(=O)O[C@@]32C1,41,40.2,True
SPE00307043,Spectrum,C[C@@H]1CC[C@@]23CCC4(C)[C@@](C=CC5[C@@]6(C)CC[C@H](O)C(C)(C)C6CC[C@]54C)(OC2=O)C3[C@H]1C,41,40.2,True
SPE00307047,Spectrum,C[C@@H]1CC[C@@]23CCC4(C)[C@@](C=CC5[C@@]6(C)CCC(=O)C(C)(C)C6CC[C@]54C)(OC2=O)C3[C@H]1C,42,41.2,True
SPE00307050,Spectrum,CC(C)c1ccc2c(c1)CCC1C(C)(C(N)=O)CCCC21C,41,40.2,True
SPE00307056,Spectrum,CC1=CC2C(CC1=O)C(C)=CCC2C(C)C,41,40.2,True
SPE00307057,Spectrum,CC(C)=CCC[C@](C)(O)C1CC=C(C)CC1,42,41.2,True
SPE00307059,Spectrum,C[C@@H]1CC[C@H]2C(C)(C)C3CC12CC[C@@]3(C)O,42,41.2,True
SPE00310004,Spectrum,Cl.c1cncc(C2CCCCN2)c1,41,40.2,True
SPE00310012,Spectrum,COc1ccc([C@@H]2CC(=O)c3c(O)cc(O)cc3O2)cc1O,41,40.2,True
SPE00310018,Spectrum,O=C(O)[C@]1(O)C[C@@H](O)[C@@H](O)[C@H](O)C1,41,40.2,True
SPE00310015,Spectrum,CC(=O)O[C@]1(C)CC[C@@]23CC1C(C)(C)[C@@H]2CC[C@H]3C,41,40.2,True
SPE00310011,Spectrum,COc1ccc([C@@H]2CC(=O)c3c(O)cc(O[C@@H]4O[C@H](CO[C@H]5O[C@@H](C)[C@H](O)[C@@H](O)[C@H]5O)[C@@H](O)[C@H](O)[C@H]4O)cc3O2)cc1O,42,41.2,True
SPE00310009,Spectrum,C[C@]12CCC3C(CC[C@H]4C[C@@H](O)CC[C@]34C)C1CCC2=O,41,40.2,True
SPE00310010,Spectrum,C=C1C(=O)O[C@@H]2C[C@@]3(C)CCC[C@H](C)C3=C[C@H]12,41,40.2,True
SPE00310016,Spectrum,O=C(O)CCCCCCCCCCCCC1C=CCC1,41,40.2,True
SPE00310008,Spectrum,NC(CSCSCC(N)C(=O)O)C(=O)O,41,40.2,True
SPE00310002,Spectrum,OCC(O)C(O)C(O)CO,42,41.2,True
SPE00310019,Spectrum,CCOC(=O)C1C(C=C(C)C)C1(C)C,42,41.2,True
SPE00310021,Spectrum,C/C(=C\CO)CC[C@H](C)CCC[C@H](C)CCCC(C)C,41,40.2,True
SPE00310023,Spectrum,O=c1[nH]cnc2nc[nH]c12,41,40.2,True
SPE00310025,Spectrum,Cc1occc(=O)c1O,41,40.2,True
SPE00310028,Spectrum,COC1=CC(C)[C@@H]2C[C@H]3OC(=O)C[C@H]4C(C)=C(OC)C(=O)C([C@@]34C)[C@@]2(C)C1=O,41,40.2,True
SPE00310001,Spectrum,O=C(O)/C=C(\CC(=O)O)C(=O)O,41,40.2,True
SPE00310030,Spectrum,CC(=O)OCC[C@H](C)CCC=C(C)C,41,40.2,True
SPE00310041,Spectrum,COc1c2ccoc2cc2oc(C)cc(=O)c12,41,40.2,True
SPE00310298,Spectrum,N[C@@H](C(=O)O)[C@@H](O)[C@H](O)[C@H](O)CO,41,40.2,True
SPE00300147,Spectrum,CC(=O)c1c(O)c(C)c(O)c2c1OC1=CC(=O)C(C(C)=O)C(=O)C12C,42,41.2,True
SPE00211949,Spectrum,COc1cc2c(cc1OC)-c1c(oc3cc(O)cc(O)c3c1=O)CO2,41,40.2,True
SPE00211950,Spectrum,O=c1cc(-c2ccc(O)cc2)oc2cc(O[C@@H]3O[C@H](CO)[C@@H](O)[C@H](O)[C@H]3O)cc(O)c12,42,41.2,True
SPE00212061,Spectrum,O=C(O)c1cccc(O)c1O,41,40.2,True
SPE00212097,Spectrum,COc1ccc(CC(=O)c2ccc(O)cc2O)cc1,41,40.2,True
SPE00290032,Spectrum,COc1cc(/C=C/C(=O)O)cc(OC)c1OC,41,40.2,True
SPE00350025,Spectrum,O=c1cc(-c2ccc(O)cc2)oc2cc(O[C@@H]3O[C@H](CO)[C@@H](O)[C@H](O)[C@H]3O[C@@H]3OC[C@](O)(CO)[C@H]3O)cc(O)c12,42,41.2,True
SPE00700024,Spectrum,CC1=C(CCC(=O)O)c2cc3[nH]c(cc4nc(cc5[nH]c(cc1n2)c(C)c5C(C)O)C(C)=C4C(C)O)c(C)c3CCC(=O)O,42,41.2,True
SPE00203008,Spectrum,O=C(O)/C=C/C=C/c1ccccc1,41,40.2,True
SPE00501000,Spectrum,NC(C(=O)O)C(O)C(=O)O,41,40.2,True
SPE00501332,Spectrum,Cl.NCC(=O)c1ccccc1,42,41.2,True
SPE01401401,Spectrum,COc1c2c(cc3occ(-c4ccc5c(c4)OCO5)c(=O)c13)OC(C)(C)C=C2,42,41.2,True
SPE01401419,Spectrum,COc1cc(OC)c2c(=O)c(-c3ccc4c(c3)OCO4)coc2c1,42,41.2,True
SPE01400131,Spectrum,Cc1cc(O)c(C=O)c(O)c1C(=O)O,42,41.2,True
SPE01400136,Spectrum,CCC(C)C(NC)C(=O)O,41,40.2,True
SPE01400156,Spectrum,COc1cc(O)ccc1C(C)=O,42,41.2,True
SPE01400164,Spectrum,COc1ccc(C(=O)O)c(O)c1OC,41,40.2,True
SPE01500624,Spectrum,C[N+](C)(C)CC(O)CC(=O)O.[Cl-],41,40.2,True
SPE01500639,Spectrum,Cl.NCC(O)c1ccc(O)cc1,42,41.2,True
SPE01500647,Spectrum,CC[C@]12CCCN3CCc4c(n(c5ccccc45)[C@](O)(C(=O)OC)C1)[C@@H]32,42,41.2,True
SPE01500656,Spectrum,CC[C@H]1C2CC3[C@@H]4N(C)c5ccccc5[C@]45C[C@@H](C2C5O)N3[C@@H]1O,42,41.2,True
SPE01500678,Spectrum,NCCCC(=O)O,42,41.2,True
SPE01500672,Spectrum,O=c1c(O)c(-c2ccc(O)c(O)c2)oc2cc(O)cc(O)c12,42,41.2,True
SPE01500690,Spectrum,COc1ccc2[nH]cc(CCNC(C)=O)c2c1,42,41.2,True
SPE01500707,Spectrum,COc1cc(OC)c2ccc(=O)oc2c1,42,41.2,True
SPE01500709,Spectrum,O=c1cc(-c2ccccc2)oc2cc(O)cc(O)c12,42,41.2,True
SPE01500717,Spectrum,O=c1cc(-c2ccc(O)cc2)oc2ccc(O)cc12,41,40.2,True
SPE01500718,Spectrum,O=c1cc(-c2ccccc2)oc2cc(O)c(O)cc12,42,41.2,True
SPE01500719,Spectrum,O=c1cc(-c2ccccc2O)oc2cc(O)ccc12,42,41.2,True
SPE01500721,Spectrum,O=c1cc(-c2ccc(O)cc2)oc2cc(O)ccc12,41,40.2,True
SPE01500729,Spectrum,Cc1cc(=O)oc2cc(O)c(O)cc12,41,40.2,True
SPE01500733,Spectrum,COc1cc(OC)c2c(c1)OC(c1ccccc1)CC2=O,42,41.2,True
SPE01500730,Spectrum,Cc1cc(=O)oc2c(O)c(O)ccc12,42,41.2,True
SPE01500734,Spectrum,COc1ccc(-c2oc3ccccc3c(=O)c2OC)cc1,42,41.2,True
SPE01500736,Spectrum,COc1ccc2oc(-c3ccccc3)c(OC)c(=O)c2c1,42,41.2,True
SPE01500737,Spectrum,COc1ccc2c(=O)c(OC)c(-c3ccccc3)oc2c1,42,41.2,True
SPE01500739,Spectrum,COc1cc(OC)c2c(=O)cc(-c3ccccc3)oc2c1,42,41.2,True
SPE01500741,Spectrum,COc1ccc(-c2cc(=O)c3cc(OC)ccc3o2)cc1,41,40.2,True
SPE01500746,Spectrum,O=C1C[C@@H](c2ccc(O)cc2)Oc2cc(O)cc(O)c21,41,40.2,True
SPE01500752,Spectrum,CC1O[C@@H](Oc2c(-c3ccc(O)c(O)c3)oc3cc(O)cc(O)c3c2=O)[C@H](O)[C@H](O)[C@H]1O,42,41.2,True
SPE01500754,Spectrum,O=C(O)c1cc(O)c2cccc(O)c2n1,41,40.2,True
SPE01500758,Spectrum,CN1C(CC(=O)c2ccccc2)CCCC1CC(O)c1ccccc1.Cl,42,41.2,True
SPE01500760,Spectrum,CC1CCC2(OC1)OC1CC3C4CC[C@H]5C[C@@H](O)CC[C@]5(C)C4CC(=O)[C@]3(C)C1C2C,42,41.2,True
SPE01500764,Spectrum,c1coc(CNc2ncnc3[nH]cnc23)c1,41,40.2,True
SPE01500765,Spectrum,C[C@@H]1O[C@@H](O[C@H]2[C@@H](Oc3cc(O)c4c(c3)O[C@H](c3ccc(O)cc3)CC4=O)O[C@H](CO)[C@@H](O)[C@@H]2O)[C@H](O)[C@H](O)[C@H]1O,41,40.2,True
SPE01500811,Spectrum,COc1ccc2cc3[n+](cc2c1OC)CCc1cc2c(cc1-3)OCO2.[Cl-],42,41.2,True
SPE01500815,Spectrum,C=C(C)[C@@H]1CC[C@]2(CO)CC[C@]3(C)[C@H](CCC4[C@@]5(C)CC[C@H](O)C(C)(C)C5CC[C@]43C)C12,42,41.2,True
SPE01500817,Spectrum,Cc1c(C(=O)O)c(O)cc2c1C(=O)c1c(O)c(O[C@H]3O[C@H](CO)[C@@H](O)[C@H](O)[C@H]3O)c(O)c(O)c1C2=O,42,41.2,True
SPE01500819,Spectrum,COc1c(O)cc2c(c1O)[C@H]1O[C@H](CO)[C@@H](O)[C@H](O)[C@@H]1OC2=O,42,41.2,True
SPE01500821,Spectrum,CN1CCc2cc3c(cc2[C@H]1C1OC(=O)c2c1ccc1c2OCO1)OCO3,42,41.2,True
SPE01500826,Spectrum,COC1=CC23CCCN2CCc2cc4c(cc2C3C1O)OCO4,42,41.2,True
SPE01500832,Spectrum,C=C1CC2OC2(C)CC[C@@H]2[C@@H]1CC2(C)C,41,40.2,True
SPE01500835,Spectrum,CC(CCC(=O)O)[C@H]1CCC2C3CC[C@@H]4CCCC[C@]4(C)C3CC[C@@]21C,42,41.2,True
SPE01500836,Spectrum,CC(=O)OCC1=C(C(=O)[O-])N2C(=O)[C@@H](NC(=O)CCCC(N)C(=O)O)C2SC1.[Na+],41,40.2,True
SPE01500840,Spectrum,CC(CCC(=O)O)[C@H]1CCC2C3C(C[C@H](O)[C@@]21C)[C@@]1(C)CC[C@@H](O)C[C@H]1C[C@H]3O,42,41.2,True
SPE01500842,Spectrum,C=C1C/C=C(\C)CC[C@@H]2[C@@H]1CC2(C)C,41,40.2,True
SPE01500843,Spectrum,CC(C)CCCC(C)C1CCC2C3=CC[C@H]4C[C@@H](O)CC[C@]4(C)C3CC[C@@]21C,47,46.1,True
SPE01500855,Spectrum,NC(=O)NCCCC(N)C(=O)O,48,47.1,True
SPE01500856,Spectrum,CC(CCC(=O)O)[C@H]1CCC2C3CC[C@@H]4CC(=O)CC[C@]4(C)C3C=C[C@@]21C,48,47.1,True
SPE01500857,Spectrum,C=CC1=C(C)/C(=C/c2[nH]c(Cc3[nH]c(/C=C4\NC(=O)C(C)=C4C=C)c(C)c3CCC(=O)O)c(CCC(=O)O)c2C)NC1=O,49,48.0,True
SPE01500860,Spectrum,COc1ccc2c(c1O)-c1c(OC)c(OC)cc3c1[C@H](C2)N(C)CC3,48,47.1,True
SPE01500861,Spectrum,COc1cc2cc3c4cc(OC)c(OC)cc4cc[n+]3c(C)c2cc1OC.[Cl-],49,48.0,True
SPE01500862,Spectrum,COc1cc2c(cc1O)CC1c3c(cc(O)c(OC)c3-2)CCN1C,48,47.1,True
SPE01500864,Spectrum,COc1ccc2c3c([nH]c2c1)C(C)=NCC3,50,49.0,True
SPE01500865,Spectrum,CC1=NCCc2c1[nH]c1cc(O)ccc21.Cl,52,51.0,True
SPE01500866,Spectrum,Cc1nccc2c1[nH]c1ccccc12,49,48.0,True
SPE01500867,Spectrum,COc1ccc2c(c1)[nH]c1c(C)nccc12,49,48.0,True
SPE01500869,Spectrum,NC(Cn1ccc(=O)c(O)c1)C(=O)O,48,47.1,True
SPE01500871,Spectrum,c1ccc2c(c1)[nH]c1cnccc12,49,48.0,True
SPE01500872,Spectrum,COc1cc2c(cc1OC)-c1cc3ccc(OC)c(OC)c3c[n+]1CC2.[Cl-],49,48.0,True
SPE01500876,Spectrum,COC(=O)[C@@H]1C(O)CC[C@H]2CN3CCc4c([nH]c5ccccc45)[C@@H]3C[C@@H]21,50,49.0,True
SPE01500879,Spectrum,Nc1ccccc1C(=O)CC(N)C(=O)O,50,49.0,True
SPE01500880,Spectrum,C[n+]1cccc(C(=O)[O-])c1,49,48.0,True
SPE01500901,Spectrum,O=c1ccc2cc(O[C@@H]3O[C@H](CO)[C@@H](O)[C@H](O)[C@H]3O)c(O)cc2o1,48,47.1,True
SPE01500904,Spectrum,COC(=O)CCC(C)[C@H]1CCC2C3C(C[C@H](O)[C@@]21C)[C@@]1(C)CC[C@@H](O)C[C@H]1C[C@H]3O,49,48.0,True
SPE01500906,Spectrum,CC(CCC(=O)O)[C@H]1CCC2C3CC[C@@H]4C[C@H](O)CC[C@]4(C)C3CC[C@@]21C,48,47.1,True
SPE01500909,Spectrum,CCC(C)C(=O)O[C@H]1[C@H](O)C2C(CN3CC(C)CCC3[C@@]2(C)O)C2C[C@]34O[C@]5(O)C(OC(=O)C(C)(O)CC)CC[C@@]3(C)C5C(OC(C)=O)[C@@H](OC(C)=O)C4[C@@]21O,47,46.1,True
SPE01500944,Spectrum,NCCC(=O)N[C@@H](Cc1c[nH]cn1)C(=O)O,49,48.0,True
SPE01500984,Spectrum,C[C@@H]1C(=O)OC2[C@H](O)C34[C@@H]5OC(=O)[C@@]3(O[C@@H]3OC(=O)[C@H](O)[C@@]34[C@H](C(C)(C)C)[C@H]5O)[C@]21O,48,47.1,True
SPE01500986,Spectrum,C[C@H]1OC(O[C@H]2[C@@H](O)CC(O[C@H]3[C@@H](O)C[C@H](O[C@H]4CC[C@]5(C)C6CC[C@]7(C)[C@@H](C8=CC(=O)OC8)[C@@H](O)C[C@]7(O)[C@@H]6CC[C@@H]5C4)O[C@@H]3C)O[C@@H]2C)C[C@H](O)C1O,50,49.0,True
SPE01500987,Spectrum,NC(=O)CC[C@@H](N)C(=O)O,49,48.0,True
SPE01500989,Spectrum,CC1(C)C2CC[C@]3(C)C(C(=O)C=C4[C@H]5C[C@@](C)(C(=O)O)CC[C@]5(C)CC[C@]43C)[C@@]2(C)CC[C@@H]1O,50,49.0,True
SPE01500990,Spectrum,CC1(C)C2CC[C@]3(C)C(C(=O)C=C4[C@@H]5C[C@@](C)(C(=O)O)CC[C@]5(C)CC[C@]43C)[C@@]2(C)CC[C@@H]1O,50,49.0,True
SPE01501009,Spectrum,COc1ccc2c(c1OC)C(=O)O[C@H]2[C@H]1c2cc3c(cc2CCN1C)OCO3,49,48.0,True
SPE01501012,Spectrum,O=c1c(O)c(-c2ccccc2)oc2ccccc12,48,47.1,True
SPE01501017,Spectrum,COc1cc(/C=C/C(=O)O)ccc1O,47,46.1,True
SPE01501019,Spectrum,COc1cc2c3cc1Oc1c(OC)c(OC)cc4c1[C@@H](Cc1cccc(c1)Oc1ccc(c(O)c1)C[C@@H]3N(C)CC2)N(C)CC4.Cl.Cl,47,46.1,True
SPE01501107,Spectrum,C=C(C)[C@@H]1[C@H]2OC(=O)[C@@H]1[C@]1(O)C[C@H]3O[C@]34C(=O)O[C@H]2[C@]14C,49,48.0,True
SPE01501111,Spectrum,C=CC1=C(C)c2cc3[nH]c(cc4nc(cc5[nH]c(cc1n2)c(C)c5CCC(=O)O)C(CCC(=O)O)=C4C)c(C)c3C=C,48,47.1,True
SPE01501132,Spectrum,CC(C)=CCC/C(C)=C/CO,49,48.0,True
SPE01501197,Spectrum,O=c1cc(-c2ccccc2)oc2cccc(O)c12,49,48.0,True
SPE01501014,Spectrum,Br.COc1c2c(cc3c1OCO3)CCN(C)C2,49,48.0,True
SPE01501204,Spectrum,CC(C)=CCC1=C(O)C(=O)c2ccccc2C1=O,47,46.1,True
SPE01501207,Spectrum,OC[C@H]1O[C@@H](n2cnc3c(NCc4ccco4)ncnc32)[C@H](O)[C@@H]1O,47,46.1,True
SPE01501210,Spectrum,C/C1=C/CC(C)(C)/C=C/C/C(C)=C/CC1,49,48.0,True
SPE01502101,Spectrum,C=C(C)[C@H]1CC=C(C(=O)O)CC1,49,48.0,True
SPE01502108,Spectrum,CCCCC[C@H]1C(=O)O[C@H](C)[C@H](NC(=O)c2cccc(NC=O)c2O)C(=O)O[C@@H](C)[C@@H]1OC(=O)CC(C)C,49,48.0,True
SPE01502223,Spectrum,Oc1ccc(/C=C/c2cc(O)cc(O)c2)cc1,48,47.1,True
SPE01502227,Spectrum,NCCCN.O=C(O)C(O)C(O)C(=O)O,49,48.0,True
SPE01502229,Spectrum,CC(C)C1=CC2=CCC3[C@](C)(CCC[C@]3(C)C(=O)O)C2CC1,49,48.0,True
SPE01502231,Spectrum,OC[C@H]1O[C@@H](O[C@H]2[C@H](O)[C@@H](O)[C@@H](O)O[C@@H]2CO)[C@H](O)[C@@H](O)[C@@H]1O,49,48.0,True
SPE01502232,Spectrum,CC[C@@]1(O)C(=O)OCc2c1cc1n(c2=O)Cc2cc3ccccc3nc2-1,48,47.1,True
SPE01502233,Spectrum,COc1cccc2c1cc([N+](=O)[O-])c1c(C(=O)O)cc3c(c12)OCO3,49,48.0,True
SPE01502234,Spectrum,CC1=CC(=O)CC(C)(C)C1(O)/C=C/C(C)=C\C(=O)O,48,47.1,True
SPE01502236,Spectrum,CNC(Cc1c[nH]c2ccccc12)C(=O)O,49,48.0,True
SPE01502237,Spectrum,Cc1nccc2c1[nH]c1cc(O)ccc12.Cl,50,49.0,True
SPE01502238,Spectrum,Nc1ncnc2c1ncn2C1C[C@H](O)[C@@H](CO)O1,49,48.0,True
SPE01502242,Spectrum,COc1cc2ccc(=O)oc2cc1O,50,49.0,True
SPE01502244,Spectrum,N#CC(O[C@@H]1O[C@H](CO[C@@H]2O[C@H](CO)[C@@H](O)[C@H](O)[C@H]2O)[C@@H](O)[C@H](O)[C@H]1O)c1ccccc1,48,47.1,True
SPE01505745,Spectrum,C[C@]12CCC3C(CC[C@H]4C[C@H](O)CC[C@]34C)C1CCC2=O,48,47.1,True
SPE01502247,Spectrum,O=c1c(O)c(-c2ccc(O)c(O)c2)oc2cc(O)ccc12,50,49.0,True
SPE01502248,Spectrum,N[C@@H](CCC(=O)N[C@@H](CS)C(=O)NCC(=O)O)C(=O)O,48,47.1,True
SPE01502249,Spectrum,Cc1ccc(C(C)C)cc2c(C)ccc1-2,50,49.0,True
SPE01502250,Spectrum,O=C1C=C(O)C(=O)c2ccccc21,48,47.1,True
SPE01502251,Spectrum,C=CC(C)(O)CC/C=C(\C)CCC=C(C)C,50,49.0,True
SPE01502252,Spectrum,C[C@H]1C(=O)O[C@@H]2CCN3CC=C(COC(=O)[C@](C)(O)[C@]1(C)O)[C@H]23,49,48.0,True
SPE01502253,Spectrum,O=C1C=C2CC3(O)COc4c(ccc(O)c4O)C3=C2C=C1O,49,48.0,True
SPE01502256,Spectrum,O=C(O)C1=C[C@@H](O)[C@@H](O)[C@H](O)C1,49,48.0,True
SPE01502259,Spectrum,O=c1c(O)c(-c2ccc(O)cc2O)oc2cc(O)cc(O)c12,49,48.0,True
SPE01502261,Spectrum,COC1C(O)C(O)C(O)[C@@H](O)C1O,49,48.0,True
SPE01503006,Spectrum,S=C=NCc1ccccc1,49,48.0,True
SPE01503042,Spectrum,C[C@@H]1CC[C@H]2[C@@H](C)C(=O)O[C@@H]3O[C@@]4(C)CC[C@@H]1[C@]32OO4,49,48.0,True
SPE01503219,Spectrum,COc1ccc(-c2cc(=O)c3c(O)cc(O[C@@H]4O[C@H](CO[C@H]5O[C@H](C)[C@@H](O)[C@H](O)[C@@H]5O)[C@@H](O)[C@H](O)[C@H]4O)cc3o2)cc1O,49,48.0,True
SPE01503602,Spectrum,CC[C@@H](C(=O)[C@@H](C)[C@@H](O)[C@H](C)[C@@H]1O[C@@H]([C@@H](CC)C(=O)[O-])CC[C@@H]1C)[C@H]1OC2(C=C[C@@H](O)[C@]3(CC[C@@](C)([C@H]4CC[C@](O)(CC)[C@H](C)O4)O3)O2)[C@H](C)C[C@@H]1C.[Na+],48,47.1,True
SPE01503620,Spectrum,C=CCc1ccc2c(c1)OCO2,47,46.1,True
SPE01503640,Spectrum,C=C1C(=O)O[C@@H]2C3O[C@@]3(C)CC/C=C(\C)CC[C@@H]12,49,48.0,True
SPE01503805,Spectrum,C=C[C@@]1(C)CC(=O)[C@@]2(O)[C@](C)(O1)[C@@H](O)[C@@H](O)C1C(C)(C)CC[C@H](O)[C@@]12C,48,47.1,True
SPE01503815,Spectrum,C/C=C(/C)C(=O)O[C@H]1CC[C@@]2(C)[C@@H]3CC[C@H]4[C@]5(O)C[C@H](O)[C@@]6(O)[C@@H](CN7C[C@@H](C)CC[C@H]7[C@@]6(C)O)[C@]5(O)C[C@@]42O[C@]13O,47,46.1,True
SPE01503802,Spectrum,C/C=C(\C)C(=O)O[C@H]1C[C@@H](OC(C)=O)[C@@]2(C(=O)OC)CO[C@@H]3C2[C@]12CO[C@](O)(C(=O)OC)[C@H]2[C@](C)(C12O[C@@]1(C)[C@H]1C[C@@H]2OC2OC=C[C@@]21O)[C@@H]3O,47,46.1,True
SPE01503904,Spectrum,O=C1C=C2C(=CCOC2O)O1,48,47.1,True
SPE01503906,Spectrum,COc1ccc(C[C@H]2NC[C@H](O)[C@H]2OC(C)=O)cc1,50,49.0,True
SPE01503922,Spectrum,NCCc1c[nH]c2ccccc12,50,49.0,True
SPE01503939,Spectrum,NC[C@H]1O[C@H](O[C@H]2C(O[C@@H]3O[C@H](CO)[C@@H](O)[C@H]3O)[C@@H](O)[C@H](N)C[C@@H]2N)[C@H](N)[C@@H](O)[C@@H]1O.O=S(=O)(O)O,48,47.1,True
SPE01503940,Spectrum,Cl.Cl.Cl.NCCCCNCCCN,49,48.0,True
SPE01503952,Spectrum,Cl.Cl.NCCCCN,51,50.0,True
SPE01503982,Spectrum,N=C(N)NCCCCN.O=S(=O)(O)O,49,48.0,True
SPE01503983,Spectrum,CCCCCCCCCCCCCCCCCCOCC(O)CO,48,47.1,True
SPE01503987,Spectrum,O=C(O)/C=C/c1ccc(O)c(O)c1,48,47.1,True
SPE01503989,Spectrum,OC[C@@H](O)[C@@H](O[C@@H]1O[C@H](CO)[C@@H](O)[C@H](O)[C@H]1O)[C@H](O)[C@@H](O)CO,49,48.0,True
SPE01503990,Spectrum,C[C@H]1[C@H]2CCC3C4CC=C5C[C@@H](N(C)C)CC[C@]5(C)C4CC[C@@]32CN1C,49,48.0,True
SPE01503992,Spectrum,OC/C=C/c1ccc(O)c(O)c1,49,48.0,True
SPE01503994,Spectrum,C[C@@H]1O[C@@H](O[C@H]2CC[C@]3(C=O)C4CC[C@]5(C)[C@@H](C6=CC(=O)OC6)CC[C@]5(O)C4CC[C@]3(O)C2)[C@H](O)[C@H](O)[C@H]1O,48,47.1,True
SPE01504001,Spectrum,C[C@]12CCc3occc3C1CC[C@@]13C[C@@H](CCC12)[C@@](O)(CO)C3,48,47.1,True
SPE01504002,Spectrum,O=c1cc(-c2ccccc2)oc2cc(O)c(O)c(O)c12,49,48.0,True
SPE01504005,Spectrum,CC(C)c1ccc2c(c1O)CC[C@H]1C3=C(CC[C@]21C)C(=O)OC3,49,48.0,True
SPE01504013,Spectrum,COC1=C(OC)C(=O)C(C/C=C(\C)CC/C=C(\C)CC/C=C(\C)CC/C=C(/C)CC/C=C(\C)CC/C=C(\C)CC/C=C(\C)CC/C=C(\C)CC/C=C(\C)CCC=C(C)C)=C(C)C1=O,47,46.1,True
SPE01504015,Spectrum,COc1c(O)cc2oc3cc(O)c(CC=C(C)C)c(O)c3c(=O)c2c1CC=C(C)C,49,48.0,True
SPE01504016,Spectrum,CC1(C)CC[C@]2(C(=O)O)CC[C@]3(C)C(=CCC4[C@@]5(C)CC[C@H](O)[C@@](C)(CO)C5CC[C@]43C)C2C1,48,47.1,True
SPE01504018,Spectrum,C[C@@H]1OC(O[C@H]2[C@H](O)[C@@H](O)[C@H](OC[C@H]3O[C@@H](OC(=O)[C@]45CCC(C)(C)CC4C4=CCC6[C@@]7(C)CC[C@H](OC8OC[C@H](O)[C@H](O)[C@H]8OC8O[C@@H](C)[C@H](O)[C@@H](O)[C@H]8O)[C@@](C)(CO)C7CC[C@@]6(C)[C@]4(C)CC5)[C@H](O)[C@@H](O)[C@@H]3O)O[C@@H]2CO)[C@H](O)[C@H](O)[C@H]1O,50,49.0,True
SPE01504019,Spectrum,Cc1cc2c(C(C)C)c(O)c(O)c(C=O)c2c(O)c1-c1c(C)cc2c(C(C)C)c(O)c(O)c(C=O)c2c1O,50,49.0,True
SPE01504020,Spectrum,COc1c2ccoc2nc2c(OC)c(OCC(O)C(C)(C)O)ccc12,49,48.0,True
SPE01504021,Spectrum,OC[C@@H]1CCCN2CCCC[C@H]12,49,48.0,True
SPE01504022,Spectrum,COc1cc2c(cc1OC)C(C)NCC2,50,49.0,True
SPE01504023,Spectrum,O=c1cccc2n1CC1CC2CN2CCCC[C@@H]12.[O-][Cl+3]([O-])([O-])O,49,48.0,True
SPE01504024,Spectrum,C[C@@H]1CCC2[C@](C)(CO)[C@@H](O)CC[C@]2(C)[C@@]12CC[C@@](CO)(CCO)O2,48,47.1,True
SPE01504070,Spectrum,COc1cc(O)c2c(c1)C(=O)c1cc(C)cc(O)c1C2=O,50,49.0,True
SPE01504027,Spectrum,O=c1cccc2n1C[C@@H]1CNCC2C1,50,49.0,True
SPE01504030,Spectrum,C/C=C(/C)C(=O)O[C@@H]1[C@H](OC(C)=O)[C@@]2(CO)C(CC1(C)C)C1=CCC3[C@@]4(C)CC[C@H](O[C@@H]5O[C@H](C(=O)O)[C@@H](O[C@@H]6O[C@H](CO)[C@@H](O)[C@H](O)[C@H]6O)[C@H](O)[C@H]5O[C@@H]5O[C@H](CO)[C@@H](O)[C@H](O)[C@H]5O)[C@](C)(CO)C4CC[C@@]3(C)[C@]1(C)C[C@H]2O,49,48.0,True
SPE01504036,Spectrum,COc1ccc2c(c1)OC[C@@H](Cc1ccc(OC)c(OC)c1)[C@@H]2O,47,46.1,True
SPE01504041,Spectrum,CC(=O)Oc1ccc(/C=C/c2cc(OC(C)=O)cc(OC(C)=O)c2)cc1,47,46.1,True
SPE01504044,Spectrum,COc1ccc(/C=C/c2cc(O)cc(O)c2)cc1,48,47.1,True
SPE01504053,Spectrum,CC[C@H](CCC(C)[C@H]1CCC2C3CCC4C[C@@H](O)CC[C@]4(C)C3CC[C@@]21C)C(C)C,49,48.0,True
SPE01504066,Spectrum,COC(=O)C1=CO[C@@H](O[C@@H]2O[C@H](CO)[C@@H](O)[C@H](O)[C@H]2O)[C@@H]2[C@@H](C)[C@@H](O)C[C@H]12,49,48.0,True
SPE01504068,Spectrum,COc1ccc(-c2cc(=O)c3c(O)cc(O)cc3o2)cc1O,50,49.0,True
SPE01504069,Spectrum,COc1cc2ccc(=O)oc2c(O)c1O,48,47.1,True
SPE01504025,Spectrum,COc1cc2c(cc1O)CCNC2C,50,49.0,True
SPE01504073,Spectrum,C[C@H]1[C@H](C)CC[C@]2(CO)CC[C@]3(C)C(=CCC4[C@@]5(C)CC[C@H](O)C(C)(C)C5CC[C@]43C)[C@H]12,51,50.0,True
SPE01504075,Spectrum,C[C@@H]1O[C@@H](O[C@H]2[C@H](Oc3cc(O)c4c(=O)cc(-c5ccc(O)cc5)oc4c3)O[C@H](CO)[C@@H](O)[C@@H]2O)[C@H](O)[C@H](O)[C@H]1O,48,47.1,True
SPE01504080,Spectrum,O=C(O)c1cc(O)c2c(c1)[C@@H]([C@@H]1c3cc(C(=O)O)cc(O)c3C(=O)c3c(O[C@H]4O[C@H](CO)[C@@H](O)[C@H](O)[C@H]4O)cccc31)c1cccc(O[C@H]3O[C@H](CO)[C@@H](O)[C@H](O)[C@H]3O)c1C2=O,48,47.1,True
SPE01504081,Spectrum,C=C(C)[C@@H]1CC[C@]2(C(=O)O)CCC3[C@H](CCC4[C@@]3(C)CCC3C(C)(C)[C@H](O)CC[C@@]34C)C12,49,48.0,True
SPE01504082,Spectrum,Cc1c(O)c(O)cc2c1CC=C1[C@@]2(C)CC[C@@]2(C)C3C[C@](C)(C(=O)O)CC[C@]3(C)CC[C@]12C,50,49.0,True
SPE01504115,Spectrum,O=c1cc(-c2cc(O)c(O)c(O)c2)oc2cc(O)cc(O)c12,49,48.0,True
SPE01504118,Spectrum,COc1cc(C)c(C(=O)Oc2cc(C)c(C(=O)O)c(O)c2C)c(OC)c1C,50,49.0,True
SPE01504124,Spectrum,CC(C)(C#N)O[C@@H]1O[C@H](CO)[C@@H](O)[C@H](O)[C@H]1O,49,48.0,True
SPE01504130,Spectrum,O=c1c(O)c(-c2ccccc2)oc2cc(O)ccc12,49,48.0,True
SPE01504132,Spectrum,COc1cccc(-c2cc(=O)c3cc(OC)ccc3o2)c1,48,47.1,True
SPE01504155,Spectrum,O=C(O)C1CC(C2CCCCN2)CN2CCCCC12,48,47.1,True
SPE01504156,Spectrum,CN1CCCCC1c1ccc(-c2cccnc2)nc1.Cl,50,49.0,True
SPE01504160,Spectrum,C/C=C(\C)C(=O)O[C@@H]1c2c(ccc3ccc(=O)oc23)OC(C)(C)[C@@H]1OC(C)=O,48,47.1,True
SPE01504163,Spectrum,CC(=O)OC(C)(C)[C@@H]1Cc2cc3ccc(=O)oc3cc2O1,50,49.0,True
SPE01504167,Spectrum,COc1ccc(C(=O)CC(=O)O)c2c1C=CC(C)(C)O2,51,50.0,True
SPE01504176,Spectrum,CNc1ccccc1C(=O)N1CCc2c([nH]c3ccccc23)C1=O,50,49.0,True
SPE01504180,Spectrum,c1cc2c(cc1[C@H]1OC[C@H]3[C@@H]1CO[C@H]3c1ccc3c(c1)OCO3)OCO2,49,48.0,True
SPE01504185,Spectrum,COc1ccc2cc1Oc1ccc(cc1)C[C@H]1c3cc(c(OC)cc3CCN1C)Oc1c(OC)c(OC)cc3c1[C@H](C2)N(C)CC3,49,48.0,True
SPE01504200,Spectrum,O=C(/C=C/c1ccc(O)cc1)c1ccc(O)cc1O,51,50.0,True
SPE01504206,Spectrum,O=C(O)CC[N+](=O)[O-],50,49.0,True
SPE01504228,Spectrum,CC(C)(O)CC[C@@H](O)[C@](C)(O)C1CC[C@@]2(O)C3=CC(=O)C4C[C@@H](O)[C@@H](O)C[C@]4(C)C3CC[C@]12C,48,47.1,True
SPE01504234,Spectrum,CC(C)c1ccc2c(c1)CCC1[C@](C)(CN)CCC[C@]21C.O=S(=O)(O)O,49,48.0,True
SPE01504411,Spectrum,COc1cc([C@@H]2c3cc4c(cc3[C@H](OC(C)=O)[C@H]3COC(=O)[C@@H]23)OCO4)cc(OC)c1OC,49,48.0,True
SPE01504412,Spectrum,COc1cc([C@@H]2c3cc4c(cc3[C@H](OC(C)=O)[C@H]3COC(=O)[C@H]23)OCO4)cc(OC)c1OC,49,48.0,True
SPE01504800,Spectrum,CC(C)=CC1C(C(=O)O)C1(C)C,48,47.1,True
SPE01505004,Spectrum,CC[C@]12C=CCN3CC[C@@]4(c5ccc(OC)cc5N(C)C4[C@@](O)(C(=O)OC)[C@@H]1OC(C)=O)[C@@H]32,47,46.1,True
SPE01505006,Spectrum,CCCc1cc(OC)c2c(c1)OCO2,50,49.0,True
SPE01505018,Spectrum,CC(C)(O)[C@@H]1CC[C@](C)([C@H]2[C@@H](O)C[C@@]3(C)C4C[C@H](O[C@@H]5O[C@H](CO)[C@@H](O)[C@H](O)[C@H]5O)C5C(C)(C)[C@@H](O[C@@H]6OC[C@@H](O)[C@H](O)[C@H]6O)CC[C@@]56C[C@@]46CC[C@]23C)O1,48,47.1,True
SPE01505030,Spectrum,COc1ccc(-c2cc(=O)c3c(O)c(OC)c(OC)c(OC)c3o2)cc1OC,48,47.1,True
SPE01505034,Spectrum,CC(=O)O[C@H]1C(=O)[C@@]2(C)C([C@H](OC(=O)c3ccccc3)[C@]3(O)C[C@H](O)C(C)=C1C3(C)C)[C@]1(OC(C)=O)CO[C@@H]1C[C@@H]2O,49,48.0,True
SPE01505038,Spectrum,C[C@H]1O[C@H](O[C@H]2[C@H](O)[C@@H](O)[C@@H](O)[C@H](O)[C@@H]2O)[C@@H](N)C[C@@H]1NC(=N)C(=O)O.Cl,49,48.0,True
SPE01505080,Spectrum,COC(=O)[C@@H]1C[C@H](OC(C)=O)C(=O)[C@H]2[C@@]1(C)CC[C@H]1C(=O)O[C@H](c3ccoc3)C[C@]21C,49,48.0,True
SPE01505121,Spectrum,CC(=O)O[C@@H]1C[C@@]2(C)C(CC[C@@H]2C(C)=O)C2CCC3=CC(=O)CC[C@]3(C)C21,49,48.0,True
SPE01505123,Spectrum,CC(=O)OCC(=O)[C@H]1CCC2C3CC=C4C[C@@H](O)CC[C@]4(C)C3CC[C@@]21C,49,48.0,True
SPE01505127,Spectrum,O=c1c(O)c(-c2ccc(O)c(O)c2)oc2c(O[C@@H]3O[C@H](CO)[C@H](O)[C@@H](O)[C@H]3O)c(O)cc(O)c12,47,46.1,True
SPE01505129,Spectrum,CC1=CC(=O)c2c(O)cccc2C1=O,50,49.0,True
SPE01505132,Spectrum,O=C(/C=C/c1ccccc1)c1ccc(O)cc1O,50,49.0,True
SPE01505134,Spectrum,O=c1c2cc(O)c(O)cc2oc2cc(O)c(C3O[C@H](CO)[C@H](O)[C@@H](O)[C@H]3O)c(O)c12,50,49.0,True
SPE01505135,Spectrum,COc1cc(/C=C/C(=O)N2CCC=CC2=O)cc(OC)c1OC,49,48.0,True
SPE01505137,Spectrum,O=c1ccc2c(O)c3ccoc3cc2o1,49,48.0,True
SPE01505138,Spectrum,O=c1c(O)c(-c2ccc(O)cc2)oc2ccccc12,49,48.0,True
SPE01505140,Spectrum,COc1cc(O)c(C(=O)/C=C/c2ccc(O)c(OC)c2)c(OC)c1,48,47.1,True
SPE01505142,Spectrum,COc1ccc(/C=C/C(=O)c2cc(O)ccc2O)cc1,50,49.0,True
SPE01505143,Spectrum,O=c1c(O)c(-c2ccc(O)c(O)c2)oc2c(O)c(O)cc(O)c12,50,49.0,True
SPE01505147,Spectrum,O=c1c(O)c(-c2ccccc2)oc2cccc(O)c12,49,48.0,True
SPE01505151,Spectrum,O=C(/C=C/c1ccccc1)O[C@H]1C[C@@H](O)[C@]2(O)C=CO[C@@H](O[C@@H]3O[C@H](CO)[C@@H](O)[C@H](O)[C@H]3O)[C@H]12,48,47.1,True
SPE01505152,Spectrum,COc1ccc(/C=C/C(=O)c2ccc(O)cc2O)cc1,49,48.0,True
SPE01505153,Spectrum,COc1cc(O)c(C(=O)/C=C/c2ccc(OC)c(O)c2)c(OC)c1,48,47.1,True
SPE01505160,Spectrum,CC(C)c1cccc(=O)c(O)c1,50,49.0,True
SPE01505169,Spectrum,Cl.c1ccc2c(c1)CN1CCCC1=N2,49,48.0,True
SPE01505174,Spectrum,C=CCSSCC=C,49,48.0,True
SPE01505175,Spectrum,C[C@H]1[C@H](C)CC[C@]2(C(=O)O)CC[C@]3(C)C(=CCC4[C@@]5(C)C[C@@H](O)[C@H](O)[C@@](C)(CO)C5CC[C@]43C)[C@H]12,48,47.1,True
SPE01505176,Spectrum,CC(C)=CCC/C(C)=C/COc1ccc2ccc(=O)oc2c1,51,50.0,True
SPE01505177,Spectrum,C=C1C(=O)[C@]23[C@H](O)[C@H]1CC[C@H]2[C@@]12COC3(O)[C@H](O)[C@@H]1C(C)(C)CC[C@@H]2O,47,46.1,True
SPE01505182,Spectrum,COc1ccc2c(=O)c(-c3ccc(O)cc3)coc2c1,49,48.0,True
SPE01505186,Spectrum,CC1(C)CCCC2(C)C3C1[C@@H](O)C2(C)C[C@H]3O,48,47.1,True
SPE01505190,Spectrum,C=CCS(=O)C[C@H](N)C(=O)O,49,48.0,True
SPE01505217,Spectrum,COC1=C(O)C(=O)c2c(cc3oc(C(C)=O)c(O)c3c2O)C1=O,48,47.1,True
SPE01505218,Spectrum,COc1cc(C)c(C(=O)Oc2cc(C)c(O)c(C(=O)O)c2C)c(O)c1C=O,48,47.1,True
SPE01505240,Spectrum,Cl.O=C(O)CCC1NCC2CC1CN1CCCCC21,48,47.1,True
SPE01505242,Spectrum,O=C1CCCC2C3CC(CN12)[C@@H]1CCCCN1C3.[O-][Cl+3]([O-])([O-])O,48,47.1,True
SPE01505247,Spectrum,CCCCCC/C=C\CCCCCCCc1cccc(O)c1C(=O)O,48,47.1,True
SPE01505250,Spectrum,C[C@H]1[C@H](C)CC[C@]2(C(=O)O)CC[C@]3(C)C(=CCC4[C@@]5(C)C[C@@H](O)[C@H](O)[C@@](C)(CO)C5[C@H](O)C[C@]43C)[C@H]12,49,48.0,True
SPE01505252,Spectrum,COc1cc2c(cc1OC)-c1cc3ccc(OC)c(OC)c3c[n+]1CC2.O,49,48.0,True
SPE01505253,Spectrum,COC1=C[C@@H]2[C@@H]3Cc4ccc(OC)c(O)c4[C@]2(CCN3C)CC1=O,48,47.1,True
SPE01505254,Spectrum,CCNC(=O)CC[C@H](N)C(=O)O,48,47.1,True
SPE01505255,Spectrum,C/C=C1\[C@H]2C=C(C)C[C@]1(N)c1ccc(=O)[nH]c1C2,47,46.1,True
SPE01505256,Spectrum,COc1cc([C@H]2Oc3cc([C@H]4Oc5cc(O)cc(O)c5C(=O)[C@@H]4O)ccc3O[C@@H]2CO)ccc1O,49,48.0,True
SPE01505257,Spectrum,COc1ccc(-c2oc3c(CC=C(C)C)c(O[C@@H]4O[C@H](CO)[C@@H](O)[C@H](O)[C@H]4O)cc(O)c3c(=O)c2O[C@@H]2O[C@@H](C)[C@H](O)[C@@H](O)[C@H]2O)cc1,48,47.1,True
SPE01505268,Spectrum,COc1ccc(-c2cc(=O)c3c(OC)c(OC)c(OC)c(OC)c3o2)cc1OC,50,49.0,True
SPE01505269,Spectrum,COc1ccc(-c2cc(=O)c3c(OC)c(OC)c(OC)c(OC)c3o2)cc1,49,48.0,True
SPE01505274,Spectrum,CC1(O)CC2C(CC1O)C2(C)C,49,48.0,True
SPE01505278,Spectrum,COc1ccc(-c2oc3ccccc3c(=O)c2O)cc1OC,48,47.1,True
SPE01505297,Spectrum,C=C(C)C1CC=C(CO)CC1,49,48.0,True
SPE01505300,Spectrum,O=C1c2ccccc2C(=O)c2c(O)c(O)cc(O)c21,49,48.0,True
SPE01505302,Spectrum,CN[C@@H]1[C@@H](O)C(OC2[C@@H](N)C[C@@H](N)[C@H](O[C@H]3O[C@H](C(C)O)[C@@H](O)[C@H](O)[C@H]3N)[C@H]2O)OC[C@]1(C)O.O=S(=O)(O)O.O=S(=O)(O)O,50,49.0,True
SPE01505320,Spectrum,OCc1c[nH]c2ccccc12,51,50.0,True
SPE01505322,Spectrum,COc1ccc2cc1Oc1ccc(cc1)C[C@H]1c3c(cc4c(c3Oc3cc5c(cc3OC)CCN(C)[C@@H]5C2)OCO4)CCN1C,50,49.0,True
SPE01505325,Spectrum,CC(C)=CCC/C(C)=C/CC/C(C)=C/CC/C(C)=C/CC/C(C)=C/CC/C(C)=C/CC/C(C)=C/CC/C(C)=C/CC/C(C)=C/CO,50,49.0,True
SPE01505326,Spectrum,CC(=O)OC/C=C(\C)CC/C=C(\C)CC/C=C(\C)CC/C=C(\C)CC/C=C(\C)CC/C=C(\C)CC/C=C(\C)CC/C=C(\C)CCC=C(C)C,49,48.0,True
SPE01505334,Spectrum,O=C1C=C2C=C[C@@H]3C[C@@]2(O1)[C@H]1CCCCN31,50,49.0,True
SPE01505345,Spectrum,COc1cc(/C=C/C(=O)/C=C(O)/C=C/c2ccc(O)c(OC)c2)ccc1O,48,47.1,True
SPE01505349,Spectrum,COc1cc(O)c(C(C)=O)c(O)c1,49,48.0,True
SPE01505380,Spectrum,COc1ccc(-c2oc3cc(OC)c(OC)c(OC)c3c(=O)c2OC)cc1,49,48.0,True
SPE01505381,Spectrum,COc1ccc(-c2cc(=O)c3c(OC)c(OC)c(OC)cc3o2)cc1OC,50,49.0,True
SPE01505382,Spectrum,COc1ccc(-c2cc(=O)c3c(O)cc(OC)c(OC)c3o2)c(OC)c1,48,47.1,True
SPE01505383,Spectrum,COc1ccc(-c2oc3cc(OC)c(OC)c(OC)c3c(=O)c2OC)cc1OC,51,50.0,True
SPE01505475,Spectrum,COC(=O)[C@H](Cc1ccccc1)NC(=O)/C(=C1\OC(=O)C(c2ccccc2)=C1O)c1ccccc1,50,49.0,True
SPE01505476,Spectrum,O=Cc1ccccc1O[C@@H]1O[C@H](CO)[C@H](O)[C@@H](O)[C@H]1O,48,47.1,True
SPE01505484,Spectrum,C=C(C)[C@@H]1CC[C@]2(C)CC[C@]3(C)[C@@H](CCC4[C@@]5(C)CC[C@H](O)C(C)(C)C5CC[C@]43C)C12,49,48.0,True
SPE01505488,Spectrum,OC[C@H]1O[C@H](OCCCc2ccc(O)cc2)[C@H](O)[C@@H](O)[C@@H]1O,57,55.9,True
SPE01505490,Spectrum,COc1ccc(-c2cc(=O)c3c(O)cc(OC)cc3o2)cc1,58,56.9,True
SPE01505810,Spectrum,C[C@]12CC[C@H]3[C@@](O)(C1)OC(O2)[C@]3(COC(=O)c1ccccc1)O[C@@H]1O[C@H](CO)[C@@H](O)[C@H](O)[C@H]1O,57,55.9,True
SPE01505812,Spectrum,C[C@H]1COC2=C1C(=O)C(=O)c1c2ccc2c1CCCC2(C)C,57,55.9,True
SPE01505824,Spectrum,Cc1coc2c1C(=O)C(=O)c1c-2ccc2c1CCCC2(C)C,57,55.9,True
SPE01505825,Spectrum,Cc1cccc2c3c(ccc12)C1=C(C(=O)C3=O)C(C)CO1,58,56.9,True
SPE01505830,Spectrum,CC(=O)Oc1cc(C)c2c(c1C=O)Oc1c(c(C)c(OC(C)=O)c3c1C(OC(C)=O)OC3=O)OC2=O,58,56.9,True
SPE01505842,Spectrum,O=C(O)/C=C/C=C/c1ccc2c(c1)OCO2,57,55.9,True
SPE01505847,Spectrum,CC(=O)NCCc1ccc(O)c(-c2c(O)c(O)c3c(c2O)C(=O)c2c(cc(O)c(C(=O)O)c2C(=O)O)C3=O)c1,57,55.9,True
SPE01505840,Spectrum,C[N+]12CC[C@@]34c5ccccc5N5C(=O)CC6OCC=C(C1)[C@H](CC32)[C@@H]6C54.[I-],57,55.9,True
SPE01505860,Spectrum,COc1cc(O)cc(O)c1C(C)=O,57,55.9,True
SPE01505908,Spectrum,COc1cc2oc3cc(OC)c(OC)c(CC=C(C)C)c3c(=O)c2c(OC)c1CC=C(C)C,57,55.9,True
SPE01505909,Spectrum,COc1cc2oc3cc(OC)c(OC)c(CC=C(C)C)c3c(=O)c2c(O)c1CC=C(C)C,56,54.9,True
SPE01505920,Spectrum,CC(C)(CO)C(O)C(=O)NCCC(=O)NCCSSCCNC(=O)CCNC(=O)C(O)C(C)(C)CO,58,56.9,True
SPE01505921,Spectrum,CN(C)CC(=O)OC[C@@H](O)[C@@H](O)[C@H](O)[C@@H](O)C(=O)[O-].[Na+],57,55.9,True
SPE01505959,Spectrum,COc1ccc(-c2coc3c(O)c(O)c(OC)cc3c2=O)cc1,58,56.9,True
SPE01600025,Spectrum,COc1cc(O)c(C)c(O)c1,58,56.9,True
SPE01600075,Spectrum,COc1cc(OC)c2c(=O)c(OC)c(-c3ccc(OC)c(OC)c3)oc2c1,57,55.9,True
SPE01600300,Spectrum,CN1CC(=O)NC1=N,56,54.9,True
SPE01600365,Spectrum,COc1ccc2c(c1)OC/C(=C/c1ccc(OC)c(OC)c1)C2=O,58,56.9,True
SPE01600480,Spectrum,COc1ccc2c(c1)OC[C@@H](Cc1ccc(OC)c(OC)c1)[C@H]2O,58,56.9,True
SPE01600537,Spectrum,CC(=O)Oc1cc(OC(C)=O)c2c(c1)O[C@H](c1ccc(OC(C)=O)c(OC(C)=O)c1)[C@@H](OC(C)=O)C2,57,55.9,True
SPE00201513,Spectrum,O=C(Oc1cc(O)cc2c1C[C@@H](OC(=O)c1cc(O)c(O)c(O)c1)[C@@H](c1cc(O)c(O)c(O)c1)O2)c1cc(O)c(O)c(O)c1,57,55.9,True
SPE01504256,Spectrum,CC(=O)Oc1cc(OC(C)=O)c2c(c1)O[C@H](c1ccc(OC(C)=O)c(OC(C)=O)c1)[C@H](OC(C)=O)C2,57,55.9,True
SPE01600561,Spectrum,COc1ccc(C2CC(=O)c3ccc(OC)cc3O2)cc1,57,55.9,True
SPE01600759,Spectrum,Cc1cc(O)cc(=O)o1,57,55.9,True
SPE01600919,Spectrum,COc1cccc(O)c1O,59,57.8,True
SPE01600964,Spectrum,CNc1ccccc1C(=O)O,56,54.9,True
SPE01601021,Spectrum,COc1ccc(C(C)=O)c(O)c1,57,55.9,True
SPE01701001,Spectrum,C[C@]12C=CC(=O)C=C1CCC1C2CC[C@]2(C)C(=O)CCC12,58,56.9,True
SPE01701060,Spectrum,CC(=O)[C@@]1(O)CCC2C3CCC4=CC(=O)CC[C@]4(C)C3CC[C@@]21C,57,55.9,True
SPE10101015,Spectrum,O=C(O)/C=C/c1ccccc1,57,55.9,True
SPE10100003,Spectrum,COc1ccc(-c2coc3cc(O)cc(O)c3c2=O)cc1,57,55.9,True
SPE10101011,Spectrum,COC(=O)/C=C/C(C)=C/C=C/C(C)=C/C=C/C=C(C)/C=C/C=C(C)/C=C/C(=O)O,58,56.9,True
SPE01505234,Spectrum,C#CCCCCCCCCCCCC(O)CC(O)CO,59,57.8,True
SPE03100024,Spectrum,O=c1[nH]cnc2c1ncn2C1O[C@H](CO)[C@@H](O)[C@H]1O,58,56.9,True
SPE01504051,Spectrum,CCC(/C=C/[C@@H](C)[C@H]1CCC2C3CC=C4C[C@@H](O)CC[C@]4(C)C3CC[C@@]21C)C(C)C,56,54.9,True
SPE01505130,Spectrum,COc1ccc(/C=C/C(=O)O)cc1OC,58,56.9,True
SPE01700330,Spectrum,COc1c(-c2coc3cc4c(cc3c2=O)CC(OC(C)=O)C(C)(C)O4)ccc2c1C=CC(C)(C)O2,58,56.9,True
SPE00210925,Spectrum,COC(=O)c1c(C)cc(O)cc1O,56,54.9,True
SPE01501211,Spectrum,O=C(O)C(O)C(O)C(O)C(O)C(=O)O,57,55.9,True
SPE00201138,Spectrum,COc1cc2c(cc1OC)[C@@H]1C(=O)c3ccc4c(c3O[C@@H]1CO2)C=CC(C)(C)O4,57,55.9,True
SPE00240422,Spectrum,CC(=O)c1ccc[nH]1,57,55.9,True
SPE01500294,Spectrum,CC1(C)O[C@]2(C)CC[C@H]1CC2,58,56.9,True
SPE01500991,Spectrum,CC1(C)C2CC[C@@]3(C)C4CC[C@@]5(C)CC[C@](C)(C(=O)[O-])C[C@H]5C4=CC(=O)C3[C@@]2(C)CC[C@@H]1O[C@@H]1O[C@H](C(=O)[O-])[C@@H](O[C@@H]2O[C@H](C(=O)[O-])[C@@H](O)[C@H](O)[C@H]2O)[C@H](O)[C@H]1O.[NH4+].[NH4+].[NH4+],58,56.9,True
SPE01503427,Spectrum,O=C1c2c(O)cccc2C(O[C@@H]2O[C@H](CO)[C@@H](O)[C@H](O)[C@H]2O)c2cc(CO)cc(O)c21,59,57.8,True
SPE00390001,Spectrum,C=CCc1cc(OC)c2c(c1OC)OCO2,58,56.9,True
SPE01505117,Spectrum,C=CCc1ccc(OC)cc1,60,58.8,True
SPE01505131,Spectrum,O.O=c1ccc2cc(O[C@@H]3O[C@H](CO)[C@@H](O)[C@H](O)[C@H]3O)c(O)cc2o1,58,56.9,True
SPE01505155,Spectrum,NCCc1ccc(O)c(O)c1,60,58.8,True
SPE01505276,Spectrum,CC1=C(/C=C/C(C)=C/C=C/C(C)=C/C=C/C=C(C)/C=C/C=C(C)/C=C/C(=O)[C@]2(C)C[C@@H](O)CC2(C)C)C(C)(C)C[C@H](O)C1,57,55.9,True
SPE01505293,Spectrum,C=CCSCC=C,59,57.8,True
SPE01500657,Spectrum,CC[C@H]1CN2CCC1C[C@@H]2[C@@H](O)c1ccnc2ccc(OC)cc12,57,55.9,True
SPE01800018,Spectrum,CC1(C)O[C@H]2CC(=O)OC[C@]23[C@H]2CC[C@@]4(C)[C@H](c5ccoc5)OC(=O)[C@H]5O[C@]54[C@]2(C)C(=O)C[C@@H]13,56,54.9,True
SPE01800005,Spectrum,CC(C)[C@@H]1CC[C@@H](C)C[C@H]1OC(=O)c1ccccc1,57,55.9,True
SPE01800031,Spectrum,C[C@@H]1CC[C@]2(C(=O)O)CC[C@]3(C)C(=CCC4[C@@]5(C)CC[C@H](O)C(C)(C)C5CC[C@]43C)C2[C@H]1C,57,55.9,True
SPE01800009,Spectrum,C[C@H]1CC[C@@H](C(C)(C)O)CC2=C1CC[C@@H]2C,57,55.9,True
SPE02300253,Spectrum,C[C@@H](N)[C@@H](O)c1ccccc1,59,57.8,True
SPE02300228,Spectrum,C=C(C)C1CNC(C(=O)O)C1CC(=O)O,57,55.9,True
SPE00300110,Spectrum,CC1(C)CC23C(=O)CCC(O)C2(C)CCC13,58,56.9,True
SPE00300111,Spectrum,COC1(C)CCC2OC2(C)CCC2C1CC2(C)C,57,55.9,True
SPE00300117,Spectrum,C=C1CCC2C(CC2(C)C)C(=O)CCC1O,57,55.9,True
SPE00300118,Spectrum,CC1(C)CC2C1CCC1(C)OC2(C)CCC1O,58,56.9,True
SPE00300119,Spectrum,CC1(C)CC2C1CCC1(C)OC1CCC2(C)O,57,55.9,True
SPE00300132,Spectrum,CC12CCC3C(CC3(C)C)C(C)(CCC1=O)O2,58,56.9,True
SPE00300133,Spectrum,CC(=O)OC1CCC23CC1(C)CCC2C(C)(C)CC3OC(C)=O,57,55.9,True
SPE00300157,Spectrum,C=CCc1ccc(OC(=O)c2ccccc2)c(OC)c1,59,57.8,True
SPE00300160,Spectrum,CC1/C(=N/O)C[C@@H]2C[C@H]1C2(C)C,58,56.9,True
SPE00300166,Spectrum,C/C1=C\CCC(=O)C2CC(C)(C)C2CC1,57,55.9,True
SPE01502126,Spectrum,Cl.O=C(O)C1=CCCNC1,56,54.9,True
SPE01300048,Spectrum,O=C[C@H](O)[C@@H](O)[C@H](O)CO,57,55.9,True
SPE00240826,Spectrum,O=C(O)c1cc(O)c(=O)c2c(O)c(O)c(O)cc2c1,58,56.9,True
SPE00100434,Spectrum,CC(=O)O[C@@H]1CC2C(C)(C)C(=O)CC[C@]2(C)C2CC[C@]3(C)C(=CC(=O)O[C@H]3c3ccoc3)[C@@]21C,57,55.9,True
SPE00300545,Spectrum,Cc1cc(O)c2c(c1)C(=O)c1cccc(O)c1C2=O,58,56.9,True
SPE00300556,Spectrum,Cc1cc(O)c2c(c1)Cc1cccc(O)c1C2=O,57,55.9,True
SPE00210296,Spectrum,O=c1c(-c2ccc(O)cc2)coc2cc(O)cc(O)c12,57,55.9,True
SPE00100375,Spectrum,CC(=O)O[C@@H]1CC2C(C)(C)[C@H](O)CC[C@]2(C)C2CC[C@@]3(C)[C@H](c4ccoc4)OC(=O)C4OC43[C@@]21C,56,54.9,True
SPE00240590,Spectrum,COc1cc2c(cc1OC)[C@@H]1C(=O)c3ccc(OC)c(CC=C(C)C)c3O[C@@H]1CO2,58,56.9,True
SPE00500123,Spectrum,COc1cc2c(cc1OC)Cc1cc(OC)c(OC)cc1Cc1cc(OC)c(OC)cc1C2,58,56.9,True
SPE01504143,Spectrum,C[C@@H]1CC[C@H]2[C@@H](C)C(O)O[C@@H]3O[C@@]4(C)CC[C@@H]1[C@]32OO4,56,54.9,True
SPE00100687,Spectrum,C[C@]12CC[C@H](O)C[C@H]1CCC1C2CC[C@]2(C)[C@@H](C3=CC(=O)OC3)[C@@H](O)C[C@]12O,57,55.9,True
SPE01500775,Spectrum,O=C(O)Cc1cc(I)c(Oc2cc(I)c(O)c(I)c2)c(I)c1,58,56.9,True
SPE01701028,Spectrum,C[C@]12CCC(=O)C=C1CCC1C2C(=O)C[C@@]2(C)C1CC[C@]2(O)C(=O)CO,58,56.9,True
SPE01500814,Spectrum,C[C@@]12C(=O)OC(=O)[C@]1(C)C1CCC2O1,57,55.9,True
SPE01505807,Spectrum,C=CCCCCCCCCCCCc1ccco1,58,56.9,True
SPE01504910,Spectrum,CCCCCC1C(=O)CCC1CC(=O)OC,58,56.9,True
SPE00330085,Spectrum,CCCCCCCCCc1ccc(O)cc1,58,56.9,True
SPE01401406,Spectrum,COc1cc(OC)c2c(OC)c(-c3ccc4c(c3)OCO4)c(=O)oc2c1,56,54.9,True
SPE00212140,Spectrum,COc1ccc(C(=O)O)cc1OC,58,56.9,True
SPE01504104,Spectrum,CCCCCC1C(=O)CCC1CC(=O)O,58,56.9,True
SPE00100325,Spectrum,C[C@@H]1CC[C@@]2(OC1)OC1C(O)C3C4CC[C@H]5C[C@H](O[C@@H]6O[C@H](CO)[C@H](O[C@@H]7O[C@H](CO)[C@@H](O)[C@H](O[C@@H]8OC[C@@H](O)[C@H](O)[C@H]8O)[C@H]7O[C@@H]7O[C@H](CO)[C@H](O)[C@H](O[C@@H]8O[C@H](CO)[C@@H](O)[C@H](O)[C@H]8O)[C@H]7O)[C@H](O)[C@H]6O)[C@H](O)C[C@]5(C)C4CC[C@]3(C)C1[C@@H]2C,56,54.9,True
SPE01505806,Spectrum,CCCCCCCCCCCCCc1ccco1,58,56.9,True
SPE01502245,Spectrum,O=c1oc2c(O)c(O)cc3c(=O)oc4c(O)c(O)cc1c4c23,56,54.9,True
SPE01500899,Spectrum,O=c1ccc2cc(O)c(O)cc2o1,57,55.9,True
SPE00300048,Spectrum,CC1(C)C[C@@H]2C(=O)CC[C@H]3O[C@]3(C)CC[C@H]21,57,55.9,True
SPE01500706,Spectrum,N=C(N)NCCCCNC(=N)N.O=S(=O)(O)O,57,55.9,True
SPE00307031,Spectrum,CC(=O)O[C@H]1CC[C@@]2(C)C(=CCC3C2CC[C@@]2(C)C3CC[C@@H]2C(C)CCCC(C)C)C1,57,55.9,True
SPE01400242,Spectrum,CNCc1ccccc1.Cl,59,57.8,True
SPE00200833,Spectrum,COc1ccc(-c2cc(=O)c3c(OC(C)=O)cc(OC(C)=O)cc3o2)cc1,57,55.9,True
SPE00205071,Spectrum,CCOC(=O)c1c(C)cc(O)c(C=O)c1O,57,55.9,True
SPE00231050,Spectrum,COc1ccc(C(C)=O)c(OC)c1,58,56.9,True
SPE01505010,Spectrum,CC(=O)O[C@H]1[C@@H]2[C@@H](OC(=O)Cc3ccccc3)[C@@H](C)C[C@]2(OC(C)=O)C(=O)/C(C)=C/[C@H]2[C@H](CC[C@@]13CO3)C2(C)C,57,55.9,True
SPE01500877,Spectrum,NCC(N)C(=O)c1ccccc1,58,56.9,True
SPE01505002,Spectrum,CCN1C[C@]2(OC(=O)c3ccccc3NC(C)=O)CCC(OC)[C@]34C1[C@H](CC23)[C@@]1(O)CC(OC)[C@H]2CC4C1(O)[C@H]2OC,58,56.9,True
SPE01504123,Spectrum,CC[C@@]1(O)C(=O)OCc2c1cc1n(c2=O)Cc2cc3cc(O)ccc3nc2-1,57,55.9,True
SPE01500779,Spectrum,COC(=O)C(C)c1ccc(C(=O)c2cccs2)cc1,59,57.8,True
SPE01500802,Spectrum,O=C1NC(=O)C(=O)C(=O)N1,58,56.9,True
SPE01501113,Spectrum,CO[C@H]1[C@H](O)[C@@H](O[C@H]2CC[C@]3(C=O)C4CC[C@]5(C)[C@@H](C6=CC(=O)OC6)CC[C@]5(O)C4CC[C@@H]3C2)O[C@@H](C)[C@@H]1O,58,56.9,True
SPE01501114,Spectrum,CN1CCC(=C2c3ccccc3Sc3ccccc32)CC1.O=C(O)/C=C\C(=O)O,59,57.8,True
SPE01501125,Spectrum,NCCCS(=O)(=O)O,57,55.9,True
SPE01501170,Spectrum,CC(=O)Nc1ccc(OC(=O)c2ccccc2O)cc1,58,56.9,True
SPE01501172,Spectrum,c1ccc(/N=N\c2ccccc2)cc1,60,58.8,True
SPE01501174,Spectrum,CCOC(=O)NNc1nncc2ccccc12.Cl,56,54.9,True
SPE01501180,Spectrum,CC(=O)Oc1ccc2c(c1)CCC1C2CC[C@@]2(C)C1CC[C@@H]2OC(C)=O,57,55.9,True
SPE01501183,Spectrum,COc1ccc2c(c1)CCC1C2CC[C@@]2(C)C1CC[C@@H]2O,58,56.9,True
SPE01501188,Spectrum,O=c1c2ccccc2[se]n1-c1ccccc1,57,55.9,True
SPE01501192,Spectrum,C[C@]12CCC3c4ccc(OS(=O)(=O)[O-])cc4CCC3C1CC[C@H]2O.[Na+],58,56.9,True
SPE01501193,Spectrum,CS(=O)(=O)CCCCN=C=S,57,55.9,True
SPE01501198,Spectrum,Cc1c(Cl)cccc1Nc1ccccc1C(=O)O,59,57.8,True
SPE01502001,Spectrum,CC(=O)N[C@@H](CC(C)C)C(=O)O,57,55.9,True
SPE01502043,Spectrum,CS(=O)(=O)[O-].C[n+]1ccccc1/C=N/O,58,56.9,True
SPE01502045,Spectrum,CCn1cc(C(=O)O)c(=O)c2cnc(N3CCCC3)nc21,58,56.9,True
SPE01502034,Spectrum,C=NC(C(=O)NC1C(=O)N2C1SC(C)(C)C2C(=O)[O-])c1ccccc1.[Na+],59,57.8,True
SPE01502057,Spectrum,O=C(O)c1cc2cc(Cl)ccc2[nH]1,58,56.9,True
SPE01502070,Spectrum,O=C(O)c1nc2cc(Cl)c(Cl)cc2nc1O,57,55.9,True
SPE01502073,Spectrum,O=C([O-])Cc1c[nH]cn1.[Na+],57,55.9,True
SPE01502074,Spectrum,O=C(O)CCCN1C(=O)c2cccc3cccc(c23)C1=O,57,55.9,True
SPE01502085,Spectrum,N=C1NCCN1CC(=O)O,56,54.9,True
SPE01502095,Spectrum,N#C/C(=C\c1cccc(O)c1)C(=O)O,58,56.9,True
SPE01502098,Spectrum,CC(=O)CC(=O)CCC(=O)O,58,56.9,True
SPE01502102,Spectrum,O=C(O)c1cccnc1C(=O)O,57,55.9,True
SPE01502103,Spectrum,O=C1c2ccccc2C(=O)c2ccccc21,58,56.9,True
SPE01502114,Spectrum,NC(Cc1ccc(F)cc1)C(=O)O,57,55.9,True
SPE01502128,Spectrum,NC1(C(=O)O)CCCC1,58,56.9,True
SPE01502129,Spectrum,Cl.O=C(O)C1=CCNCC1,58,56.9,True
SPE01502130,Spectrum,NC1(C(=O)O)CC1,58,56.9,True
SPE01502207,Spectrum,CC(C)C[C@H](N)C(=O)N[C@@H](C)C(=O)O,57,55.9,True
SPE01502209,Spectrum,O=C(/C=C/c1ccc(O)c(O)c1)OCCc1ccccc1,58,56.9,True
SPE01502216,Spectrum,N[C@@H](CCC(=O)N[C@@H](CCSC(CC(=O)O)C(=O)O)C(=O)NCC(=O)O)C(=O)O,57,55.9,True
SPE01503036,Spectrum,Cc1c(C(N)=O)cc([N+](=O)[O-])cc1[N+](=O)[O-],57,55.9,True
SPE01503044,Spectrum,O=C(O)c1cc(=O)c2ccccc2o1,57,55.9,True
SPE01503053,Spectrum,CC[N+]1(C)CCCC(OC(=O)C(O)(c2ccccc2)c2ccccc2)C1.[Br-],58,56.9,True
SPE01503074,Spectrum,CCCCC(CC)CNC(=N)NC(=N)NCCCCCCNC(=N)NC(=N)NCC(CC)CCCC.Cl.Cl,59,57.8,True
SPE01503077,Spectrum,CS(=O)(=O)O.OC(CCN1CCCCC1)(c1ccccc1)c1ccccc1,58,56.9,True
SPE01503080,Spectrum,Cl.Nc1c(Br)cc(Br)cc1CNC1CCC(O)CC1,58,56.9,True
SPE01503206,Spectrum,CC(C)(C)CC(C)(C)c1ccc(O)c(Cc2ccc(Cl)cc2Cl)c1,59,57.8,True
SPE01503230,Spectrum,Cc1c(NC(=O)c2cccnc2)c(=O)n(-c2ccccc2)n1C,57,55.9,True
SPE01503231,Spectrum,CS(=O)(=O)Nc1ccc([N+](=O)[O-])cc1Oc1ccccc1,58,56.9,True
SPE01503254,Spectrum,CC(=O)OCC(=O)[C@@]1(O)CCC2C3C[C@H](C)C4=CC(=O)C=CC4(C)C3[C@@H](O)CC21C,57,55.9,True
SPE01503346,Spectrum,O=c1ccn([C@@H]2O[C@H](COP(=O)([O-])OP(=O)([O-])OP(=O)([O-])O)[C@@H](O)[C@H]2O)c(=O)[nH]1.[Na+].[Na+].[Na+],58,56.9,True
SPE01503626,Spectrum,O=C(O)/C=C/C(=O)O.O=C1CCCN1CC#CCN1CCCC1,57,55.9,True
SPE01503628,Spectrum,CC(C)NCC(O)c1ccc2ccccc2c1.Cl,59,57.8,True
SPE01503636,Spectrum,CN[C@H](CC(=O)O)C(=O)O,57,55.9,True
SPE01503297,Spectrum,C[N+](C)(C)CCCCCC[N+](C)(C)C.[Br-].[Br-],58,56.9,True
SPE01503672,Spectrum,O=C([O-])CS.[Na+],57,55.9,True
SPE01503806,Spectrum,CC[n+]1c(-c2ccccc2)c2cc(N)ccc2c2ccc(N)cc21.[Br-],59,57.8,True
SPE01503821,Spectrum,Cl.Cl.NCCSSCCN,59,57.8,True
SPE01503391,Spectrum,N[C@H](Cc1ccccc1)C(=O)O,57,55.9,True
SPE01503936,Spectrum,N#Cc1ccc2c(c1)N(CCCN1CCC(O)CC1)c1ccccc1S2,58,56.9,True
SPE01503941,Spectrum,O=C(O)CCCCC1CCSS1,56,54.9,True
SPE01503947,Spectrum,C[As](C)(=O)O,57,55.9,True
SPE01503954,Spectrum,CC(C)(C)NCC(O)c1ccccc1Cl.Cl,59,57.8,True
SPE01503970,Spectrum,CON.Cl,59,57.8,True
SPE01503974,Spectrum,COC(=O)NC(=S)Nc1ccccc1NC(=S)NC(=O)OC,58,56.9,True
SPE01504009,Spectrum,CC(=O)/C(=C\c1ccccc1)CC(=O)O,59,57.8,True
SPE01504079,Spectrum,C[C@H]1CC[C@]2(NC1)OC1C3CCC4C[C@@H](O[C@H]5O[C@H](CO)[C@H](O[C@H]6O[C@H](CO)[C@@H](O)[C@H](O[C@H]7OC[C@@H](O)[C@H](O)[C@H]7O[C@H]7O[C@H](CO)[C@@H](O)[C@H](O)[C@H]7O)[C@H]6O)[C@H](O)[C@H]5O)CC[C@]4(C)C3CC[C@]1(C)[C@@H]2C,57,55.9,True
SPE01504098,Spectrum,CC(C)=CC1C(C(=O)OCc2cccc(Oc3ccccc3)c2)C1(C)C,57,55.9,True
SPE01504100,Spectrum,COC(C)(C)CCC[C@H](C)C/C=C/C(C)=C/C(=O)OC(C)C,57,55.9,True
SPE01504120,Spectrum,CC(C)c1cc2c(c(O)c1O)[C@@]1(C(=O)O)CCCC(C)(C)C1CC2,58,56.9,True
SPE01504135,Spectrum,C[C@@H]1CC(Cl)CC[C@H]1C(=O)OC(C)(C)C,57,55.9,True
SPE01504137,Spectrum,Cl.N=c1ccn2c(n1)O[C@@H]1[C@@H](O)[C@H](CO)O[C@@H]12,56,54.9,True
SPE01504141,Spectrum,O=c1ccc2ccc(O)c(O)c2o1,57,55.9,True
SPE01504145,Spectrum,Cc1ccc(S(=O)(=O)NC(=O)NN2CC3CCCC3C2)cc1,58,56.9,True
SPE01504147,Spectrum,CN(C)CCCSC(=N)N.Cl.Cl,57,55.9,True
SPE01504151,Spectrum,Cc1ncc(CNC(=O)N(CCCl)N=O)c(N)n1,60,58.8,True
SPE01504153,Spectrum,O=C1OC(=O)C2C3CCC(O3)C12,57,55.9,True
SPE01504178,Spectrum,COc1cc2c(cc1OC)C1Cc3ccc(OC)c(OC)c3CN1CC2,58,56.9,True
SPE01504182,Spectrum,Cn1c(=O)[nH]c(=O)c2nc[nH]c21,57,55.9,True
SPE01504209,Spectrum,CC(=O)Oc1ccccc1C(=O)Oc1ccccc1C(=O)O,59,57.8,True
SPE01504221,Spectrum,CCC(C(=O)[O-])c1ccccc1.[Na+],58,56.9,True
SPE01504223,Spectrum,CCC(C(N)=O)c1ccccc1,59,57.8,True
SPE01504225,Spectrum,Sc1nc2ccccc2s1,58,56.9,True
SPE01504244,Spectrum,O=C(O)CCNC(=O)c1ccccc1,59,57.8,True
SPE01505001,Spectrum,O=c1c(-c2ccc(O)cc2)coc2c(C3O[C@H](CO)[C@@H](O)[C@H](O)[C@H]3O)c(O)ccc12,56,54.9,True
SPE01505005,Spectrum,C=CCSC[C@@H](N)C(=O)O,58,56.9,True
SPE01505007,Spectrum,O=C(O)[C@@H](S)[C@@H](S)C(=O)O,58,56.9,True
SPE01505011,Spectrum,CCC(COC(=O)c1cc(OC)c(OC)c(OC)c1)(c1ccccc1)N(C)C.O=C(O)/C=C\C(=O)O,59,57.8,True
SPE01505023,Spectrum,CC1(C)[N+]([O-])=[N+]([O-])C1(C)Br,58,56.9,True
SPE01505039,Spectrum,COc1cc(C(C)(C)C)c(O)cc1C(C)(C)C,58,56.9,True
SPE01505036,Spectrum,Cc1c(S(=O)(=O)[O-])oc2c1C(=O)C(=O)c1c-2ccc2c1CCCC2(C)C.[Na+],58,56.9,True
SPE01505101,Spectrum,Oc1cc2c(cc1O)C(c1ccccc1)CNCC2,58,56.9,True
SPE01505103,Spectrum,CN(CCC(N)CC(=O)N[C@H]1C=CC(n2ccc(N)nc2=O)O[C@@H]1C(=O)O)C(=N)N.Cl,58,56.9,True
SPE01505104,Spectrum,CCCCOc1cc(CC2CNC(=O)N2)ccc1OC,58,56.9,True
SPE01505108,Spectrum,CCCCS(=N)(=O)CCC(N)C(=O)O,57,55.9,True
SPE01505120,Spectrum,NCCOB(c1ccccc1)c1ccccc1,59,57.8,True
SPE01505141,Spectrum,O=C(/C=C/c1ccc(O)cc1)c1ccccc1O,58,56.9,True
SPE01505154,Spectrum,Nc1nnc[nH]1,59,57.8,True
SPE01505156,Spectrum,O=C(O)c1ccccc1Nc1ccccc1,59,57.8,True
SPE01505157,Spectrum,CC(C)(/N=N/C(C)(C)C(=N)N)C(=N)N.Cl.Cl,57,55.9,True
SPE01505315,Spectrum,NC(=O)c1ccc(N)nc1,57,55.9,True
SPE01505164,Spectrum,O=S(=O)([O-])c1cc(N=C=S)ccc1/C=C/c1ccc(N=C=S)cc1S(=O)(=O)[O-].[Na+].[Na+],47,46.1,True
SPE01505163,Spectrum,O=C(O)C1=CC(=C(c2ccc(O)c(C(=O)O)c2)c2ccc(O)c(C(=O)O)c2)C=CC1=O,50,49.0,True
SPE01505165,Spectrum,Cc1cc(OC(=O)N2CCCCC2)c(C(C)C)cc1[N+](C)(C)C.[Cl-],47,46.1,True
SPE01505167,Spectrum,NC(=O)c1ncn(C2O[C@H](CO)[C@@H](O)[C@H]2O)c1N,47,46.1,True
SPE01505173,Spectrum,CN(C)C(=O)Oc1cc(OC(=O)N(C)C)cc(C(O)CNC(C)(C)C)c1.Cl,49,48.0,True
SPE01505180,Spectrum,COc1ccc2oc(-c3ccccc3OC)cc(=O)c2c1,47,46.1,True
SPE01505245,Spectrum,C[C@@H]1O[C@@H](OC[C@H]2OC(Oc3c(-c4ccc(OCCO)c(OCCO)c4)oc4cc(OCCO)cc(O)c4c3=O)[C@H](O)[C@@H](O)[C@@H]2O)[C@H](O)[C@H](O)[C@H]1O,48,47.1,True
SPE01505298,Spectrum,CC(C)Cn1c(=O)n(C)c(=O)c2nc[nH]c21,47,46.1,True
SPE01505310,Spectrum,O=C(NC(Cc1cc(=O)[nH]c2ccccc12)C(=O)O)c1ccc(Cl)cc1,47,46.1,True
SPE01505158,Spectrum,O=C1C(Cl)=C(Cl)C(=O)c2c(O)ccc(O)c21,48,47.1,True
SPE01505316,Spectrum,CCCc1cc(C(N)=S)ccn1,46,45.1,True
SPE01505317,Spectrum,CCCCCCNC(=O)n1cc(F)c(=O)[nH]c1=O,47,46.1,True
SPE01505323,Spectrum,CCOC(=O)n1ccn(C)c1=S,47,46.1,True
SPE01505324,Spectrum,O=C(/C=C/C(=O)Oc1ccccc1C(=O)O)Oc1ccccc1C(=O)O,49,48.0,True
SPE01505328,Spectrum,COc1cc([C@@H]2c3cc4c(cc3[C@@H](O)C3COC(=O)C32)OCO4)cc(OC)c1O,48,47.1,True
SPE01503403,Spectrum,CCCCCCOc1ccccc1C(N)=O,48,47.1,True
SPE01505331,Spectrum,c1ccc2c(Cc3c[nH]c4ccccc34)c[nH]c2c1,47,46.1,True
SPE01505335,Spectrum,Cl.NCCc1ccccc1S(=O)(=O)F,49,48.0,True
SPE01505336,Spectrum,CCCCC(=O)Oc1ccccc1C(=O)O,47,46.1,True
SPE01505339,Spectrum,N[C@H](CO)Cc1ccccc1,47,46.1,True
SPE01505342,Spectrum,O=[N+]([O-])c1cccc2cn[nH]c12,47,46.1,True
SPE01505355,Spectrum,O=C(NC(=O)c1c(F)cccc1F)Nc1cc(Cl)c(OC(F)(F)C(F)C(F)(F)F)cc1Cl,48,47.1,True
SPE01505362,Spectrum,CN[C@H]1C[C@@H](N)[C@H](O)[C@@H](O[C@@H]2O[C@H](CO)[C@@H]3OC4(O[C@@H]3[C@@H]2O)O[C@H](C(N)CO)[C@H](O)[C@H](O)[C@H]4O)[C@@H]1O,47,46.1,True
SPE01505395,Spectrum,C[N+]1(C)CCc2cc3c(cc2[C@H]1C1OC(=O)c2c1ccc1c2OCO1)OCO3.[I-],47,46.1,True
SPE01505849,Spectrum,CCSCCC(N)C(=O)O,47,46.1,True
SPE01505915,Spectrum,CC(O)Cn1cnc2c1c(=O)n(C)c(=O)n2C,47,46.1,True
SPE01505930,Spectrum,O=C(O)c1ccccc1Nc1cccc(OCc2ccc3ccccc3n2)c1,49,48.0,True
SPE01600716,Spectrum,Cc1cc(C(C)(C)C)c(O)c(C(C)(C)C)c1,47,46.1,True
SPE01503822,Spectrum,Cc1c(NC(C)C)c(=O)n(-c2ccccc2)n1C.Cl,48,47.1,True
SPE01500999,Spectrum,CCN(CC)CCOC(=O)C(c1ccccc1)C1CCCCC1.Cl,48,47.1,True
SPE01502003,Spectrum,CCCCOc1ccc(CC(=O)NO)cc1,48,47.1,True
SPE01502024,Spectrum,CCn1cc(C(=O)O)c(=O)c2cnc(N3CCNCC3)nc21,47,46.1,True
SPE01502092,Spectrum,O=C(O)c1cc2cc(F)ccc2[nH]1,48,47.1,True
SPE01502082,Spectrum,O=C(O)c1cc2ccccc2[nH]1,48,47.1,True
SPE01505119,Spectrum,Br.Br.N=C(N)SCCN,47,46.1,True
SPE01505126,Spectrum,O=C(NC1CCCCC1)NC1CCCCC1,47,46.1,True
SPE01505168,Spectrum,CC(O)C(=O)O.CCOc1ccc2nc3cc(N)ccc3c(N)c2c1,47,46.1,True
SPE01505170,Spectrum,O=C(NC(=O)c1ccccc1Cl)Nc1ccc(OC(F)(F)F)cc1,47,46.1,True
SPE01505171,Spectrum,O=C(NC(=O)c1c(F)cccc1F)Nc1ccc(Cl)cc1,49,48.0,True
SPE02300137,Spectrum,O=C(NCO)c1cccnc1,48,47.1,True
SPE00310017,Spectrum,CCOC(=O)CCCCCCCCCCCCC1C=CCC1,47,46.1,True
SPE00201508,Spectrum,O=C(O)c1cc(O)c(=O)c2c(O)c(O)ccc2c1,47,46.1,True
SPE00201505,Spectrum,COC(=O)c1cc(O)c(=O)c2c(O)c(O)ccc2c1,47,46.1,True
SPE00300534,Spectrum,COC(=O)[C@H]1[C@H]2C[C@H]3c4[nH]c5cc(OC)ccc5c4CCN3C[C@H]2C[C@@H](OC(=O)c2cc(OC)c(OC)c(OC)c2)[C@@H]1OC,45,44.1,True
SPE01504116,Spectrum,CC1=C2CCC3C(CC[C@]4(C)C(=O)CCC34)[C@@]2(C)CCC1=O,47,46.1,True
SPE01500704,Spectrum,CC(=O)N1CCCC1C(=O)O,47,46.1,True
SPE01500703,Spectrum,CC(=O)N[C@@H](CCC(=O)O)C(=O)O,47,46.1,True
SPE01500702,Spectrum,CC(=O)N[C@@H](Cc1c[nH]c2ccccc12)C(=O)O,47,46.1,True
SPE01500699,Spectrum,CC(=O)N[C@@H](Cc1c[nH]c2ccccc12)C(N)=O,48,47.1,True
SPE01500710,Spectrum,CC(=O)NC(Cc1ccccc1)C(=O)O,47,46.1,True
SPE01500705,Spectrum,NC(COCc1ccccc1)C(=O)O,48,47.1,True
SPE01500688,Spectrum,O=C(O)c1cc(O)c2ccccc2n1,47,46.1,True
SPE01500695,Spectrum,CCOC(=O)C(Cc1ccc(O)cc1)NC(C)=O,48,47.1,True
SPE01500669,Spectrum,CC(Cc1cccc(C(F)(F)F)c1)NCCOC(=O)c1ccccc1.Cl,48,47.1,True
SPE01500666,Spectrum,COc1ccc2c(c1)c(CC(=O)OCC(=O)O)c(C)n2C(=O)c1ccc(Cl)cc1,48,47.1,True
SPE01500701,Spectrum,CC(N)C(=O)NC(Cc1ccccc1)C(=O)O,47,46.1,True
SPE02300204,Spectrum,CC(C)Cn1c(=O)n(C)c(=O)c2[nH]cnc21,47,46.1,True
SPE01500715,Spectrum,CC(=O)N[C@@H]1[C@@H](O)[C@H](O)[C@@H](CO)O[C@H]1O,47,46.1,True
SPE01501126,Spectrum,Cl.NCCCCC(=O)O,48,47.1,True
SPE01500750,Spectrum,COc1ccc(CCC(=O)c2c(O)cc(O[C@@H]3O[C@H](CO)C(O)[C@H](O)C3O[C@@H]3O[C@@H](C)[C@H](O)[C@@H](O)[C@H]3O)cc2O)cc1O,47,46.1,True
SPE01500716,Spectrum,CC(C)CC(NC(=O)CCN)C(=O)O,47,46.1,True
SPE01505304,Spectrum,Cc1ncc([N+](=O)[O-])n1CC(C)O,47,46.1,True
SPE01500996,Spectrum,O=C(OCC(O)CO)c1ccccc1Nc1ccnc2cc(Cl)ccc12,48,47.1,True
SPE01501026,Spectrum,CC(NCCC(c1ccccc1)c1ccccc1)c1ccccc1.Cl,48,47.1,True
SPE01501000,Spectrum,CCOc1ccc(Cc2nccc3cc(OCC)c(OCC)cc23)cc1OCC.Cl,47,46.1,True
SPE00300563,Spectrum,Cl.ClCCN(CCCl)CCCl,47,46.1,True
SPE01501004,Spectrum,OCC(O)CN1CCN(c2ccccc2)CC1,47,46.1,True
SPE01502012,Spectrum,O=C(O)c1ccccc1OP(=O)(O)O,47,46.1,True
SPE00300565,Spectrum,CN1CC(CNC(=O)OCc2ccccc2)C[C@H]2c3cccc4c3c(cn4C)CC21,46,45.1,True
SPE01504410,Spectrum,COc1cc([C@@H]2c3cc4c(cc3[C@H](O)[C@H]3COC(=O)[C@@H]23)OCO4)cc(OC)c1OC,48,47.1,True
SPE00310299,Spectrum,CC1=CC(=O)C(C(C)C)=CC1=O,47,46.1,True
SPE01503222,Spectrum,Cl.O=C(COc1ccc(Cl)cc1)N1CCN(Cc2ccc3c(c2)OCO3)CC1,49,48.0,True
SPE00270076,Spectrum,CC(C)CCCC(C)C1CCC2C3CC[C@H]4C[C@H](O)CC[C@]4(C)C3CC[C@]12C,47,46.1,True
SPE01504212,Spectrum,O=C1C(Cl)=C(Cl)C(=O)C(Cl)=C1Cl,47,46.1,True
SPE02300103,Spectrum,O[C@H]1[C@H](O)[C@@H](O)C2OC[C@H]1O2,47,46.1,True
SPE02300062,Spectrum,CN1C(=O)CCS(=O)(=O)C1c1ccc(Cl)cc1,48,47.1,True
SPE01501143,Spectrum,Nc1ccc(S(=O)(=O)Nc2ccnn2-c2ccccc2)cc1,47,46.1,True
SPE01501194,Spectrum,Cc1ccc(C(=O)C(C)CN2CCCCC2)cc1.Cl,48,47.1,True
SPE02300100,Spectrum,Nc1c2c(nc3ccccc13)CCCC2O.O=C(O)/C=C\C(=O)O,47,46.1,True
SPE01503641,Spectrum,Cl.N=C(N)NC(=N)Nc1ccccc1,47,46.1,True
SPE01503630,Spectrum,CC(=O)N[C@@H](CC(=O)O)C(=O)N[C@@H](CCC(=O)O)C(=O)O,47,46.1,True
SPE01502094,Spectrum,O=C(/C=C/c1ccc(O)c(O)c1)OC(Cc1ccc(O)c(O)c1)C(=O)O,48,47.1,True
SPE01502083,Spectrum,CC(C)C[C@@H](NC(=O)OCC1c2ccccc2-c2ccccc21)C(=O)O,48,47.1,True
SPE01503648,Spectrum,Cl.Oc1noc2c1CCNC2,47,46.1,True
SPE01502131,Spectrum,NC1(C(=O)O)CCC1,47,46.1,True
SPE01502162,Spectrum,NC(Cc1ccc(Cl)cc1)C(=O)O,48,47.1,True
SPE01500645,Spectrum,CC(=O)[C@H]1CCC2C3CC=C4C[C@@H](O)CC[C@]4(C)C3CC[C@@]21C,48,47.1,True
SPE01503973,Spectrum,Oc1ccnc(S)n1,47,46.1,True
SPE01505307,Spectrum,CC(C)(C)C(=O)C(Oc1ccc(Cl)cc1)n1cncn1,47,46.1,True
SPE01500629,Spectrum,CCC(=O)c1c(O)cc(O)cc1O,47,46.1,True
SPE00306001,Spectrum,O=C(O)CCCc1ccccc1,48,47.1,True
SPE01503041,Spectrum,NCC(O)CC(=O)O,47,46.1,True
SPE01503085,Spectrum,CCC1(CC)C(=O)C=CNC1=O,47,46.1,True
SPE00330042,Spectrum,O=C(O)COc1cc(Cl)c(Cl)cc1Cl,47,46.1,True
SPE01503084,Spectrum,Nc1cc(-c2ccncc2)c[nH]c1=O,47,46.1,True
SPE01502177,Spectrum,CC(=O)O.CSCCC(N)C(=O)NC(CC(C)C)C(=O)NC(Cc1ccccc1)C(=O)O,47,46.1,True
SPE01503043,Spectrum,CCCC(=O)Nc1ncnc2c1ncn2C1O[C@@H]2COP(=O)(O)O[C@H]2[C@H]1OC(=O)CCC,48,47.1,True
SPE01501116,Spectrum,CN1CCc2c(c3ccccc3n2Cc2ccccc2)C1.O=S(=O)(O)c1cccc2c(S(=O)(=O)O)cccc12,48,47.1,True
SPE01500854,Spectrum,CC(C)CCCC(C)[C@H]1CCC2C3C(=O)C=C4C[C@@H](O)CC[C@]4(C)C3CC[C@@]21C,47,46.1,True
SPE01503921,Spectrum,CC(=O)[C@@]1(O)CCC2C3C=C(Cl)C4=CC(=O)[C@@H]5CC5[C@]4(C)C3CC[C@@]21C,46,45.1,True
SPE01505311,Spectrum,O=C(CC(=O)c1ccccc1)c1ccccc1,47,46.1,True
SPE01500849,Spectrum,CC(C)CCCC(C)[C@H]1CCC2C3CC=C4CC(=O)CC[C@]4(C)C3CC[C@@]21C,47,46.1,True
SPE01501157,Spectrum,CCCCC1(COC(=O)CCC(=O)O)C(=O)N(c2ccccc2)N(c2ccccc2)C1=O,48,47.1,True
SPE01501208,Spectrum,O=c1c(O)c(-c2ccccc2)oc2ccc3occc3c12,47,46.1,True
SPE01502175,Spectrum,CSCCC(NC=O)C(=O)NC(Cc1ccccc1)C(=O)O,47,46.1,True
SPE01500761,Spectrum,N=C(N)N.O=C(O)O,47,46.1,True
SPE01504240,Spectrum,O=C1C=CC(=O)c2ccccc21,47,46.1,True
SPE01505009,Spectrum,CC(C)=CCC/C(C)=C/CC/C(C)=C/CC/C(C)=C/CO,47,46.1,True
SPE01504101,Spectrum,N#Cc1c(Cl)c(Cl)c(Cl)c(C#N)c1Cl,48,47.1,True
SPE01505162,Spectrum,N=C(N)NN.O=S(=O)(O)O,47,46.1,True
SPE01500878,Spectrum,CN1[C@@H]2CC[C@@H]1CC(O)C2,47,46.1,True
SPE01500636,Spectrum,COC(=O)C(N)CS.Cl,46,45.1,True
SPE01504215,Spectrum,N=C(N)NC(=O)c1nc(Cl)c(N2CCCCCC2)nc1N,46,45.1,True
SPE01503218,Spectrum,CC(N)CCCC(C)(C)O.Cl,47,46.1,True
SPE01503325,Spectrum,OCCSCCO,47,46.1,True
SPE01503051,Spectrum,CC(=O)OC/C=C(C)/C=C/C=C(C)/C=C/C1=C(C)CCCC1(C)C,47,46.1,True
SPE01502096,Spectrum,N#C/C(=C\c1ccc(O)cc1)C(=O)O,48,47.1,True
SPE01503226,Spectrum,CN(C)CCOC(=O)COc1ccc(Cl)cc1.Cl,49,48.0,True
SPE01504187,Spectrum,Cc1scc2c1N(C(=O)CN1CCN(C)CC1)c1ccccc1NC2=O.Cl,47,46.1,True
SPE02300192,Spectrum,CCCCCCCCC(=O)NCc1ccc(O)c(OC)c1,47,46.1,True
SPE01503431,Spectrum,Nc1ccn(C2O[C@H](CO)[C@@H](O)[C@H]2O)c(=O)n1,47,46.1,True
SPE01503986,Spectrum,CC(=O)OC[C@@]1(O)C[C@@]23CCC4c5ccoc5CC[C@]4(C)C2CC[C@@H]1C3,48,47.1,True
SPE00300053,Spectrum,CC1(C)CC2C1CC[C@]1(CBr)CCC3C(CC(=O)O)C(=O)O[C@@]32C1,47,46.1,True
SPE02300193,Spectrum,Cn1c(=O)c2nc(C3CCCC3)[nH]c2n(C)c1=O,47,46.1,True
SPE00330038,Spectrum,CCCN(CCC)c1c([N+](=O)[O-])cc(C(F)(F)F)cc1[N+](=O)[O-],47,46.1,True
SPE00300015,Spectrum,CC(C)CCCC(C)C1CCC2C3CC[C@H]4CCCC[C@]4(C)C3CC[C@]12C,48,47.1,True
SPE01505492,Spectrum,CC[C@@H](CO)NC(=O)[C@@H]1C=C2c3cccc4c3c(cn4C)C[C@H]2N(C)C1.O=C(O)/C=C\C(=O)O,48,47.1,True
SPE01505770,Spectrum,O=C1OC(CN2CCOCC2)CN1/N=C/c1ccc([N+](=O)[O-])o1,48,47.1,True
SPE01505772,Spectrum,CCOc1ccc(NC(=O)CC(C)O)cc1,47,46.1,True
SPE01505773,Spectrum,CC(C)c1c(CN(C)C(C)Cc2ccccc2)n(C)n(-c2ccccc2)c1=O,49,48.0,True
SPE01505774,Spectrum,CCN(CC)CCOCCOC(=O)C(CC)(CC)c1ccccc1.O=C(O)CC(O)(CC(=O)O)C(=O)O,48,47.1,True
SPE02300345,Spectrum,O=C(O)C1CCCNC1,47,46.1,True
SPE00330047,Spectrum,O=C(O)CNCP(=O)(O)O,46,45.1,True
SPE01505783,Spectrum,CC[N+](C)(CC)CCOC(=O)C(O)(c1ccccc1)C1CCCCC1.[Br-],49,48.0,True
SPE00330046,Spectrum,COC(=O)COc1cc(Cl)c(Cl)cc1Cl,48,47.1,True
SPE01505779,Spectrum,CC(=O)OCC(=O)[C@@]1(O)CCC2C3CCC4=CC(=O)C=C[C@]4(C)[C@@]3(Cl)[C@@H](Cl)C[C@@]21C,48,47.1,True
SPE01505785,Spectrum,CCN(CC)CCNC(C(=O)OCCC(C)C)c1ccccc1.Cl.Cl,49,48.0,True
SPE01505786,Spectrum,CSc1nc2cc(Cl)c(Oc3cccc(Cl)c3Cl)cc2[nH]1,47,46.1,True
SPE02300147,Spectrum,CC(=O)N[C@@H]1[C@@H](C(O)[C@H](O)CO)O[C@](O)(C(=O)O)C[C@@H]1O,49,48.0,True
SPE01505775,Spectrum,CCCCCCCCCCCCCCCCC(C(=O)O)C(O)(CC(=O)O)C(=O)O,46,45.1,True
SPE02300357,Spectrum,Cn1c(=O)c2c(ncn2CCO)n(C)c1=O,47,46.1,True
SPE01505787,Spectrum,CC(Oc1ccc(Cl)cc1Cl)C(=O)O,47,46.1,True
SPE01502010,Spectrum,CC(=O)Oc1cccc2c1C(=O)c1c(OC(C)=O)cc(C(=O)O)cc1C2=O,48,47.1,True
SPE00330013,Spectrum,COP(=S)(OC)SCn1nnc2ccccc2c1=O,47,46.1,True
SPE01505105,Spectrum,O=[N+]([O-])c1cccc2c(Br)n[nH]c12,47,46.1,True
SPE01500623,Spectrum,Oc1c(Br)cc(Br)c2cccnc12,48,47.1,True
SPE02300334,Spectrum,CN1C2CCC1CC(OC(c1ccccc1)c1ccccc1N)C2,47,46.1,True
SPE01505338,Spectrum,C[C@@H](N)CO,47,46.1,True
SPE01505102,Spectrum,FC(F)(F)c1ccccc1-n1ccnc1,47,46.1,True
SPE01505017,Spectrum,CCN(CC)N(O)N=O.CCNCC,47,46.1,True
SPE00330036,Spectrum,N#Cc1c(Cl)cccc1Cl,47,46.1,True
SPE01505747,Spectrum,CC1(C)C2CCC1(C)C(O)C2,47,46.1,True
SPE01505748,Spectrum,C=Cc1c(C)c2[n]3c1/C=C1\N=C(/C=c4/c(C)c5c([n]4[Mg]3)=C(C3=N/C(=C\2)[C@@H](C)[C@@H]3CCC(=O)OC/C=C(\C)CCCC(C)CCCC(C)CCCC(C)C)[C@@H](C(=O)OC)C5=O)C(CC)=C1C,46,45.1,True
SPE01501022,Spectrum,CC(C)=CCC/C(C)=C/CC/C(C)=C/CO,47,46.1,True
SPE01501181,Spectrum,CC(=O)Oc1ccc2c(c1)CCC1C2CC[C@]2(C)C(=O)CCC12,45,44.1,True
SPE01503677,Spectrum,CC(=O)C1CCC2C3CC=C4CC(OS(=O)(=O)[O-])CC[C@]4(C)C3CC[C@]12C.[Na+],48,47.1,True
SPE01500626,Spectrum,Oc1ccc(Cl)cc1Cc1cc(Cl)ccc1O,47,46.1,True
SPE00330026,Spectrum,CC(C)Nc1nc(Cl)nc(NC(C)C)n1,48,47.1,True
SPE01503108,Spectrum,CCN(CC)CCNC(=O)c1cc(Br)c(N)cc1OC,47,46.1,True
SPE00330003,Spectrum,COS(C)(=O)=O,47,46.1,True
SPE01505764,Spectrum,NCCCNCCCCNCCCN,47,46.1,True
SPE01505743,Spectrum,O=C(O)CCCCCCCC(O)C(O)CCCCCCO,47,46.1,True
SPE01505329,Spectrum,CCCCCCCCCCCCCCCCOP(=O)([O-])OCC[N+](C)(C)C,47,46.1,True
SPE01505754,Spectrum,Cl.NCCc1c[nH]c2ccc(O)cc12,47,46.1,True
SPE01505789,Spectrum,O[C@@H]1[C@H](O)CO[C@H]1O,47,46.1,True
SPE02300261,Spectrum,CCCCCN(CCCCC)C(=O)C(CCC(=O)[O-])NC(=O)c1ccc(Cl)c(Cl)c1.[Na+],47,46.1,True
SPE00330005,Spectrum,c1ccc2c(c1)cc1ccc3cccc4ccc2c1c34,47,46.1,True
SPE00330039,Spectrum,CC(C)N1C(=O)c2ccccc2NS1(=O)=O,47,46.1,True
SPE00330029,Spectrum,CCNc1nc(Cl)nc(NC(C)C)n1,47,46.1,True
SPE00330010,Spectrum,COP(=S)(OC)Oc1ccc([N+](=O)[O-])cc1,47,46.1,True
SPE01505758,Spectrum,Cc1c[nH]c2ccccc12,47,46.1,True
SPE01400666,Spectrum,COc1cc(C)c2c(=O)cc(-c3ccccc3)oc2c1,48,47.1,True
SPE01500762,Spectrum,O=C1C=CC(=C(c2ccc(O)cc2)c2ccc(O)cc2)C=C1,47,46.1,True
SPE01505755,Spectrum,COC1=C(OC)C(=O)C(CCCCCCCCCCO)=C(C)C1=O,47,46.1,True
SPE00330030,Spectrum,CN(C)C(=O)Nc1ccc(Cl)c(Cl)c1,47,46.1,True
SPE01505788,Spectrum,O=C(N/N=C/c1ccc([N+](=O)[O-])o1)c1ccc(O)cc1,48,47.1,True
SPE01505766,Spectrum,COc1cc(C(=O)O)cc(OC)c1O,47,46.1,True
SPE01505762,Spectrum,Cc1ncc(CSSCc2cnc(C)c(O)c2CO)c(CO)c1O,47,46.1,True
SPE01500870,Spectrum,c1cncc(C2=NCCC2)c1,47,46.1,True
SPE01301001,Spectrum,O=C1c2ccccc2C(=O)C1(O)C1(O)C(=O)c2ccccc2C1=O,47,46.1,True
SPE01505757,Spectrum,OC[C@H]1O[C@H](OC[C@H]2O[C@@H](O)[C@H](O)[C@@H](O)[C@@H]2O)[C@H](O)[C@@H](O)[C@H]1O,47,46.1,True
SPE00330051,Spectrum,CC(C)OC(=O)Nc1cccc(Cl)c1,49,48.0,True
SPE00330072,Spectrum,ClC(Cl)=C(c1ccc(Cl)cc1)c1ccc(Cl)cc1,47,46.1,True
SPE00330033,Spectrum,CCCCN(CC)c1c([N+](=O)[O-])cc(C(F)(F)F)cc1[N+](=O)[O-],47,46.1,True
SPE00330060,Spectrum,CNC(=O)O/N=C(/C)SC,47,46.1,True
SPE00330044,Spectrum,COC(=O)COc1ccc(Cl)cc1Cl,49,48.0,True
SPE00330012,Spectrum,CCOP(=S)(OCC)Oc1ccc2c(C)c(Cl)c(=O)oc2c1,48,47.1,True
SPE00330048,Spectrum,CCCCCCC(C)OC(=O)COc1ccc(Cl)cc1Cl,48,47.1,True
SPE00330056,Spectrum,Oc1c(Cl)c(Cl)c(Cl)c(Cl)c1Cl,47,46.1,True
SPE02300312,Spectrum,C[C@](N)(Cc1ccc(O)cc1)C(=O)O,49,48.0,True
SPE00330076,Spectrum,ClC1CC2C(C1Cl)C1(Cl)C(Cl)C(Cl)C2(Cl)C1(Cl)Cl,47,46.1,True
SPE00330034,Spectrum,COc1nc(NC(C)C)nc(NC(C)C)n1,47,46.1,True
SPE00307123,Spectrum,C[C@]12CCC3c4ccc(OC(=O)c5ccccc5)cc4CCC3C1CCC2=O,45,44.1,True
SPE00330080,Spectrum,ClC1=C(Cl)C2(Cl)C3C4C=CC(C4)C3C1(Cl)C2(Cl)Cl,47,46.1,True
SPE00330078,Spectrum,ClC1=C(Cl)C2(Cl)C3C(Cl)C=CC3C1(Cl)C2(Cl)Cl,47,46.1,True
SPE00330020,Spectrum,CNC(=O)CSP(=S)(OC)OC,47,46.1,True
SPE00330041,Spectrum,O=C(O)CCCOc1ccc(Cl)cc1Cl,48,47.1,True
SPE00330073,Spectrum,ClC1=C(Cl)C2(Cl)C3C4CC(C5OC45)C3C1(Cl)C2(Cl)Cl,47,46.1,True
SPE00330008,Spectrum,O=[N+]([O-])c1ccc(O)c([N+](=O)[O-])c1,47,46.1,True
SPE00100002,SPECMTS3,CC(=O)OC1CC2(C)C(c3ccoc3)OC(=O)C3OC32C2(C)C(OC(C)=O)CC3C(C)(C)C(OC(C)=O)CC(OC(C)=O)C3(C)C12,47,46.1,True
SPE00100016,SPECMTS3,C=C1C2=CC(=O)OC(c3ccoc3)C2(C)CCC1C1(C)C=CC(=O)C(C)(C)C1CC(=O)OC,59,57.8,True
SPE00100054,SPECMTS3,C=C1C2CCC3(C)C(c4ccoc4)OC(=O)CC13OC1CC(=O)C(C)(C)C(CC(=O)OC)C12C,58,56.9,True
SPE00100056,SPECMTS3,C=C1C2CCC3(C)C(c4ccoc4)OC(=O)CC13OC1CC(=O)C(C)(C)C(C(OC(C)=O)C(=O)OC)C12C,59,57.8,True
SPE00100090,SPECMTS3,CC(CC(O)C1OC1(C)C)C1CCC2(C)C3=CCC4C(C)(C)C(=O)CCC4(C)C3CCC12C,59,57.8,True
SPE00100093,SPECMTS3,CC(C1OC(C)(C)C(O)C1O)C1CCC2(C)C3=CCC4C(C)(C)C(=O)CCC4(C)C3CCC12C,60,58.8,True
SPE00100190,SPECMTS3,CC(=O)OC1CC2C(C)(C)C(O)C=CC2(C)C2CCC3(C)C(=CC(=O)OC3c3ccoc3)C12C,60,58.8,True
SPE00100195,SPECMTS3,CC(=O)OC1CC2C(C)(C)C=CC(=O)C2(C)C2CCC3(C)C(c4ccoc4)OC(=O)C4OC43C12C,58,56.9,True
SPE00100242,SPECMTS3,COc1cccc2c1CCC1CC(=O)CCC21C,60,58.8,True
SPE00100254,SPECMTS3,COc1ccc2c(c1)C1(C)CCC(=O)CC1CC2,60,58.8,True
SPE00100290,SPECMTS3,CC(=O)OC1CC2C(C)(C)CCC(=O)C2(C)C2CCC3(C)C(c4ccoc4)OC(=O)C4OC43C12C,58,56.9,True
SPE00100378,SPECMTS3,CC(=O)OC1CC2C(C)(C)C(O)CC(O)C2(C)C2CCC3(C)C(c4ccoc4)OC(=O)C4OC43C12C,59,57.8,True
SPE00100423,SPECMTS3,CC1(C)C=CC(=O)C2(C)C1CC(=O)C1(C)C2CCC2(C)C(c3ccoc3)OC(=O)C3OC321,58,56.9,True
SPE00100458,SPECMTS3,CC1(C)C(=O)CCC2(C)C1CC(O)C1(C)C3=CC(=O)OC(c4ccoc4)C3(C)CCC21,60,58.8,True
SPE00100525,SPECMTS3,COC1C=CC23c4cc5c(cc4CN(CC2O)C3C1)OCO5,59,57.8,True
SPE00100530,SPECMTS3,COc1c2c(cc3c1OCO3)C13C=CC(OC)CC1N(C2)CC3O,58,56.9,True
SPE00100562,SPECMTS3,CC1(C)C(O)CC(=O)C2(C)C1CC(O)C1(C)C2CCC2(C)C(c3ccoc3)OC(=O)C3OC321,58,56.9,True
SPE00100568,SPECMTS3,COC1C(O)C(OC2CCC3(C=O)C4C(OC(C)=O)CC5(C)C(C6=CC(=O)OC6)CCC5(O)C4CCC3(O)C2)OC(C)C1OC(C)=O,60,58.8,True
SPE00100572,SPECMTS3,COc1cc2ccc(=O)oc2c(OC)c1OC,60,58.8,True
SPE00100576,SPECMTS3,CC1(C)C(O)CC(O)C2(C)C1CC(O)C1(C)C2CCC2(C)C(c3ccoc3)OC(=O)C3OC321,59,57.8,True
SPE00100577,SPECMTS3,OCC(O)Cc1ccc2c(c1)OCO2,59,57.8,True
SPE00100580,SPECMTS3,CC(=O)OC1CCC2(C)C(CCC3C4CC=C(C(C)=O)C4(C)C(=O)CC32)C1,60,58.8,True
SPE00100582,SPECMTS3,CC12CCC3C(CC=C4CC(O)CCC43C)C1CCC2=O,61,59.8,True
SPE00100583,SPECMTS3,CC(=O)OC1CCC2(C)C3=C(CCC2C1(C)C)C1(C)CCC(C(C)CCC=C(C)C)C1(C)CC3,59,57.8,True
SPE00100584,SPECMTS3,CC(=O)OC1CCC2(C)C(CCC3C2CCC2(C)C(C4=CC(=O)OC4)C(OC(C)=O)CC32O)C1,59,57.8,True
SPE00100646,SPECMTS3,COc1ccc2c(c1)C1(C)CCC(=O)CC1CC2,60,58.8,True
SPE00100648,SPECMTS3,COc1cccc2c1CCC1=CC(=O)CCC12C,60,58.8,True
SPE00100651,SPECMTS3,C=C1C2CCC3(C)C(c4ccoc4)OC(=O)CC13OC1CC(OC(C)=O)C(C)(C)C(CC(=O)OC)C12C,57,55.9,True
SPE00100655,SPECMTS3,COC(=O)C1OC(=O)C2OC23C1(C)CCC1C2(C)CCC(=O)C(C)(C)C2CC(OC(C)=O)C13C,59,57.8,True
SPE00100676,SPECMTS3,COc1cccc2c(C)cc(O)nc12,58,56.9,True
SPE00102018,SPECMTS3,COc1cc2c(cc1-c1coc3c4c(c(OC)cc3c1=O)OC(C)(C)C=C4)OCO2,60,58.8,True
SPE00107113,SPECMTS3,CC(=O)OC1CCC2(C)C(CCC3C4CCC(=O)C4(C)CCC32)C1,60,58.8,True
SPE00200099,SPECMTS3,COc1ccc(-c2cc(=O)c3c(O)cc(OC4OC(COC5OC(C)C(O)C(O)C5O)C(O)C(O)C4O)cc3o2)cc1,59,57.8,True
SPE00200123,SPECMTS3,O=C(/C=C(\O)c1ccccc1)c1ccccc1O,60,58.8,True
SPE00200141,SPECMTS3,CCOC(=O)C(=O)C1(C(=O)OCC)Oc2cc(OC)cc(OC)c2C(=O)C1c1ccccc1,59,57.8,True
SPE00200215,SPECMTS3,COc1cc(OC)c2c(=O)c(-c3ccccc3)c(C)oc2c1OC,61,59.8,True
SPE00200412,SPECMTS3,COc1ccc(C(=O)c2ccc(O)cc2)c(O)c1O,60,58.8,True
SPE00200416,SPECMTS3,COc1ccc(-c2coc3cc(O)ccc3c2=O)c(OC)c1O,59,57.8,True
SPE00200433,SPECMTS3,COc1ccc(-c2cc(=O)c3c(O)cc(O)c(-c4cc(-c5cc(=O)c6c(O)cc(O)cc6o5)ccc4OC)c3o2)cc1,60,58.8,True
SPE00200436,SPECMTS3,COc1cc(O)c2c(=O)cc(-c3ccc(OC)c(-c4c(O)cc(O)c5c(=O)cc(-c6ccc([O-])cc6)oc45)c3)oc2c1.[K+],60,58.8,True
SPE00200447,SPECMTS3,Cc1cc(=O)c2c(O)c(C)c(O)cc2o1,60,58.8,True
SPE00200449,SPECMTS3,Cc1cc(=O)c2c(O)cc(O)c(C)c2o1,59,57.8,True
SPE00200851,SPECMTS3,COc1cc2c(cc1OC)C1C(=O)c3ccc(O)c(CC=C(C)C)c3OC1CO2,61,59.8,True
SPE00201083,SPECMTS3,COc1ccc(C(=O)c2ccccc2)c(O)c1O,61,59.8,True
SPE00201182,SPECMTS3,O=c1c(-c2cc(O)c(O)c(O)c2)coc2cc(O)c(O)c(O)c12,60,58.8,True
SPE00201310,SPECMTS3,COc1ccc(-c2coc3cc(O)ccc3c2=O)c(OC)c1,59,57.8,True
SPE00201506,SPECMTS3,O=C(OC1Cc2c(O)cc(O)cc2OC1c1cc(O)c(O)c(O)c1-c1c(C2Oc3cc(O)cc(O)c3CC2O)cc(O)c(O)c1O)c1cc(O)c(O)c(O)c1,59,57.8,True
SPE00201507,SPECMTS3,O=C(OC1Cc2c(O)cc(O)cc2OC1c1cc(O)c(O)c(O)c1-c1c(C2Oc3cc(O)cc(O)c3CC2OC(=O)c2cc(O)c(O)c(O)c2)cc(O)c(O)c1O)c1cc(O)c(O)c(O)c1,59,57.8,True
SPE00201581,SPECMTS3,CC(C)=CCc1c2c(c(O)c3c(=O)c(O)c(-c4ccccc4)oc13)C=CC(C)(C)O2,60,58.8,True
SPE00201584,SPECMTS3,CC(=O)Oc1c(-c2ccccc2)oc2c(CC=C(C)C)c3c(c(OC(C)=O)c2c1=O)C=CC(C)(C)O3,59,57.8,True
SPE00201610,SPECMTS3,COc1cc(O)c(C(=O)/C=C/c2ccccc2)c(OC)c1,60,58.8,True
SPE00203029,SPECMTS3,CC(=O)c1ccc(O)c(CC=C(C)C)c1,60,58.8,True
SPE00203032,SPECMTS3,CC(=O)c1cc(CC=C(C)C)c(O)c(CC=C(C)C)c1,60,58.8,True
SPE00210014,SPECMTS3,Oc1ccc2c(c1)OC(c1ccc(O)c(O)c1)C(O)C2,59,57.8,True
SPE00210025,SPECMTS3,C#CCCCCCCCCCCCC(O)CC(O)COC(C)=O.C=CCCCCCCCCCCCC(O)CC(O)COC(C)=O,59,57.8,True
SPE00210235,SPECMTS3,O=C(Oc1cc(OC(=O)c2ccccc2)c2c(c1)OC(c1ccc(OC(=O)c3ccccc3)c(OC(=O)c3ccccc3)c1)C(OC(=O)c1ccccc1)C2)c1ccccc1,61,59.8,True
SPE00210454,SPECMTS3,CC1(C)C=Cc2c(cc3occ(-c4ccc5c(c4)OCO5)c(=O)c3c2O)O1,61,59.8,True
SPE00210515,SPECMTS3,O=c1c(O)cccc2ccc(O)c(O)c12,61,59.8,True
SPE00210567,SPECMTS3,COc1ccc(/C=C/C(=O)O)cc1OC,61,59.8,True
SPE00210568,SPECMTS3,COc1ccccc1/C=C\C(=O)O,60,58.8,True
SPE00211076,SPECMTS3,COc1cc2occ(-c3ccccc3)c(=O)c2c(OC)c1C,59,57.8,True
SPE00211097,SPECMTS3,COc1ccc2c(=O)ccoc2c1,59,57.8,True
SPE00211175,SPECMTS3,CC(=O)Nc1cccc(O)c1,60,58.8,True
SPE00211538,SPECMTS3,O=c1oc2ccccc2cc1O,59,57.8,True
SPE00240437,SPECMTS3,CC(=O)OCC(OC(C)=O)C(OC(C)=O)C(OC(C)=O)C(OC(C)=O)C(COC(C)=O)OC(C)=O,60,58.8,True
SPE00240565,SPECMTS3,O=c1c(-c2ccccc2)coc2cc(O)cc(O)c12,57,55.9,True
SPE00240567,SPECMTS3,COc1ccc(C2Oc3c(I)c(OC)cc(OC)c3CC2O)cc1OC,61,59.8,True
SPE00240736,SPECMTS3,COc1ccc2oc3ccccc3c(=O)c2c1,59,57.8,True
SPE00240740,SPECMTS3,CC(=O)Oc1ccc(O)cc1,59,57.8,True
SPE00240932,SPECMTS3,C=CCCCCCCCCCCCC(O)CC(O)CO,60,58.8,True
SPE00241155,SPECMTS3,O=C(OC1Cc2c(O)cc(O)cc2OC1c1cc(O)c(=O)c2c(O)c(O)cc(C3Oc4cc(O)cc(O)c4CC3O)c2c1)c1cc(O)c(O)c(O)c1,60,58.8,True
SPE00270029,SPECMTS3,CC(=O)OC1CCC2(C)C(=CCC3C4CCC(=O)C4(C)CCC32)C1,60,58.8,True
SPE00290030,SPECMTS3,COc1cc(O)c(C(=O)c2ccccc2)cc1O,59,57.8,True
SPE00300037,SPECMTS3,C=C1C(=O)OC2CC1C(OC(C)=O)C/C(C)=C/CC/C(C)=C/CCC2(C)O,60,58.8,True
SPE00300049,SPECMTS3,C=C1CCC2C(CC2(C)C)C(=C)CC/C1=N/O,61,59.8,True
SPE00300052,SPECMTS3,CC(=O)OC1CCC2(O)CC1(C)CCC1C2CC1(C)C,59,57.8,True
SPE00300148,SPECMTS3,C=C1CCC(OC(C)=O)/C(C)=C/CC2C1CC2(C)C,60,58.8,True
SPE00300222,SPECMTS3,COC(=O)c1c(OC)cc2c(c1C)Oc1c(Cl)c(OC(C)=O)c(Cl)c(C)c1C(=O)O2,59,57.8,True
SPE00300228,SPECMTS3,COc1c2c(c(CC=C(C)C)c3oc(=O)c(-c4ccc(O)cc4)c(O)c13)OC(C)(C)C=C2,59,57.8,True
SPE00300340,SPECMTS3,CCC1C(=O)OCC1Cc1cncn1C.O=[N+]([O-])O,60,58.8,True
SPE00300532,SPECMTS3,C=C1CCC2C(C)(CO)C(O)CCC2(C)C1C/C=C1/C(=O)OCC1O,60,58.8,True
SPE00307035,SPECMTS3,CC(=O)OC1CCC2(C)C(=CC(=O)C3C2CCC2(C)C(C(C)CCCC(C)C)CCC32)C1,59,57.8,True
SPE00307058,SPECMTS3,CC(=O)OC(C)(CCC=C(C)C)C1CC=C(C)CC1,60,58.8,True
SPE00310031,SPECMTS3,COc1cc(O)c2c(=O)c(O)c(-c3ccc(O)c(O)c3)oc2c1,60,58.8,True
SPE00310038,SPECMTS3,CN1C2CC3CC1C(O3)C2O,60,58.8,True
SPE00310300,SPECMTS3,C/C=C(/C)C(=O)OC1CCC2(C)C3CCC4C5(O)CC(O)C6(O)C(CN7CC(C)CCC7C6(C)O)C5(O)CC42OC13O.O=S(=O)(O)O,61,59.8,True
SPE00330004,SPECMTS3,CCCCCCCCCCCCCC(=O)OC1C(C)C2(O)C(C=C(CO)CC3(O)C(=O)C(C)=CC32)C2C(C)(C)C12OC(C)=O,59,57.8,True
SPE00330006,SPECMTS3,CC(=O)[O][Cd][O]C(C)=O,60,58.8,True
SPE00330009,SPECMTS3,O=C([O-])CF.[Na+],59,57.8,True
SPE00330022,SPECMTS3,CCOP(=S)(OCC)SCn1c(=O)oc2cc(Cl)ccc21,58,56.9,True
SPE00330027,SPECMTS3,CCC(=O)Nc1ccc(Cl)c(Cl)c1,60,58.8,True
SPE00330028,SPECMTS3,CCNc1nc(Cl)nc(NCC)n1,58,56.9,True
SPE00330031,SPECMTS3,CNC(=O)N(C)c1nnc(C(C)(C)C)s1,60,58.8,True
SPE00330032,SPECMTS3,COc1c(Cl)ccc(Cl)c1C(=O)O,61,59.8,True
SPE00330040,SPECMTS3,O=C(O)COc1ccc(Cl)cc1Cl,60,58.8,True
SPE00330045,SPECMTS3,COC(=O)CCCOc1ccc(Cl)cc1Cl,60,58.8,True
SPE00330052,SPECMTS3,CC(C)N(C(=O)CCl)c1ccccc1,60,58.8,True
SPE00330058,SPECMTS3,CCOP(=S)(OCC)Oc1nc(Cl)c(Cl)cc1Cl,60,58.8,True
SPE00330061,SPECMTS3,CNC(=O)O/N=C/C(C)(C)SC,60,58.8,True
SPE00330063,SPECMTS3,CNC(=O)Oc1cccc2c1OC(C)(C)O2,60,58.8,True
SPE00330064,SPECMTS3,COP(=S)(OC)Oc1ccc(SC)c(C)c1,59,57.8,True
SPE00330066,SPECMTS3,CNC(=O)Oc1ccccc1OC(C)C,60,58.8,True
SPE00330070,SPECMTS3,Clc1ccc(C(c2ccc(Cl)cc2)C(Cl)(Cl)Cl)cc1,59,57.8,True
SPE00330075,SPECMTS3,CC1(C)C(C(Cl)Cl)C2(Cl)C(Cl)C(Cl)C1(Cl)C2(Cl)Cl,59,57.8,True
SPE00330077,SPECMTS3,COc1ccc(C(c2ccc(OC)cc2)C(Cl)(Cl)Cl)cc1,59,57.8,True
SPE00330083,SPECMTS3,O=S1OCC2C(CO1)C1(Cl)C(Cl)=C(Cl)C2(Cl)C1(Cl)Cl,60,58.8,True
SPE00330089,SPECMTS3,CCOCN(C(=O)CCl)c1c(C)cccc1CC,59,57.8,True
SPE00500071,SPECMTS3,CC1CC2CC(=O)C3CCCN4CCCC2C34C1.[O-][Cl+3]([O-])([O-])O,60,58.8,True
SPE01400010,SPECMTS3,CC(C)Oc1ccc2c(=O)cc(-c3ccccc3)oc2c1,60,58.8,True
SPE01401414,SPECMTS3,CC(=O)Oc1c(C)cccc1C(=O)O,59,57.8,True
SPE01500105,SPECMTS3,CC(=O)NC(CS)C(=O)O,60,58.8,True
SPE01500142,SPECMTS3,CN1C2CCC1CC(OC(c1ccccc1)c1ccccc1)C2.O=S(=O)(O)O,59,57.8,True
SPE01500144,SPECMTS3,CC1CC2C3CCC4=CC(=O)C=CC4(C)C3(F)C(O)CC2(C)C1(O)C(=O)CO,60,58.8,True
SPE01500195,SPECMTS3,CC(C)(Oc1ccc(Cl)cc1)C(=O)O,60,58.8,True
SPE01500632,SPECMTS3,CCC(c1ccc(O)cc1)C(CC)c1ccc(O)cc1,58,56.9,True
SPE01500633,SPECMTS3,CCCCC(CC)CN1CN(CC(CC)CCCC)CC(C)(N)C1,58,56.9,True
SPE01500634,SPECMTS3,CC(C)NNC(=O)c1ccncc1.O=S(=O)(O)O,60,58.8,True
SPE01500641,SPECMTS3,N=C(N)c1ccc(OCCCCCOc2ccc(C(=N)N)cc2)cc1.O=S(=O)(O)CCO.O=S(=O)(O)CCO,59,57.8,True
SPE01500679,SPECMTS3,Nc1nc(N)c2nc(CNc3ccc(C(=O)NC(CCC(=O)O)C(=O)O)cc3)cnc2n1,59,57.8,True
SPE01500735,SPECMTS3,COc1ccc(-c2cc(=O)c3ccccc3o2)cc1OC,59,57.8,True
SPE01500759,SPECMTS3,O=C1c2ccc(O)c(O)c2C(=O)c2c(O)ccc(O)c21,60,58.8,True
SPE01500763,SPECMTS3,O=C(O)CN(CC(=O)O)Cc1cc2c(-c3ccccc3C(=O)O)c3cc(CN(CC(=O)O)CC(=O)O)c(=O)cc-3oc2cc1O,58,56.9,True
SPE01500833,SPECMTS3,N=C(N)NOCCC(N)C(=O)O,57,55.9,True
SPE01500994,SPECMTS3,Cl.Cl.OCCN1CCN(CCCN2c3ccccc3Sc3ccc(C(F)(F)F)cc32)CC1,60,58.8,True
SPE01500998,SPECMTS3,CCOc1ccc2c(c1)C(C)=CC(C)(C)N2,61,59.8,True
SPE01501018,SPECMTS3,C[N+]1(C)CC(O)C(C(=O)[O-])C1,60,58.8,True
SPE01501136,SPECMTS3,COC1C(O)C(C)OC(OC2CCC3(C)C(CCC4C3CCC3(C)C(C5=CC(=O)OC5)CCC43O)C2)C1O,59,57.8,True
SPE01501159,SPECMTS3,COc1cc(S(C)=O)ccc1-c1nc2cccnc2[nH]1,61,59.8,True
SPE01501178,SPECMTS3,COc1ccc2c(c1)CCC1C2CCC2(C)C(O)C(O)CC12,61,59.8,True
SPE01501196,SPECMTS3,CC1CC2C3CC(F)C4=CC(=O)C=CC4(C)C3(F)C(O)CC2(C)C1(O)C(=O)CO,58,56.9,True
SPE01501199,SPECMTS3,CCCOc1ccccc1-c1nc2[nH]nnc2c(=O)[nH]1,60,58.8,True
SPE01502023,SPECMTS3,COC(=O)C1(C)CCCC2(C)c3ccc(C(C)C)cc3C(=O)CC12,61,59.8,True
SPE01502039,SPECMTS3,CC1OC1P(=O)([O-])[O-].[Ca+2],59,57.8,True
SPE01502050,SPECMTS3,O=C(Cc1cccs1)NC1C(=O)N2C(C(=O)[O-])=C(C[n+]3ccccc3)CSC12,60,58.8,True
SPE01502059,SPECMTS3,O=C(O)c1cc(O)c2ccc(Cl)cc2n1,60,58.8,True
SPE01502060,SPECMTS3,CC(=O)NC(C(=O)O)C(C)(C)SN=O,59,57.8,True
SPE01502062,SPECMTS3,O=C(O)c1cc(O)c2c(Cl)cc(Cl)cc2n1,59,57.8,True
SPE01502068,SPECMTS3,O=C(O)c1c2ccccc2cc2ccccc12,60,58.8,True
SPE01502089,SPECMTS3,CC(=O)OC(CC(=O)O)[N+](C)(C)C.[Cl-],59,57.8,True
SPE01502099,SPECMTS3,CC(=O)O.Cc1cc2c(C(C)C)c(O)c(O)c(C=O)c2c(O)c1-c1c(C)cc2c(C(C)C)c(O)c(O)c(C=O)c2c1O,60,58.8,True
SPE01502116,SPECMTS3,CNNC.Cl,59,57.8,True
SPE01502117,SPECMTS3,C=C1C2CCC3C4(C)CC(OC5OC(CO)C(OS(=O)(=O)[O-])C(OS(=O)(=O)[O-])C5OC(=O)CC(C)C)CC(C(=O)O)C4CCC3(C2)C1O.[K+].[K+],59,57.8,True
SPE01502123,SPECMTS3,NC/C=C/C(=O)O,60,58.8,True
SPE01502155,SPECMTS3,N=C(NCCCC(N)C(=O)O)N[N+](=O)[O-],59,57.8,True
SPE01502173,SPECMTS3,CSCCC(NC=O)C(=O)NC(CC(C)C)C(=O)NC(Cc1ccccc1)C(=O)O,60,58.8,True
SPE01502235,SPECMTS3,CC1=C(/C=C/C(C)=C/C=C/C(C)=C/C=C/C=C(C)/C=C/C=C(C)/C=C/C2=C(C)C(=O)C(O)CC2(C)C)C(C)(C)CC(O)C1=O,59,57.8,True
SPE01502239,SPECMTS3,CCC12CCCN3CCc4c(n(c5ccccc45)C(=O)C1)C32,60,58.8,True
SPE01502262,SPECMTS3,N=C(NCCCC(N)C(=O)O)NC(CCC(=O)O)C(=O)O,60,58.8,True
SPE01503017,SPECMTS3,Nc1nccs1,59,57.8,True
SPE01503045,SPECMTS3,CC(=O)NCCCCCC(=O)O,61,59.8,True
SPE01503078,SPECMTS3,COc1ccc(C(=O)N2CCCC2=O)cc1,60,58.8,True
SPE01503081,SPECMTS3,NCCCNCCSP(=O)(O)O,58,56.9,True
SPE01503094,SPECMTS3,O=c1oc2cc(O)ccc2s1,60,58.8,True
SPE01503100,SPECMTS3,COc1ccccc1N1CCN(CCCNc2cc(=O)n(C)c(=O)n2C)CC1,61,59.8,True
SPE01503127,SPECMTS3,Cc1cc(N)c2ccccc2[n+]1CCCCCCCCCC[n+]1c(C)cc(N)c2ccccc21.[Cl-].[Cl-],59,57.8,True
SPE01503205,SPECMTS3,CC(=O)NC1SCCC1=O,59,57.8,True
SPE01503341,SPECMTS3,CC(=O)Oc1ccc(Cl)c2cccnc12,60,58.8,True
SPE01503603,SPECMTS3,Nc1nc2c(ncn2COCCO)c(=O)[nH]1,60,58.8,True
SPE01503609,SPECMTS3,CCOC(=O)C1=C(C)NC(C)=C(C(=O)OC)C1c1cccc([N+](=O)[O-])c1,61,59.8,True
SPE01503631,SPECMTS3,O=[N+]([O-])c1cc(O)c(O)c([N+](=O)[O-])c1,60,58.8,True
SPE01503633,SPECMTS3,Cl.FC(F)(F)c1cccc(N2CCNCC2)c1,60,58.8,True
SPE01503635,SPECMTS3,CC1=NN(c2ccccc2)C(=O)C1,60,58.8,True
SPE01503662,SPECMTS3,COc1cc(C(=O)OC2CCC3(C)C4CCC5C6(O)CC(O)C7(O)C(CN8CC(C)CCC8C7(C)O)C6(O)CC53OC24O)cc(OC)c1OC,59,57.8,True
SPE01503694,SPECMTS3,NC(=O)c1cccc(N)c1,59,57.8,True
SPE01503917,SPECMTS3,CC(C)(C)NCC(O)c1cc(Cl)c(N)c(Cl)c1.Cl,60,58.8,True
SPE01503920,SPECMTS3,Cl.Clc1ccc(C(OCCN2CCCCC2)c2ccccc2)cc1,59,57.8,True
SPE01503927,SPECMTS3,Cc1oncc1C(=O)Nc1ccc(C(F)(F)F)cc1,60,58.8,True
SPE01503933,SPECMTS3,C[N+]1(CCCCC[N+]2(C)CCCC2)CCCC1.O=C([O-])C(O)C(O)C(=O)O.O=C([O-])C(O)C(O)C(=O)O,60,58.8,True
SPE01503975,SPECMTS3,OC(Cn1cncn1)(Cn1cncn1)c1ccc(F)cc1F,58,56.9,True
SPE01503991,SPECMTS3,COc1cc(N)c(Cl)cc1C(=O)NC1CCN(Cc2ccccc2)CC1.O=C(O)/C=C\C(=O)O,60,58.8,True
SPE01504003,SPECMTS3,COc1ccc(-c2oc3cc(OC4OC(CO)C(O)C(O)C4O)c(OC)c(O)c3c(=O)c2OC)cc1O,58,56.9,True
SPE01504017,SPECMTS3,CC1OC(OC2C(OC3CCC4(C)C(CCC5(C)C4CC=C4C6CC(C)(C)CCC6(C(=O)O)CCC45C)C3(C)CO)OCC(O)C2O)C(O)C(O)C1O,59,57.8,True
SPE01504074,SPECMTS3,CCCCCCCCCCCC1=C(O)C(=O)C=C(O)C1=O,59,57.8,True
SPE01504119,SPECMTS3,CCC(C)C(=O)c1c(O)c(C)c2oc3c(C)c(O)c(C(=O)C(C)CC)c(O)c3c2c1O,60,58.8,True
SPE01504138,SPECMTS3,CCCCC/C=C\C/C=C\C/C=C\C/C=C\CCCC(=O)O,60,58.8,True
SPE01504150,SPECMTS3,Cc1cnc(NC(=O)C2=C(O)c3ccccc3S(=O)(=O)N2C)s1,60,58.8,True
SPE01504158,SPECMTS3,CC1(C)Oc2ccc3ccc(=O)oc3c2CC1O,60,58.8,True
SPE01504161,SPECMTS3,CC(=O)OC1c2c(ccc3ccc(=O)oc23)OC(C)(C)C1OC(=O)CC(C)C,59,57.8,True
SPE01504165,SPECMTS3,COc1ccc2ccc(=O)oc2c1CC=C(C)C,60,58.8,True
SPE01504181,SPECMTS3,COC(=O)C1(C)CCC2(C)CCC3(C)C4=CC=C5C(=CC(=O)C(O)=C5C)C4(C)CCC3(C)C2C1,61,59.8,True
SPE01504213,SPECMTS3,CC(=O)NC(CC(=O)O)C(=O)O,60,58.8,True
SPE01504232,SPECMTS3,Oc1nc2cc(Cl)c(Cl)cc2nc1O,60,58.8,True
SPE01504241,SPECMTS3,CC(=O)Oc1cc2c(c(C)c1OC(C)=O)CC1OC13C2(C)CCC1(C)C2CC(C)(C(=O)O)CCC2(C)CCC13C,60,58.8,True
SPE01504300,SPECMTS3,CCCCCCCCCCCC(CC1OC(=O)C1CCCCCC)OC(=O)C(CC(C)C)NC=O,59,57.8,True
SPE01504302,SPECMTS3,Cc1onc(-c2ccccc2)c1-c1ccc(S(N)(=O)=O)cc1,60,58.8,True
SPE01504739,SPECMTS3,COc1cc(C2c3cc4c(c(O)c3CC3COC(=O)C32)OCO4)cc(OC)c1OC,60,58.8,True
SPE01505215,SPECMTS3,CCCCCNC(=N)N/N=C/c1c[nH]c2ccc(OC)cc12.O=C(O)/C=C\C(=O)O,58,56.9,True
SPE01505235,SPECMTS3,C#CCCCCCCCCCCCC(=O)CC(O)COC(C)=O,60,58.8,True
SPE01505241,SPECMTS3,C1CCN2CC3CC(CN4CCCCC34)C2C1.I,59,57.8,True
SPE01505263,SPECMTS3,COc1cc2nc(N(C)CCCNC(=O)C3CCCO3)nc(N)c2cc1OC,61,59.8,True
SPE01505264,SPECMTS3,CCOC(=O)C(CCc1ccccc1)NC(C)C(=O)N1C(C(=O)O)CC2CCCCC21,59,57.8,True
SPE01505265,SPECMTS3,CCC1OC(=O)C(C)C(=O)C(C)C(OC2OC(C)CC(N(C)C)C2O)C(C)(OC)C2(CCCn3cnc(-c4cccnc4)c3)CC(C)C(=O)C(C)C3N(C2)C(=O)OC13C,59,57.8,True
SPE01600568,SPECMTS3,O=c1c(-c2ccc3c(c2)OCO3)coc2cc(O)ccc12,58,56.9,True
SPE01600652,SPECMTS3,COc1cccc(-c2cc(=O)c3ccc(OC)cc3o2)c1,60,58.8,True
SPE01601000,SPECMTS3,CCC(C)C(=O)OC1CCC=C2C=CC(C)C(CCC3CC(O)CC(=O)O3)C21,58,56.9,True
SPE01800109,SPECMTS3,CC(C)C(C)/C=C/C(C)C1CCC2C3=CCC4CC(=O)CCC4(C)C3CCC21C,61,59.8,True
SPE01800123,SPECMTS3,CC1(C)CCC2(C(=O)O)C(O)CC3(C)C(=CCC4C5(C)CCC(O)C(C)(C)C5CCC43C)C2C1,60,58.8,True
SPE02300063,SPECMTS3,CCCn1c(=O)c2nc(C3CCCC3)[nH]c2n(CCC)c1=O,58,56.9,True
SPE02300170,SPECMTS3,Cn1c(=O)[nH]c2ncn(C)c2c1=O,61,59.8,True
SPE02300220,SPECMTS3,CC(C(O)c1ccccc1)N(C)C,60,58.8,True
SPE02300270,SPECMTS3,CC(N/C(=N/C#N)Nc1ccncc1)C(C)(C)C,60,58.8,True
SPE02300296,SPECMTS3,COc1ccc2[nH]cc(CCN)c2c1.Cl,53,52.0,True
SPE02300329,SPECMTS3,Cn1c(=O)[nH]c2nc[nH]c2c1=O,54,52.9,True
SPE10100009,SPECMTS3,COC(=O)/C(C)=C\CC12OC(C)(C)C3CC(C=C4C(=O)c5c(OC)c6c(c(CC=C(C)C)c5OC431)OC(C)(CCC=C(C)C)C=C6)C2=O,50,49.0,True
MAY00000215,Maybridge1000,CCOC(=O)c1c(-c2ccc(F)cc2)csc1N,54,52.9,True
MAY00000436,Maybridge1000,c1ccc(-c2nc(-c3cccs3)cs2)cc1,54,52.9,True
MAY00000625,Maybridge1000,OC(CN1CCN(c2nc3ccc(Cl)cc3s2)CC1)CN1CCCN(c2ncc(C(F)(F)F)cc2Cl)CC1,52,51.0,True
MAY00000698,Maybridge1000,CC(=O)Nc1cc([N+](=O)[O-])ccc1-n1cc(C)c(C(F)(F)F)n1,55,53.9,True
MAY00000801,Maybridge1000,O=[N+]([O-])c1ccc(N2CCCN(C(=S)Nc3ccc(Cl)cc3Cl)CC2)nc1,56,54.9,True
MAY00000819,Maybridge1000,Cc1cc(S(=O)(=O)NCCNc2nccc(C(F)(F)F)n2)c(C)cc1Cl,53,52.0,True
MAY00000844,Maybridge1000,FC(F)(F)c1ccnc(-n2ccc(-c3cccs3)n2)n1,54,52.9,True
MAY00000891,Maybridge1000,O=C1CC2(CCCC2)C(=O)N1CCNc1nccc(C(F)(F)F)n1,54,52.9,True
MAY00000925,Maybridge1000,CCCc1cnc(N2CCCN(C(=S)Nc3cccnc3)CC2)nc1,54,52.9,True
MAY00000962,Maybridge1000,COc1ccccc1C1CCN(c2ncnc3scc(-c4ccccc4)c23)CC1,53,52.0,True
MAY00001018,Maybridge1000,COc1ccccc1NC(=O)N1CCCN(C(=O)c2cccs2)CC1,54,52.9,True
MAY00001055,Maybridge1000,CCc1cccc(C)c1NC(=O)N1CCN(C(=O)OC(C)(C)C)CC1,54,52.9,True
MAY00001109,Maybridge1000,Cc1nc(-c2ccc(S(=O)(=O)N3CCN(c4ncnc5scc(-c6ccccc6)c45)CC3)s2)cs1,53,52.0,True
MAY00001159,Maybridge1000,Cc1onc(-c2c(Cl)cccc2Cl)c1C(=O)N1CCN(c2ncnc3scc(-c4ccccc4)c23)CC1,53,52.0,True
MAY00001219,Maybridge1000,CC(=O)Nc1ccc(S(=O)(=O)NCCCN2CCN(Cc3ccccc3)CC2)cc1Cl,51,50.0,True
MAY00001274,Maybridge1000,O=[N+]([O-])c1cc(C(F)(F)F)ccc1N1CCN(CCO)CC1,54,52.9,True
MAY00000009,Maybridge1000,CCCCCc1ccc(C(=O)O/N=C/c2c(Cl)cccc2Cl)cc1,53,52.0,True
MAY00000027,Maybridge1000,COc1cccc(NC(=S)NCc2ccco2)c1,55,53.9,True
MAY00000084,Maybridge1000,CCc1cc2c(cc1C(=O)CC1(O)C(=O)Nc3ccc(Br)cc31)C(C)(C)CCC2(C)C,55,53.9,True
MAY00000241,Maybridge1000,COc1ccc(/N=C/c2ccccc2O)cc1,54,52.9,True
MAY00000333,Maybridge1000,O=C(NNC(=S)Nc1cccc(Cl)c1)c1cccnc1,54,52.9,True
MAY00000374,Maybridge1000,O=C(N/N=C/c1ccccc1Cl)c1cccnc1,54,52.9,True
MAY00000441,Maybridge1000,Cc1cc2c(cc1C)CSC(C)(c1ccc(F)cc1)SC2,54,52.9,True
MAY00000496,Maybridge1000,S=c1nc2[nH]c3ccccc3c2n[nH]1,55,53.9,True
MAY00000554,Maybridge1000,COc1cc(C2Nc3cccc4cccc(c34)N2)cc(OC)c1OC,54,52.9,True
MAY00000596,Maybridge1000,COc1cccc(Nc2nc3ccccc3s2)c1,54,52.9,True
MAY00000667,Maybridge1000,CC1CC(=O)Nc2ccccc2N1C(=O)c1ccc([N+](=O)[O-])cc1,52,51.0,True
MAY00000694,Maybridge1000,Brc1cccc(/C=N/Cc2ccccc2)c1,55,53.9,True
MAY00000730,Maybridge1000,COc1cc(/N=C/c2ccc3c(c2)OCO3)c(OC)cc1Cl,53,52.0,True
MAY00000778,Maybridge1000,COc1ccc(/N=C/c2ccccc2)cc1,55,53.9,True
MAY00000828,Maybridge1000,O=C1CSC(c2ccc(Cl)c(Cl)c2)N1c1ccc(F)cc1,56,54.9,True
MAY00000881,Maybridge1000,COc1ccc(-c2nnc(S)n2-c2cccc(OC)c2)cc1,54,52.9,True
MAY00000992,Maybridge1000,CCCC(C)(SCC(=O)O)SCC(=O)O,54,52.9,True
MAY00001022,Maybridge1000,Cc1cccc2c1N(C(=S)Nc1ccccc1Cl)CCC2,55,53.9,True
MAY00001036,Maybridge1000,CN(C)c1ccc(/C=N/NC(=O)CCc2ccc(O)cc2)c(Cl)c1,54,52.9,True
MAY00001061,Maybridge1000,CC(=O)c1cc2cc(Br)ccc2oc1=O,54,52.9,True
MAY00001088,Maybridge1000,CC(=O)Nc1cc2ccccc2oc1=O,54,52.9,True
MAY00001148,Maybridge1000,Cc1cc(O)c2cc(F)ccc2n1,54,52.9,True
MAY00001177,Maybridge1000,Cc1ccc(NS(C)(=O)=O)cc1/N=C/c1ccc(Cl)c(Cl)c1,54,52.9,True
MAY00001196,Maybridge1000,COCCCNC(=S)Nc1ccc(C)cc1C,52,51.0,True
MAY00001235,Maybridge1000,O=C(NNC(=S)Nc1ccc(F)cc1)c1ccccc1Cl,53,52.0,True
MAY00001260,Maybridge1000,CCOC(=O)CCc1cc(/N=C/c2cc(Cl)cc(Cl)c2O)c(O)c(/N=C/c2cc(Cl)cc(Cl)c2O)c1,53,52.0,True
MAY00001296,Maybridge1000,CC(C)N(Cc1ccc(N(C)C)cc1)S(=O)(=O)c1cc(Cl)c(Cl)cc1Cl,55,53.9,True
MAY00001349,Maybridge1000,CCOC(=O)c1ccc(N2CC3CCCCN3C2c2ccc(Cl)c(Cl)c2)cc1,55,53.9,True
MAY00001396,Maybridge1000,Cc1c(Cl)cccc1NC(=S)Nc1ccc(Cl)cc1C(=O)c1ccccc1,52,51.0,True
MAY00001410,Maybridge1000,COc1cccc(C2SCc3cc(C)c(C)cc3CS2)c1O,55,53.9,True
MAY00001444,Maybridge1000,Cc1ccc(S(=O)(=O)Nc2ccc(C)c([N+](=O)[O-])c2)cc1,56,54.9,True
MAY00001514,Maybridge1000,COc1cc(/C=C2/SC(=S)NC2=O)cc(OC)c1OC,54,52.9,True
MAY00001585,Maybridge1000,C=C1S/C(=N\c2cccc(OC)c2)N(C(=O)C(c2ccccc2)C2CCCC2)C1(C)C,54,52.9,True
MAY00001616,Maybridge1000,C1CCN(CCC2CCCCN2)CC1.Cl.Cl,54,52.9,True
MAY00001706,Maybridge1000,COc1cc(C2OC(c3cc(C)ccc3[N+](=O)[O-])=NN2C(C)=O)cc(OC)c1OC,54,52.9,True
MAY00001787,Maybridge1000,O=C(Nc1cc(C(F)(F)F)cc(C(F)(F)F)c1)C(c1ccccc1)C1CCCC1,55,53.9,True
MAY00001869,Maybridge1000,COc1ccc(CCNC(=O)c2ccccc2Cl)cc1OC,54,52.9,True
MAY00001909,Maybridge1000,N#CC(C#N)=CNc1cc(C(F)(F)F)ccc1N1CCCCC1,55,53.9,True
MAY00001965,Maybridge1000,COc1ccc(CCNc2ccc(C(F)(F)F)cc2N)cc1OC,51,50.0,True
MAY00002003,Maybridge1000,CCOC(=O)c1c[nH]c2c(F)cccc2c1=O,52,51.0,True
MAY00002050,Maybridge1000,CCC(C(=O)Nc1ccc(C(F)(F)F)cc1)c1ccccc1,55,53.9,True
MAY00002082,Maybridge1000,Cc1ccc(C)c(NC(=S)N(CCc2ccccc2)CCc2ccccn2)c1.Cl,54,52.9,True
MAY00002134,Maybridge1000,CN1c2ccccc2C(=O)NC1c1ccc([N+](=O)[O-])s1,54,52.9,True
MAY00002164,Maybridge1000,O=[N+]([O-])c1ccc2c(c1)NC(c1ccc([N+](=O)[O-])s1)O2,54,52.9,True
MAY00002191,Maybridge1000,O=[N+]([O-])c1ccc(C2N(Cc3ccccc3)CCC3CCCCN32)cc1,54,52.9,True
MAY00002242,Maybridge1000,CCOC(=O)C(=CNNS(=O)(=O)c1cc(C(F)(F)F)cc(C(F)(F)F)c1)C(=O)OCC,53,52.0,True
MAY00002289,Maybridge1000,N#Cc1cnn(-c2ccccc2)c1-n1cccc1,55,53.9,True
MAY00002335,Maybridge1000,FC(F)(F)c1cc(-n2c(S)nnc2CCc2nc(-c3ccc(Cl)cc3)no2)cc(C(F)(F)F)c1,54,52.9,True
MAY00002361,Maybridge1000,COc1cc([N+](=O)[O-])c(OC)cc1SCC(=O)NNC(=O)c1cc(OC)c(OC)c(OC)c1,55,53.9,True
MAY00002389,Maybridge1000,CCOC(=O)C(=CNNC(=O)c1ccccc1-n1cccc1)C(=O)OCC,55,53.9,True
MAY00002411,Maybridge1000,O=[N+]([O-])c1cc(C(F)(F)F)c(N2CCCCC2)cc1N1CCCCC1,55,53.9,True
MAY00002461,Maybridge1000,O=C(CCc1nc(-c2ccc(Cl)cc2)no1)NNS(=O)(=O)c1cc(Cl)c(Cl)cc1Cl,55,53.9,True
MAY00002498,Maybridge1000,Cc1cccc(N2C(=O)C3C4C=CC(C4)C3C2=O)n1,55,53.9,True
MAY00002544,Maybridge1000,C/C(=N\N=C1NCCN1)c1ccc(F)cc1,53,52.0,True
MAY00002581,Maybridge1000,CCCN(CCC)S(=O)(=O)c1ccc(C(=O)NCC(=O)O)cc1,55,53.9,True
MAY00002635,Maybridge1000,S=C1NCN(CCN2CCCC2)CN1,53,52.0,True
MAY00002660,Maybridge1000,CCOC(=O)C(=CNc1ccccc1N1CCOCC1)C(=O)OCC,54,52.9,True
MAY00002678,Maybridge1000,O=S(=O)(Nc1cccc2cccnc12)c1cc(Cl)c(Cl)cc1Cl,55,53.9,True
MAY00002719,Maybridge1000,Cc1ccc(NC(=O)c2c(F)cccc2Cl)c(C(=O)Nc2ccc(F)cc2)c1,54,52.9,True
MAY00002761,Maybridge1000,CCOC(=O)C(=CNc1cccc(C#N)c1)C(=O)OCC,54,52.9,True
MAY00002768,Maybridge1000,CN(C)c1ccc(-c2n[nH]c(=O)c3ccccc23)cc1[N+](=O)[O-],53,52.0,True
MAY00002848,Maybridge1000,CC(=O)NN(C)c1ccc(C(F)(F)F)cc1[N+](=O)[O-],55,53.9,True
MAY00002874,Maybridge1000,O=[N+]([O-])c1cc(Cl)ccc1S(=O)(=O)c1ccccc1,56,54.9,True
MAY00002933,Maybridge1000,CCOC(=O)C1=C(N)Oc2ccc(Br)cc2C1C(C#N)C(=O)OCC,54,52.9,True
MAY00003010,Maybridge1000,Br.Cc1cc(C2=CSC3=NCCN23)ccc1Cl,54,52.9,True
MAY00003055,Maybridge1000,Cc1ccc(SC(=O)c2cccnc2Oc2ccccc2)cc1,55,53.9,True
MAY00003059,Maybridge1000,NNC(=O)c1cccnc1Oc1ccccc1,55,53.9,True
MAY00003107,Maybridge1000,Clc1cc(Cl)cc(Br)c1,55,53.9,True
MAY00003148,Maybridge1000,O=C(CNc1cccc(Cl)c1)c1ccc(Cl)cc1,55,53.9,True
MAY00003234,Maybridge1000,CC(=O)c1cc2ccccc2oc1=O,54,52.9,True
MAY00003320,Maybridge1000,CCC(=O)c1ccc(-c2ccccc2)cc1,55,53.9,True
MAY00003415,Maybridge1000,O=C(Nc1cc2cc([N+](=O)[O-])ccc2oc1=O)c1c(F)cccc1F,56,54.9,True
MAY00003438,Maybridge1000,O=S(=O)(NCCc1ccncc1)c1cc(C(F)(F)F)cc(C(F)(F)F)c1,54,52.9,True
MAY00003489,Maybridge1000,CCOC(=O)CCC(C#N)(c1ccc(Cl)cc1)N1CCOCC1,56,54.9,True
MAY00003563,Maybridge1000,Nc1c(Cl)cc(C(=O)Nc2cc(Cl)cc(Cl)c2)cc1Cl,55,53.9,True
MAY00003586,Maybridge1000,Cc1nn(-c2ccccc2)nc1C(=O)NNC(=S)Nc1ccc(Cl)cc1,54,52.9,True
MAY00003653,Maybridge1000,O=C(Nc1nncs1)c1ccncc1,55,53.9,True
MAY00003699,Maybridge1000,Fc1cc2nn[nH]c2cc1Cl,54,52.9,True
MAY00003791,Maybridge1000,CC(C)(C)c1ccc(C(=O)N/N=C/c2cc(Cl)cc(Cl)c2O)cc1,54,52.9,True
MAY00003853,Maybridge1000,NC(=O)c1ccccc1N1CCCCC1,54,52.9,True
MAY00003920,Maybridge1000,O=[N+]([O-])c1ccc(Oc2c(Cl)cccc2Cl)c(Cl)c1Oc1c(Cl)cccc1Cl,55,53.9,True
MAY00004022,Maybridge1000,Cc1cc(CN2CC(C)OC(C)C2)cc(C)c1O.Cl,55,53.9,True
MAY00004071,Maybridge1000,N#CC(C#N)=CNc1cccc(N)n1,55,53.9,True
MAY00004115,Maybridge1000,O=C(Oc1ccc(F)cc1)c1cccs1,54,52.9,True
MAY00004181,Maybridge1000,O=C(CSCc1c(F)cccc1Cl)Nc1ccc(F)c(Cl)c1,53,52.0,True
MAY00004212,Maybridge1000,CC(C)(C)C(=O)Nc1ccc(F)cc1,55,53.9,True
MAY00004281,Maybridge1000,Br.N#Cc1cccc(CSC2=NCN(C3CC3)CN2)c1,54,52.9,True
MAY00004346,Maybridge1000,COc1ccc(OC)c(S(=O)(=O)N2CCc3cc(OC)c(OC)cc3C2C)c1,54,52.9,True
MAY00004417,Maybridge1000,COc1ccccc1Oc1ccc(C(F)(F)F)cc1NC(=O)NC(=O)c1ccccc1F,53,52.0,True
MAY00004487,Maybridge1000,Cc1cc(Oc2c([N+](=O)[O-])cc(C(F)(F)F)cc2[N+](=O)[O-])c2c(Cl)ccc(C)c2n1,53,52.0,True
MAY00004536,Maybridge1000,COc1ccc2c(c1)CCCN2C(=O)NC(=O)c1c(F)cccc1Cl,55,53.9,True
MAY00004603,Maybridge1000,CC(/C=N/O)=N\Nc1ccccc1,53,52.0,True
MAY00004647,Maybridge1000,CCCc1cc(Br)c(-n2cccc2)c(Br)c1,55,53.9,True
MAY00004665,Maybridge1000,N=C(NS(=O)(=O)c1cc(Cl)c(Oc2ccc([N+](=O)[O-])cc2Cl)c(Cl)c1)c1cccnc1,53,52.0,True
MAY00004688,Maybridge1000,O=C(NNc1c(Cl)cc(Cl)cc1Cl)NC(=O)c1ccccc1F,54,52.9,True
MAY00004722,Maybridge1000,S=C(NCCCn1ccnc1)Nc1cc(Cl)ccc1Cl,54,52.9,True
MAY00004785,Maybridge1000,CSc1cccc(NC(=S)/N=C/N(C)C)c1,56,54.9,True
MAY00004832,Maybridge1000,Cc1cc(NC(=O)c2c(-c3c(Cl)cccc3Cl)noc2C)c([N+](=O)[O-])cc1C,56,54.9,True
MAY00004862,Maybridge1000,COc1ccc(S(=O)(=O)Nc2ccccc2Oc2ccc(Cl)cc2Cl)cc1OC,54,52.9,True
MAY00004891,Maybridge1000,Nc1ccccc1C(=O)NCCc1ccc(Cl)cc1,53,52.0,True
MAY00004938,Maybridge1000,C/C(=N\Nc1c(Cl)cc(Cl)cc1Cl)c1cc(F)ccc1OC(=O)c1ccccc1F,52,51.0,True
MAY00004978,Maybridge1000,Br.OC1(c2ccc(Cl)cc2)CSc2nc3cc(C(F)(F)F)ccc3n21,56,54.9,True
MAY00005020,Maybridge1000,Clc1ccc(Oc2ccnc3cc(Cl)ccc23)cc1,55,53.9,True
MAY00005047,Maybridge1000,Cc1onc(-c2ccccc2)c1C(=O)On1c(-c2ccccc2)nc2ccccc2c1=O,54,52.9,True
MAY00005098,Maybridge1000,NNC(=S)Nc1cc(C(F)(F)F)ccc1Cl,54,52.9,True
MAY00005123,Maybridge1000,FC(F)(F)c1ccc(Cl)c(NC(=S)NN=C2CCCCCC2)c1,54,52.9,True
MAY00005165,Maybridge1000,Cc1cc(OCOc2ccc(Cl)c(C)c2)ccc1Cl,55,53.9,True
MAY00005191,Maybridge1000,CCOC(=O)/C(C#N)=C/N/C(=N\N=C\c1c(Cl)cccc1Cl)SC,54,52.9,True
MAY00005197,Maybridge1000,CS/C(N)=N/N=C/c1c(F)cccc1Cl,54,52.9,True
MAY00005231,Maybridge1000,COc1ccc(Oc2cc(C)nc3ccccc23)cc1,55,53.9,True
MAY00005265,Maybridge1000,COc1ccc(Oc2ccc(C(F)(F)F)cc2[N+](=O)[O-])cc1,54,52.9,True
MAY00005284,Maybridge1000,CSc1ncc(C#N)c2nc(-c3ccc(N(C)C)cc3)nn12,55,53.9,True
MAY00005318,Maybridge1000,O=c1c2cc(NS(=O)(=O)c3ccc(Cl)cc3)ccc2oc2ncccc12,53,52.0,True
MAY00005356,Maybridge1000,O=C(Oc1ccc(C(F)(F)F)cc1[N+](=O)[O-])c1c(F)cccc1F,56,54.9,True
MAY00005417,Maybridge1000,O=[N+]([O-])c1cc(C(F)(F)F)cc([N+](=O)[O-])c1Oc1ccc(Cl)c(Cl)c1,56,54.9,True
MAY00005472,Maybridge1000,CC(O)CNc1ccc(C(F)(F)F)cc1[N+](=O)[O-],53,52.0,True
MAY00005499,Maybridge1000,O=C(OCCNc1ccc([N+](=O)[O-])cn1)c1ccc([N+](=O)[O-])o1,54,52.9,True
MAY00005574,Maybridge1000,CN1c2ccccc2C(=O)NC1c1cc(Br)cs1,52,51.0,True
MAY00005608,Maybridge1000,O=c1nc(-c2cc(Br)cs2)[nH]c2ccc(Cl)cc12,56,54.9,True
MAY00005674,Maybridge1000,COC(=O)c1cc(OC)c(OC)c(OC)c1NS(=O)(=O)c1cc(OC)ccc1OC,53,52.0,True
MAY00005733,Maybridge1000,O=[N+]([O-])c1ccc(NCCCCCO)nc1,54,52.9,True
MAY00005771,Maybridge1000,O=[N+]([O-])c1ccc(N2CCOCC2)cc1,55,53.9,True
MAY00005809,Maybridge1000,CCc1nnc(N/C=N/O)s1,53,52.0,True
MAY00005841,Maybridge1000,Cc1onc(NC(=O)NC(=O)c2c(F)cccc2Cl)c1Br,54,52.9,True
MAY00005846,Maybridge1000,COC(=O)/C(=C/N(C)C)Sc1cc(C)c(Cl)cc1Cl,54,52.9,True
MAY00005865,Maybridge1000,CN(C)/C=N/c1nnc(Sc2ncccc2[N+](=O)[O-])s1,55,53.9,True
MAY00005890,Maybridge1000,O=S(=O)(NCC1CC1)c1ccc(F)c(Cl)c1,54,52.9,True
MAY00005936,Maybridge1000,Cc1nn(-c2ccccc2)nc1C(=O)NC(=O)N1CCCC1,53,52.0,True
MAY00005966,Maybridge1000,COC(=O)c1sccc1OC(=O)c1c(F)cccc1F,53,52.0,True
MAY00006030,Maybridge1000,O=[N+]([O-])c1cc(C(F)(F)F)ccc1NCCCn1ccnc1,55,53.9,True
MAY00006046,Maybridge1000,C/C(=C\C(=O)Nc1ccc(F)cc1)Nc1ccc(F)cc1,54,52.9,True
MAY00006083,Maybridge1000,CN(C)/C=N/c1nnc(Sc2nc3cc(Cl)ccc3s2)s1,57,55.9,True
MAY00006131,Maybridge1000,O=S(=O)(Oc1cc(Cl)cc(Cl)c1)c1cccc(S(=O)(=O)Oc2cc(Cl)cc(Cl)c2)c1,55,53.9,True
MAY00006169,Maybridge1000,O=C1ON=C(c2ccccc2)/C1=C/c1ccc(Cl)cc1,55,53.9,True
MAY00006230,Maybridge1000,CCOC(=O)Cc1csc(N/C=N/O)n1,54,52.9,True
MAY00006262,Maybridge1000,O=S(=O)(O)c1cccc2cccc(Cl)c12,56,54.9,True
MAY00006291,Maybridge1000,N/C(=N\OS(=O)(=O)c1ccc(Cl)cc1)c1ccc(C(F)(F)F)cc1,56,54.9,True
MAY00006365,Maybridge1000,O=C1CC(CSc2ccc(Cl)cc2)=NN1,54,52.9,True
MAY00006385,Maybridge1000,CN(C)/C=C1/C(=O)NN=C1CSc1ccccn1,55,53.9,True
MAY00006409,Maybridge1000,CCCc1cc(=O)oc2c1c(C)nn2-c1ccccc1,54,52.9,True
MAY00006435,Maybridge1000,O=[N+]([O-])c1ccc(S(=O)(=O)c2ccc(Cl)cc2)cc1O,56,54.9,True
MAY00006471,Maybridge1000,O=S(=O)(Oc1ccc(OCc2ccccc2)cc1)c1cc(Cl)cc(Cl)c1,55,53.9,True
MAY00006524,Maybridge1000,O=C(Nc1ccccc1C(=O)NC1CCCCNC1=O)c1cccs1,55,53.9,True
MAY00006547,Maybridge1000,Cc1nn(-c2ccccc2)nc1-c1nnc(-c2ccc(Cl)cc2)o1,53,52.0,True
MAY00006587,Maybridge1000,O=c1oc2ccccc2cc1[N+](=O)[O-],55,53.9,True
MAY00006714,Maybridge1000,N#CCC(=O)Nc1ccccn1,54,52.9,True
MAY00006752,Maybridge1000,O=C(Nc1ccc(Cl)cc1Cl)c1cnccn1,55,53.9,True
MAY00006795,Maybridge1000,CN(C)/C=N/c1nnc(SCc2ccc(C(=O)Oc3ccc(F)cc3F)cc2)s1,54,52.9,True
MAY00006849,Maybridge1000,COC(=O)c1ccc(Cl)cc1N(Cc1ccccc1)S(C)(=O)=O,54,52.9,True
MAY00006909,Maybridge1000,O=C(NNC(=O)c1ccccc1[N+](=O)[O-])c1ccc(Cl)cc1,56,54.9,True
MAY00006939,Maybridge1000,COc1ccc(Br)c(-c2nnc(-c3ccccc3[N+](=O)[O-])o2)c1,54,52.9,True
MAY00006989,Maybridge1000,Cc1ccc(=O)n(Cc2ccc(Cl)c(Cl)c2)n1,55,53.9,True
MAY00007042,Maybridge1000,CC(C)(C)C1=NN(c2ccccc2)C(=O)C1,54,52.9,True
MAY00007096,Maybridge1000,Cc1ccc(S(=O)(=O)Oc2ccc(CC#N)cc2)cc1,55,53.9,True
MAY00007130,Maybridge1000,C/C(=N\O)c1ccn(S(=O)(=O)c2ccc(Cl)cc2)c1,53,52.0,True
MAY00007162,Maybridge1000,Nc1ccc(Sc2cc(Cl)ccc2Cl)nc1,54,52.9,True
MAY00007186,Maybridge1000,Cc1cc(Cl)ccc1Oc1ccc(N)cn1,54,52.9,True
MAY00007221,Maybridge1000,Nc1ccc(Oc2ccc(Cl)cc2C2CCCCC2)nc1,55,53.9,True
MAY00007289,Maybridge1000,Cc1ccc(COc2ccc(C)nc2[N+](=O)[O-])cc1,55,53.9,True
MAY00007318,Maybridge1000,Cc1ccc(OS(=O)(=O)c2ccc(Cl)cc2)c([N+](=O)[O-])n1,55,53.9,True
MAY00007356,Maybridge1000,CC(=O)Nc1ccc(C(F)(F)F)cc1Br,54,52.9,True
MAY00007490,Maybridge1000,COc1ccc([N+](=O)[O-])c(OC)c1C(N)=O,54,52.9,True
MAY00007522,Maybridge1000,CCOC(=O)CC(=O)CSc1nnc(N)s1,53,52.0,True
MAY00007683,Maybridge1000,COc1c(Br)cc([N+](=O)[O-])c(OC)c1C(N)=O,54,52.9,True
MAY00007819,Maybridge1000,COC(=O)c1c(OC)ccc(N/C=N/O)c1OC,53,52.0,True
MAY00007871,Maybridge1000,CCOC(CN(c1ccc(F)cc1)S(=O)(=O)c1ccc(F)cc1F)OCC,54,52.9,True
MAY00007953,Maybridge1000,O=C(O)c1nccnc1C(=O)O,55,53.9,True
MAY00008065,Maybridge1000,O=C1NC(=O)/C(=C/c2ccc(OS(=O)(=O)c3ccc(Cl)cc3)cc2)N1,55,53.9,True
MAY00008155,Maybridge1000,Cc1ccc(S(=O)(=O)N2CCC(C(c3ccccc3)c3ccccc3)CC2)cc1,55,53.9,True
MAY00008182,Maybridge1000,COc1ccc(/C=C2/C(=O)N(c3cccc(Cl)c3)N=C2C)cc1,55,53.9,True
MAY00008213,Maybridge1000,COc1ccc(-n2c(=S)[nH]c(=O)c3cccnc32)cc1,54,52.9,True
MAY00008260,Maybridge1000,COc1ccccc1N1CC(C)(C)C(=O)N(C(=O)c2c(F)cccc2Cl)C1=S,54,52.9,True
MAY00008300,Maybridge1000,Nc1cc2c(cc1Cl)C(=O)NC2=O,54,52.9,True
MAY00008391,Maybridge1000,CCOC(=O)c1cnc2nc(SC)nn2c1N,54,52.9,True
MAY00008461,Maybridge1000,COC(=O)c1ccc(Cl)cc1NS(=O)(=O)c1ccc(OC)c(OC)c1,52,51.0,True
MAY00008530,Maybridge1000,COc1cccc(C(=O)N/N=C(\C)c2ccccc2O)c1,55,53.9,True
MAY00008580,Maybridge1000,CN(C)/C=N/c1ncccc1OCc1ccc(Cl)c(Cl)c1,55,53.9,True
MAY00008631,Maybridge1000,COC(=O)C/C(N)=C(\C#N)C(=O)OC,53,52.0,True
MAY00008690,Maybridge1000,COc1ccc(OC)c(CNC(=O)Cc2cccs2)c1,53,52.0,True
MAY00008791,Maybridge1000,Cc1ccc(Sc2ncccc2C(=O)NCC(=O)O)cc1,54,52.9,True
MAY00008831,Maybridge1000,Cc1c(Cl)cccc1SCC(=O)O,54,52.9,True
MAY00008903,Maybridge1000,CC(C)(C)OC(=O)C(C)(C)S(=O)(=O)c1ccc(Cl)cc1,56,54.9,True
MAY00008940,Maybridge1000,Cc1ccc(S(=O)(=O)N2CCCCCC2)cc1,56,54.9,True
MAY00009043,Maybridge1000,Cc1onc2c(=O)n(-c3ccccc3)nc(-c3ccccc3)c12,55,53.9,True
MAY00009126,Maybridge1000,Cc1cc(N/C=N/O)c2ccccc2n1,55,53.9,True
MAY00009186,Maybridge1000,Cc1cc(O)n(-c2ccc([N+](=O)[O-])cc2)n1,55,53.9,True
MAY00009260,Maybridge1000,COc1cccc(CC(=O)NN)c1,56,54.9,True
MAY00009301,Maybridge1000,CCOC(=O)c1[nH]c(Cc2[nH]c(C(=O)OCC)c(C)c2C)c(C)c1C,56,54.9,True
MAY00009317,Maybridge1000,NC(=O)C1=C(O)C(=O)N(C2CCCCC2)C1,56,54.9,True
MAY00009341,Maybridge1000,CCN(CC)C(=O)c1[nH]c(C)c(C)c1C,55,53.9,True
MAY00009413,Maybridge1000,COc1ccccc1C1OC(=O)CC1C(=O)O,55,53.9,True
MAY00009538,Maybridge1000,O=[N+]([O-])c1cccnc1Oc1ccc(Cl)cc1,56,54.9,True
MAY00009574,Maybridge1000,COc1cc([N+](=O)[O-])ccc1N1CCCC1,55,53.9,True
MAY00009643,Maybridge1000,COc1cc(OC)nc(N)n1,55,53.9,True
MAY00009705,Maybridge1000,CCn1cc([N+](=O)[O-])nc1C,56,54.9,True
MAY00009791,Maybridge1000,CC(=O)c1ccc(-c2ccc(C(C)=O)cc2)cc1,55,53.9,True
MAY00009826,Maybridge1000,Oc1nc2cccnc2nc1O,55,53.9,True
MAY00009891,Maybridge1000,CC(C)(C)C1=CC(=O)C=C(C(C)(C)C)C1=O,55,53.9,True
MAY00009936,Maybridge1000,ON=C(c1cccs1)c1cccs1,55,53.9,True
MAY00010004,Maybridge1000,O=C(O)c1oc(C(=O)O)c(OCc2ccccc2)c1OCc1ccccc1,55,53.9,True
MAY00010040,Maybridge1000,CCCc1cc(=O)c2ccc(O)cc2o1,55,53.9,True
MAY00010067,Maybridge1000,CCCCCCc1cc2c(C)cc(=O)oc2cc1O,56,54.9,True
MAY00010106,Maybridge1000,Cc1ccc(S(=O)(=O)N2CCC(N)=N2)cc1,55,53.9,True
MAY00010145,Maybridge1000,CC(=O)C1COc2ccc(C)cc2C1=O,55,53.9,True
MAY00010185,Maybridge1000,CCOC(=O)c1ccc2oc3ccc(O)cc3c(=O)c2c1,55,53.9,True
MAY00010205,Maybridge1000,CCCc1ccc(OC)cc1NC(C)=O,54,52.9,True
MAY00010247,Maybridge1000,CCCCOc1ccc(C(=O)CCC(=O)O)cc1,56,54.9,True
MAY00010314,Maybridge1000,CCCCCCCCCCc1ccc(-c2ccccc2)cc1,56,54.9,True
MAY00010407,Maybridge1000,CN1CCN(/C=N/c2ncc(C(F)(F)F)cc2Cl)CC1,55,53.9,True
MAY00010447,Maybridge1000,Cc1cc(O)n2ncnc2n1,55,53.9,True
MAY00010542,Maybridge1000,c1ccc(/N=N/c2ccc(Nc3ccccc3)cc2)cc1,55,53.9,True
MAY00010591,Maybridge1000,COC(=O)c1cccc([N+](=O)[O-])c1-c1c(C(=O)OC)cccc1[N+](=O)[O-],56,54.9,True
MAY00010716,Maybridge1000,CN1C2CCC1CC(=NO)C2.Cl,56,54.9,True
MAY00010830,Maybridge1000,Cc1cccc(C(=O)c2ccccc2C(=O)O)c1,55,53.9,True
MAY00011052,Maybridge1000,COc1cc(CC/C(C)=N\O)ccc1OCc1ccc(Cl)cc1Cl,56,54.9,True
MAY00011188,Maybridge1000,c1cc(C2CCCCC2)ccc1C1CCCCC1,56,54.9,True
MAY00011565,Maybridge1000,Cn1c(=O)c(-c2ccccc2)c(O)c2ccccc21,55,53.9,True
MAY00011842,Maybridge1000,OCC(O)Cn1c2ccccc2c2ccccc21,56,54.9,True
MAY00012150,Maybridge1000,CC(=O)Nc1ccc(S(=O)(=O)Nc2c(C)n(C)n(-c3ccccc3)c2=O)cc1,55,53.9,True
MAY00012322,Maybridge1000,Nc1cccc2c1C(=O)c1ccccc1-2,56,54.9,True
MAY00012345,Maybridge1000,Clc1ccc(OCCOc2ccc(Cl)cc2)cc1,56,54.9,True
MAY00012461,Maybridge1000,NC1=C(c2ccccc2)C(=O)NC1=O,56,54.9,True
MAY00012648,Maybridge1000,N#CCCC1(CCC#N)c2ccccc2-c2ccccc21,56,54.9,True
MAY00012784,Maybridge1000,O=C1CCc2cccc3cccc1c23,56,54.9,True
MAY00012840,Maybridge1000,O=C(c1ccccc1)c1cc2c(cc1Br)OCCO2,55,53.9,True
MAY00012954,Maybridge1000,O=[N+]([O-])c1ccc(C(O)C(O)CO)cc1,56,54.9,True
MAY00012991,Maybridge1000,CCOC(=O)c1c(C)n(-c2ccccc2)c2ccc(O)cc12,55,53.9,True
MAY00013004,Maybridge1000,BrC12CC3CC(CC(C3)C1)C2,56,54.9,True
MAY00013014,Maybridge1000,CC1CN=C(NC2CCCCC2)S1,56,54.9,True
MAY00013026,Maybridge1000,CCOC(=O)C(O)(c1ccc(N)c(C)c1)C(F)(F)F,56,54.9,True
MAY00013411,Maybridge1000,CC(=O)CC(=O)Nc1ccccc1Cl,54,52.9,True
MAY00013464,Maybridge1000,O=C(CC(Nc1ccccc1)c1ccccc1)C1CC1,56,54.9,True
MAY00013546,Maybridge1000,CC(=O)NC(CCC(=O)O)C(=O)O,56,54.9,True
MAY00013663,Maybridge1000,Cc1cc(I)c(C)cc1I,56,54.9,True
MAY00013761,Maybridge1000,O=C(O/N=C1\CCCc2[nH]c3ccccc3c21)c1ccc(Cl)cc1Cl,54,52.9,True
MAY00013826,Maybridge1000,O=C([O-])CSC1CCS(=O)(=O)C1.[Na+],55,53.9,True
MAY00013839,Maybridge1000,Cc1ccc2c(c1)N(CCO)C(C)(C)CC2C,55,53.9,True
MAY00014474,Maybridge1000,O=C(NC(c1ccccc1)C(/N=C/c1ccccc1)c1ccccc1)c1ccccc1,55,53.9,True
MAY00014558,Maybridge1000,CC12CCC(C1)C(C)(C)C2NC(=O)c1cccs1,55,53.9,True
MAY00014582,Maybridge1000,Cc1ccc(OS(=O)(=O)c2ccc(C#N)cc2)c(Br)c1,56,54.9,True
MAY00014604,Maybridge1000,COc1ccccc1C1CCN(Cc2ccc3ccccc3c2)CC1,55,53.9,True
MAY00014792,Maybridge1000,O=C1NC2CC2N1C(=O)OCc1ccccc1,54,52.9,True
MAY00014947,Maybridge1000,O=C1NN=C2C3CC4CC12CC1(C3)C(=O)NN=C41,55,53.9,True
MAY00015113,Maybridge1000,O=C1CCCc2c1nc(-c1ccccc1)n2O,55,53.9,True
MAY00000017,Maybridge1000,CC(SCc1ccccc1)C(=O)O,54,52.9,True
MAY00000037,Maybridge1000,O=C(CCCCCCCCC(=O)c1ccccc1)c1ccccc1,56,54.9,True
MAY00000061,Maybridge1000,O/N=C(\CNC(c1ccccc1)(c1ccccc1)c1ccccc1)c1ccccc1,56,54.9,True
MAY00000114,Maybridge1000,O=C(O)C1C2CCC1C(O)C2,56,54.9,True
MAY00000035,Maybridge1000,COc1cc(/C=C2\NC(=O)NC2=O)ccc1O,55,53.9,True
MAY00000083,Maybridge1000,C=CC1CN2CCC1CC2C(OC(C)=O)c1ccnc2ccc(OC)cc12,55,53.9,True
MAY00000230,Maybridge1000,CC1CCN(C(=O)CC#N)CC1,56,54.9,True
MAY00000508,Maybridge1000,COc1ccc(C=C2C(=O)NC(=S)NC2=O)cc1Br,55,53.9,True
MAY00000622,Maybridge1000,O=C1NC(=S)NC(=O)C1=Cc1cccc2ccccc12,55,53.9,True
MAY00000738,Maybridge1000,CC(=O)CSc1nsc(SCC(C)=O)c1C#N,55,53.9,True
MAY00000977,Maybridge1000,COc1ccc(/C=N/c2ccc(O)cc2)cc1,55,53.9,True
MAY00001085,Maybridge1000,COc1ccc(CCNC(=S)Nc2cccc(C(F)(F)F)c2)cc1OC,56,54.9,True
MAY00001404,Maybridge1000,O=C(NNC(=S)NC1CC2C=CC1C2)c1cccnc1,55,53.9,True
MAY00001523,Maybridge1000,COC(=O)Cc1cc(OC)c(OC)cc1[N+](=O)[O-],56,54.9,True
MAY00001702,Maybridge1000,CCC(=O)c1c(C)c(C)c(C)c(C)c1C,56,54.9,True
MAY00001774,Maybridge1000,CN(C)c1ccc(C(=O)NN)cc1,55,53.9,True
MAY00001986,Maybridge1000,O=C(CSCc1c(Cl)cccc1Cl)NNC(=S)NC1CC2C=CC1C2,55,53.9,True
MAY00002053,Maybridge1000,COc1ccc(OC)c(C(=O)c2cc(OC)c(OC)c(OC)c2)c1,55,53.9,True
MAY00002162,Maybridge1000,C/C(=N\OC(=O)c1ccc(Cl)cc1)c1ccc(F)cc1,55,53.9,True
MAY00002345,Maybridge1000,Cc1onc(-c2ccccc2)c1NC(=O)Nc1c(Cl)cccc1Cl,55,53.9,True
MAY00002460,Maybridge1000,O=C(O)c1cccc([N+](=O)[O-])c1C(=O)Nc1ccc(F)cc1,56,54.9,True
MAY00002574,Maybridge1000,O=C(N/N=C/C=C/c1ccccc1)c1ccccc1-n1cccc1,55,53.9,True
MAY00002784,Maybridge1000,Cc1c(C)c(C)c(CO)c(C)c1C,56,54.9,True
MAY00002862,Maybridge1000,COCCCNC(=S)N/N=C/c1cccc(OC)c1O,56,54.9,True
MAY00002948,Maybridge1000,COc1cc(/C=C(\C#N)C(N)=S)cc(OC)c1OC,55,53.9,True
MAY00003004,Maybridge1000,CSC(=NS(=O)(=O)c1ccccc1)SC,55,53.9,True
MAY00003187,Maybridge1000,SC1=NC2(CCCCC2)NN1c1ccccc1,55,53.9,True
MAY00003281,Maybridge1000,Clc1cc(Cl)c(Cl)c(-n2cccc2)c1Cl,55,53.9,True
MAY00003417,Maybridge1000,COc1cccc(C2C3=C(CC(C)(C)CC3=O)OC3=C2C(=O)CC(C)(C)C3)c1O,54,52.9,True
MAY00003656,Maybridge1000,CCOC(=O)C(c1ccccc1)C(Nc1ccc(Cl)c(Cl)c1)c1ccccn1,55,53.9,True
MAY00003831,Maybridge1000,Cc1c(-n2cccc2)cc2c(c1[N+](=O)[O-])C(C)(C)CC2(C)C,56,54.9,True
MAY00004055,Maybridge1000,O=C(O)CSCc1ccccc1,55,53.9,True
MAY00004233,Maybridge1000,N#CCCNc1cc(C(F)(F)F)cc(C(F)(F)F)c1,56,54.9,True
MAY00004305,Maybridge1000,Nc1ccccc1SCC(=O)Nc1c(F)cccc1F,54,52.9,True
MAY00004503,Maybridge1000,COc1c([N+](=O)[O-])cc(C(F)(F)F)cc1[N+](=O)[O-],56,54.9,True
MAY00004573,Maybridge1000,Cc1cccc(NCN2C(=O)CCC2=O)n1,54,52.9,True
MAY00004652,Maybridge1000,O=C(c1c(F)cccc1F)N1CCN(C(=O)c2c(F)cccc2F)CC1,55,53.9,True
MAY00004828,Maybridge1000,O=C(Nc1ccccc1F)C(Cl)Cl,55,53.9,True
MAY00005034,Maybridge1000,COc1ccc(OC)c(S(=O)(=O)Oc2ccc(C#N)cc2)c1,56,54.9,True
MAY00005285,Maybridge1000,CCN(CC)CCNC(=O)c1c(-c2c(Cl)cccc2Cl)noc1C,55,53.9,True
MAY00005439,Maybridge1000,O=C(Nc1ccccc1SCc1cccc(C(F)(F)F)c1)c1c(F)cccc1Cl,56,54.9,True
MAY00005508,Maybridge1000,COc1ccc(OC)c(S(=O)(=O)NCc2c(F)cccc2Cl)c1,55,53.9,True
MAY00005669,Maybridge1000,N#Cc1c(Cl)cccc1N1CCCC1,56,54.9,True
MAY00006185,Maybridge1000,C#CCOc1c(Cl)cccc1Cl,56,54.9,True
MAY00006290,Maybridge1000,Clc1cc(Cl)cc(-n2cccc2)c1,56,54.9,True
MAY00006514,Maybridge1000,Cc1c(C)c(C)c(S(=O)(=O)Nc2ccccc2N)c(C)c1C,55,53.9,True
MAY00006700,Maybridge1000,N=C(NS(=O)(=O)c1cc(C(F)(F)F)cc(C(F)(F)F)c1)c1cccs1,56,54.9,True
MAY00006876,Maybridge1000,CC(=O)c1ccccc1OC(=O)c1c(-c2c(Cl)cccc2Cl)noc1C,56,54.9,True
MAY00007402,Maybridge1000,O=C(Oc1ccc(Cl)cc1Cl)c1c(Cl)cccc1Cl,56,54.9,True
MAY00007550,Maybridge1000,ON(Cc1c(F)cccc1Cl)Cc1c(F)cccc1Cl,55,53.9,True
MAY00007694,Maybridge1000,Cc1cc(C)c(I)c(C)c1,56,54.9,True
MAY00007894,Maybridge1000,Cc1cc(Br)c(NC(=O)C(Cl)(Cl)Cl)c(Br)c1,55,53.9,True
MAY00008003,Maybridge1000,O=[N+]([O-])c1ccc(OCCO)c([N+](=O)[O-])c1,56,54.9,True
MAY00008091,Maybridge1000,Cc1onc(-c2c(Cl)cccc2Cl)c1C(=O)Oc1ccc(Cl)c(Cl)c1,55,53.9,True
MAY00008226,Maybridge1000,Ic1ccc(I)s1,56,54.9,True
MAY00008357,Maybridge1000,Br.CC(C)(C)c1nc(N)sc1Br,55,53.9,True
MAY00008535,Maybridge1000,Cc1onc(-c2c(Cl)cccc2Cl)c1C(=O)OCC(F)(F)F,55,53.9,True
MAY00008646,Maybridge1000,CN(C)/C=C(\C#N)C(=O)Nc1ccc(F)c(Cl)c1,56,54.9,True
MAY00008705,Maybridge1000,Cc1onc(-c2c(F)cccc2Cl)c1C(=O)c1ccc(F)cc1,54,52.9,True
MAY00008776,Maybridge1000,Cc1onc(-c2c(F)cccc2Cl)c1C(=O)Oc1ccccc1,55,53.9,True
MAY00009130,Maybridge1000,CSc1cc(C(F)(F)F)cc(SC)c1SC,56,54.9,True
MAY00009292,Maybridge1000,Cc1n[nH]cc1-c1ccccc1,55,53.9,True
MAY00009519,Maybridge1000,CN(C(=O)Nc1ccccc1)n1cnc2ccccc2c1=O,54,52.9,True
MAY00009637,Maybridge1000,Cc1nn(C)c(C)c1[N+](=O)[O-],56,54.9,True
MAY00009766,Maybridge1000,CC(=O)c1cnn(-c2ccccc2)c1C,55,53.9,True
MAY00009895,Maybridge1000,Cc1nn(C)c(C)c1NS(=O)(=O)c1cc(Cl)sc1Cl,56,54.9,True
MAY00009963,Maybridge1000,COC(CNc1cccc(Cl)c1C#N)OC,56,54.9,True
MAY00010028,Maybridge1000,CS/C(=N\C#N)N1CCN(c2ccc([N+](=O)[O-])cn2)CC1,55,53.9,True
MAY00010174,Maybridge1000,CC1=C(OS(=O)(=O)c2cc(C)c(Cl)cc2Cl)C(=O)CC1,55,53.9,True
MAY00010348,Maybridge1000,N#Cc1c(Cl)cccc1N1CCC(C(=O)NC(=O)Nc2ccc(Cl)cc2)CC1,55,53.9,True
MAY00010636,Maybridge1000,Cc1c(-c2ccnc(N)n2)nnn1-c1ccc(Cl)cc1Cl,56,54.9,True
MAY00010758,Maybridge1000,O=S(=O)(NCc1ccc(F)cc1F)c1cccc(C(F)(F)F)c1,55,53.9,True
MAY00011020,Maybridge1000,Cc1ccc(/N=N/c2c(C)nn(C)c2O)cc1,55,53.9,True
MAY00011239,Maybridge1000,CC(=O)C1=C(C)Nc2ccccc2S1,55,53.9,True
MAY00011257,Maybridge1000,CCNS(=O)(=O)c1cc(Cl)sc1Cl,56,54.9,True
MAY00011332,Maybridge1000,O=C1CC(=O)CC(c2ccc(Cl)c(Cl)c2)C1,55,53.9,True
MAY00011479,Maybridge1000,O=C1C=C(Cl)CC(c2ccc(C(F)(F)F)cc2)C1,56,54.9,True
MAY00011633,Maybridge1000,CC(=O)C1C(=O)CC(c2ccc(Cl)cc2)CC1=O,56,54.9,True
MAY00011756,Maybridge1000,CC(=O)c1ccc(-c2ccc(Cl)c(Cl)c2)o1,55,53.9,True
MAY00011875,Maybridge1000,COc1cccc(OC)c1C(C)(O)C(OC)OC,56,54.9,True
MAY00011928,Maybridge1000,Cc1nn(C)c(O)c1/N=N/c1ccc(Cl)cc1,56,54.9,True
MAY00000020,Maybridge1000,N#Cc1csc([N+](=O)[O-])c1,56,54.9,True
MAY00000097,Maybridge1000,C/C(=N\NC(=S)Nc1ccc(C(C)C)cc1)c1ccco1,56,54.9,True
MAY00000067,Maybridge1000,COc1ccc(/C=N/NC(=O)CC#N)cc1OC,56,54.9,True
MAY00000164,Maybridge1000,Cc1ccc(NC(=O)CC#N)c(C)c1,56,54.9,True
MAY00000450,Maybridge1000,Cc1cccc(NC(=O)c2ccccc2)c1,55,53.9,True
MAY00000470,Maybridge1000,Cc1ccc(NC(=S)C(C#N)C(=O)N2CCCC2)c(C)c1,56,54.9,True
MAY00000594,Maybridge1000,Cc1ccc(-c2nn(-c3ccccc3)c(=O)c3ccccc23)cc1C,56,54.9,True
MAY00000652,Maybridge1000,Cn1c2c(c3c1CCCC3)CCCC2,56,54.9,True
MAY00000717,Maybridge1000,O=C(Nc1ccccc1C(=O)Nc1ccc(Br)cc1)c1ccccc1,55,53.9,True
MAY00000789,Maybridge1000,N#Cc1c(N)sc2c1CCCCC2,56,54.9,True
MAY00000879,Maybridge1000,COc1ccc(-n2c(-c3ccc(C)cc3)csc2=N)cc1.Cl,56,54.9,True
MAY00000932,Maybridge1000,Cc1ccc(CS/C(N)=N/N)cc1.Cl,55,53.9,True
MAY00001004,Maybridge1000,CC(C)c1nc2ccccc2[nH]1,54,52.9,True
MAY00001045,Maybridge1000,CN1C/C(=C\c2ccccc2Cl)C(=O)/C(=C/c2ccccc2Cl)C1,55,53.9,True
MAY00001054,Maybridge1000,[Cl-].c1ccc(CSC2=[NH+]CCCN2)cc1,55,53.9,True
MAY00001103,Maybridge1000,Cc1c(C)c(C)c(CSc2[nH]c3ccccc3[nH+]2)c(C)c1C.[Cl-],54,52.9,True
MAY00001139,Maybridge1000,Nc1ccccc1C(=O)N/N=C/c1cccc2ccccc12,55,53.9,True
MAY00001217,Maybridge1000,CSc1nc2ccccc2[nH]1.I,55,53.9,True
MAY00001273,Maybridge1000,COc1ccc(CNc2ccccc2-c2nc3ccccc3[nH]2)cc1,55,53.9,True
MAY00001304,Maybridge1000,CCN1CN=C(SCc2ccc(C)cc2)NC1.Cl,55,53.9,True
MAY00001335,Maybridge1000,Br.CCN1CN=C(SCc2ccc(Br)cc2)NC1,55,53.9,True
MAY00001366,Maybridge1000,Br.Clc1ccc(C2=CSC3=NCCCN23)cc1,56,54.9,True
MAY00001506,Maybridge1000,COc1cc(C2N=C(c3ccc(Cl)cc3)SC(c3ccc(Cl)cc3)=N2)cc(OC)c1OC,55,53.9,True
MAY00001558,Maybridge1000,CSC1=NCN(Cc2ccccc2)CN1.I,56,54.9,True
MAY00001620,Maybridge1000,CCCCCCCCCCCCN1CNC(=S)NC1,56,54.9,True
MAY00001663,Maybridge1000,Cc1nn(Cc2ccccc2Cl)c(=N)s1.Cl,55,53.9,True
MAY00001686,Maybridge1000,O=C(CC1NCCN(Cc2ccccc2)C1=O)Nc1ccc(Cl)cc1,55,53.9,True
MAY00001852,Maybridge1000,O=C1NN(c2ccccc2)C(=S)Nc2ccccc21,56,54.9,True
MAY00001921,Maybridge1000,O=[N+]([O-])c1ccc(SC2=NCCN2)c(Cl)c1,55,53.9,True
MAY00001990,Maybridge1000,Cc1ccc(C(=O)NNC(=O)c2ccncc2)c(C)c1.Cl,56,54.9,True
MAY00002035,Maybridge1000,O=S(=O)(c1ccc(Cl)cc1)c1cc(C(F)(F)F)cc(C(F)(F)F)c1,56,54.9,True
MAY00000193,Maybridge1000,Cc1onc(-c2ccccc2Cl)c1C(=O)Nc1ccc(S(=O)(=O)Nc2nccs2)cc1,54,52.9,True
MAY00000342,Maybridge1000,Cc1onc(-c2ccccc2Cl)c1C(=O)N1CCCN2C(=O)c3ccccc3C21,55,53.9,True
MAY00000428,Maybridge1000,C=C1S/C(=N/c2cccc(C(F)(F)F)c2)NC12CCCCC2,56,54.9,True
MAY00000502,Maybridge1000,O=C(O)c1ccc(/N=C/c2ccc3c(c2)OCO3)cc1,55,53.9,True
MAY00000561,Maybridge1000,N#CC(NCc1ccccc1)c1ccc(Cl)c(Cl)c1,55,53.9,True
MAY00000663,Maybridge1000,O=C1NC(c2ccccc2Cl)Nc2ccccc21,56,54.9,True
MAY00000724,Maybridge1000,COc1cc(/C=N/c2ccc(F)cc2)cc(OC)c1OC,55,53.9,True
MAY00000876,Maybridge1000,O=[N+]([O-])c1ccccc1SCc1nnc(S)n1-c1cccc(C(F)(F)F)c1,56,54.9,True
MAY00001050,Maybridge1000,O=C1c2ccccc2C2(c3ccccc3)NCCN12,55,53.9,True
MAY00001086,Maybridge1000,O=C1C2C3C=CC(C3)C2C(=O)N1c1ccc(F)c(F)c1,56,54.9,True
MAY00001215,Maybridge1000,Cc1cccc(NC(=S)NCc2ccncc2)c1,54,52.9,True
MAY00001225,Maybridge1000,S=C(NCc1cccnc1)Nc1ccccc1Cl,54,52.9,True
MAY00001236,Maybridge1000,CCOC(=O)c1ccc(NC(=S)N2CCOCC2)cc1,56,54.9,True
MAY00001254,Maybridge1000,Cc1onc(-c2ccccc2Cl)c1C(=O)Nc1ccc2c(c1)OCO2,54,52.9,True
MAY00001275,Maybridge1000,Cc1ccc(Cl)cc1NC(=S)N(CCC#N)/N=C/c1ccc2c(c1)OCO2,56,54.9,True
MAY00000023,Maybridge1000,CSC(=NC(=O)c1c(Cl)cccc1Cl)SC,56,54.9,True
MAY00000099,Maybridge1000,CSC(=CC(=O)c1ccc(Cl)cc1)SC,56,54.9,True
MAY00000152,Maybridge1000,CC(C)CC1NC(=O)NC1=O,55,53.9,True
MAY00000219,Maybridge1000,O=C1OC2COC(=O)C2C=C1NC(=O)c1ccc(Cl)cc1,55,53.9,True
MAY00000302,Maybridge1000,CCOC(=O)c1csc(N/N=C2\CCCc3ccccc32)n1,55,53.9,True
MAY00000116,Maybridge1000,CCOC(=O)c1c(C)csc1N,55,53.9,True
MAY00000357,Maybridge1000,O=c1nc[nH]c2ccsc12,55,53.9,True
MAY00000567,Maybridge1000,CCOC(=O)CC(=O)Nc1scc(C)c1C(=O)OCC,56,54.9,True
MAY00001237,Maybridge1000,Nc1cc(-c2ccc(Cl)cc2)nc(N)n1,56,54.9,True
MAY00001493,Maybridge1000,O=C(O)c1cnn(-c2ccccc2)c1C(F)(F)F,56,54.9,True
MAY00001655,Maybridge1000,COC(=O)CSc1ncnc2c(C)csc12,51,50.0,True
MAY00001892,Maybridge1000,FC(F)(F)c1cc(-c2noc(C3CCc4ccccc4O3)n2)cc(C(F)(F)F)c1,49,48.0,True
MAY00002092,Maybridge1000,NNC(=O)c1cnn(-c2ccc(Cl)cc2)c1C(F)(F)F,49,48.0,True
MAY00002395,Maybridge1000,COC(=O)c1sccc1NC(=O)C1CC1,52,51.0,True
MAY00002419,Maybridge1000,CCOC(=O)c1cnn(-c2ccc(N)cc2)c1C(F)(F)F,50,49.0,True
MAY00002978,Maybridge1000,O=[N+]([O-])c1ccc(-c2nn[nH]n2)cc1,51,50.0,True
MAY00003096,Maybridge1000,COC(=O)c1cc(OC)c(OC)cc1NS(=O)(=O)c1ccc(C)cc1,50,49.0,True
MAY00003120,Maybridge1000,COC(=O)c1cc(OC)c(OC)cc1NC(=O)Nc1cc(Cl)cc(Cl)c1,50,49.0,True
MAY00003193,Maybridge1000,COC(=O)c1cc(OC)c(OC)cc1-n1c(C)ccc1C,49,48.0,True
MAY00003261,Maybridge1000,CCOC(=O)c1ccc(NC(N)=S)cc1,50,49.0,True
MAY00003318,Maybridge1000,Cc1cc(NS(=O)(=O)c2ccc(NS(=O)(=O)c3ccc(Cl)cc3)cc2)no1,51,50.0,True
MAY00003353,Maybridge1000,Cn1nccc1NS(=O)(=O)c1cccc(Cl)c1,49,48.0,True
MAY00003365,Maybridge1000,Cc1cc(NS(=O)(=O)c2ccc(NS(=O)(=O)c3cc(C)c(Cl)cc3C)cc2)no1,51,50.0,True
MAY00003377,Maybridge1000,Cn1nccc1NS(=O)(=O)c1ccc(C(C)(C)C)cc1,51,50.0,True
MAY00003408,Maybridge1000,CC(C)(C)c1ccc(-c2cc(N)c(C(N)=O)s2)cc1,50,49.0,True
MAY00003428,Maybridge1000,Cc1cc(NS(=O)(=O)c2ccc(NC(=O)c3ccccc3)cc2)no1,50,49.0,True
MAY00003499,Maybridge1000,COc1cc2ncnc(Nc3cccc(Cl)c3)c2cc1OC,49,48.0,True
MAY00003582,Maybridge1000,Cn1ncc(C(=O)O/N=C(\N)c2cc(C(F)(F)F)cc(C(F)(F)F)c2)c1-n1cccc1,49,48.0,True
MAY00003628,Maybridge1000,CC(C)(C)c1ccc(CSc2nc(N)cc(O)n2)cc1,50,49.0,True
MAY00003756,Maybridge1000,COC(=O)c1csc2c(C(F)(F)F)cc(N3CCN(S(=O)(=O)c4ccc(C)cc4)CC3)nc12,49,48.0,True
MAY00003790,Maybridge1000,Clc1ccc(Sc2ncnc3ccsc23)cc1,50,49.0,True
MAY00000207,Maybridge1000,OC(CNCCc1cccs1)COc1ccccc1,49,48.0,True
MAY00000418,Maybridge1000,COC(=O)c1ccccc1CSc1nccc(C(F)(F)F)n1,50,49.0,True
MAY00000065,Maybridge1000,COC(=O)c1cn(Cc2ccc(C(F)(F)F)cc2)cc(F)c1=O,50,49.0,True
MAY00000070,Maybridge1000,Cc1cccc(NC(=S)NC2CC3C=CC2C3)c1,50,49.0,True
MAY00000134,Maybridge1000,COc1ccc(-c2c(C)nc3ccc(Cl)cc3c2-c2ccccc2)cc1OC,50,49.0,True
MAY00000075,Maybridge1000,Clc1ccc(-c2csc(-c3ccno3)n2)s1,50,49.0,True
MAY00000189,Maybridge1000,c1cc2c(cc1/N=C1\SCC3CCCCN13)OCO2,52,51.0,True
MAY00000617,Maybridge1000,CCOC(=O)C1C(=O)C=C(c2cccs2)CC1c1ccc(OC)c(OC)c1Cl,50,49.0,True
MAY00000735,Maybridge1000,O=C1c2ccccc2C(=O)N1CN1CCC(O)(c2ccc(Cl)cc2)CC1,49,48.0,True
MAY00000810,Maybridge1000,OC(CSc1ccccc1)CN1CCN(c2ccc(C(F)(F)F)cn2)CC1,49,48.0,True
MAY00001073,Maybridge1000,COC(=O)c1ccc(S(=O)(=O)N2CCC(C(N)=O)CC2)n1C,50,49.0,True
MAY00001220,Maybridge1000,O=C(NCc1nc(-c2ccc(C(F)(F)F)cc2)no1)Nc1ccc(F)cc1F,51,50.0,True
MAY00001753,Maybridge1000,COC(=O)c1ccc(S(=O)(=O)NCc2ccccc2)n1C,51,50.0,True
MAY00002379,Maybridge1000,CC(=O)Nc1cccc(-n2nnc(SCc3ccccc3)n2)c1,50,49.0,True
MAY00003172,Maybridge1000,Cc1c(S(=O)(=O)c2ccc(Cl)cc2)csc1C(=O)Nc1ccc(N2CCOCC2)c(Cl)c1,49,48.0,True
MAY00003870,Maybridge1000,O=S(=O)(NCc1ccc2c(c1)OCO2)c1ccc(F)c(Cl)c1,49,48.0,True
MAY00004532,Maybridge1000,CCCc1cc(C(=O)Nc2ccc(N(CC)CC)cc2)nn1-c1ccccc1,49,48.0,True
MAY00004975,Maybridge1000,O=C(Nc1ccc(OC(F)(F)F)cc1)Nc1cccc(C(=O)O)c1,50,49.0,True
MAY00005554,Maybridge1000,COc1cc2nc(-c3cccs3)oc(=O)c2cc1OC,50,49.0,True
MAY00008869,Maybridge1000,COC(=O)c1cccc(NC(=O)CC2C(=O)NCCN2C(=O)c2cccs2)c1,49,48.0,True
MAY00009465,Maybridge1000,COc1ccc(C(=O)c2sc(Nc3ccccc3)nc2-c2ccccc2)cc1,50,49.0,True
MAY00011107,Maybridge1000,Cc1ccc(C)n1-c1ccc(C(=O)NNC(=O)c2ccc3nccnc3c2)cc1,49,48.0,True
MAY00000111,Maybridge1000,Cc1ccc(/C(C#N)=C2\C=C/C(=N\O)C(Cl)=C2Cl)cc1,50,49.0,True
MAY00000281,Maybridge1000,CCSC(SCC)C(O)C(O)C(O)CO,51,50.0,True
MAY00000295,Maybridge1000,NC(=O)NC1OC(CO)C(O)C(O)C1O,50,49.0,True
MAY00000823,Maybridge1000,N#Cc1cc(I)c(C#N)c(I)c1.O,50,49.0,True
MAY00001356,Maybridge1000,COc1ccccc1N1CCN(Cc2ccc(F)cc2)CC1,49,48.0,True
MAY00001498,Maybridge1000,Clc1ccc2ocnc2c1,50,49.0,True
MAY00001619,Maybridge1000,Cn1c2c(c3ccccc31)/C(=N/OC(=O)c1ccc(Cl)cc1Cl)CCC2,50,49.0,True
MAY00001728,Maybridge1000,COc1ccccc1N1CCN(C(=O)c2cccs2)CC1,51,50.0,True
MAY00001780,Maybridge1000,CCN(CC)CCNC(=O)c1ccc(N)cc1,50,49.0,True
MAY00002096,Maybridge1000,Nc1ccc2nonc2c1N,51,50.0,True
MAY00002401,Maybridge1000,O=C1c2ccccc2C(=O)C1(c1ccccc1)[N+](=O)[O-],50,49.0,True
MAY00002539,Maybridge1000,O=C(Cc1ccccc1)NC1CCN(S(=O)(=O)c2ccc(Cl)cc2)CC1,49,48.0,True
MAY00002716,Maybridge1000,O=C(O/N=C/c1ccc2c(c1)OCO2)c1ccccc1Br,51,50.0,True
MAY00002796,Maybridge1000,CC(C)(C)OC(=O)N1CCN(Cc2ccccc2)CC1,51,50.0,True
MAY00002937,Maybridge1000,CC(=O)Nc1ccc(S(=O)(=O)Nc2ncccn2)cc1,49,48.0,True
MAY00003130,Maybridge1000,Sc1nnc(SCCSc2nnc(S)s2)s1,51,50.0,True
MAY00003350,Maybridge1000,CC(OCc1ccccc1)C(NC(=O)OC(C)(C)C)C(N)=O,51,50.0,True
MAY00003643,Maybridge1000,Cc1ccc2cc(C)c(C)cc2c1,49,48.0,True
MAY00003710,Maybridge1000,NC(C(=O)O)c1ccccc1,51,50.0,True
MAY00003924,Maybridge1000,OC1(c2ccc(F)cc2)Cc2ccccc2C2=NCCN21,49,48.0,True
MAY00003959,Maybridge1000,OCc1ccccc1-c1ccccc1,49,48.0,True
MAY00000001,Maybridge1000,CSc1nc(N)n(-c2ccccc2)n1,51,50.0,True
MAY00000213,Maybridge1000,Cn1nc(O)cc1C(=O)NN,49,48.0,True
MAY00000334,Maybridge1000,Nc1ncnc(SCc2ccc(Cl)cc2)n1,50,49.0,True
MAY00000352,Maybridge1000,Clc1ccc(C=C2c3ccccc3-c3ccccc32)cc1,50,49.0,True
MAY00000492,Maybridge1000,O=[N+]([O-])c1cc(Cl)c(Sc2ccccc2)cc1Sc1ccccc1,49,48.0,True
MAY00000576,Maybridge1000,CCOC(=O)c1ccc(N2CCOCC2)c(/N=C/c2cc(Cl)ccc2O)c1,50,49.0,True
MAY00000671,Maybridge1000,CC(=O)c1ccc(Sc2ccccn2)c([N+](=O)[O-])c1,50,49.0,True
MAY00000914,Maybridge1000,N#CCCN(CC1CCCO1)C(=S)Nc1cc(C(F)(F)F)cc(C(F)(F)F)c1,49,48.0,True
MAY00000053,Maybridge1000,O=C(N/N=C/c1cccs1)c1ccccc1CO,50,49.0,True
MAY00000021,Maybridge1000,Cc1cc(NC(=O)Nc2cccc(C(F)(F)F)c2)n(C)n1,50,49.0,True
MAY00000062,Maybridge1000,O=S(=O)(CCN1CCOCC1)c1ccc(Cl)cc1,50,49.0,True
MAY00000141,Maybridge1000,Cc1cc(NC(=O)C(Cl)(Cl)Cl)n(-c2ccccc2)n1,50,49.0,True
MAY00000359,Maybridge1000,O=C(Nc1cc(-c2ccccc2)n[nH]1)c1ccccc1,49,48.0,True
MAY00000420,Maybridge1000,N#C/C(NCc1cccs1)=C(\C#N)NCc1c(F)cccc1Cl,51,50.0,True
MAY00000447,Maybridge1000,CCOC(=O)c1nnc2cc(C)nn2c1C,50,49.0,True
MAY00000501,Maybridge1000,CN1c2ccccc2C(=O)/C(=N\Nc2ccccc2F)S1(=O)=O,50,49.0,True
MAY00000650,Maybridge1000,Cc1cc(=O)n2ncc(C#N)c2[nH]1,51,50.0,True
MAY00000736,Maybridge1000,COCc1cc(=O)n2nc(C(C)(C)C)cc2[nH]1,50,49.0,True
MAY00000885,Maybridge1000,CSc1c(C#N)c(-c2cccs2)nn1C,50,49.0,True
MAY00001114,Maybridge1000,CN(C)/C=C1\C(=O)c2ccccc2N(C)S1(=O)=O,49,48.0,True
MAY00001166,Maybridge1000,CC(=O)CS(=O)(=O)c1ccc(Cl)cc1,49,48.0,True
MAY00001280,Maybridge1000,N#CCS(=O)(=O)c1cccs1,50,49.0,True
MAY00001381,Maybridge1000,Cc1c(S(=O)(=O)c2ccc(Cl)cc2)csc1S(=O)(=O)N/N=C/c1c(Cl)cccc1Cl,49,48.0,True
MAY00001434,Maybridge1000,CC(=O)/C(=C\Nc1ncccn1)S(=O)(=O)c1ccc(Cl)cc1,49,48.0,True
MAY00001494,Maybridge1000,CCOC(=O)c1cnc2cc(C)nn2c1C,51,50.0,True
MAY00001751,Maybridge1000,Cc1ccc(S(=O)(=O)/C(C#N)=N/O)cc1,50,49.0,True
MAY00001823,Maybridge1000,CCSc1ncccc1C(=O)NC(CCSC)C(=O)OC,49,48.0,True
MAY00001880,Maybridge1000,CC(C)(C)S(=O)(=O)/C(C#N)=C/N1CCCCC1,49,48.0,True
MAY00001966,Maybridge1000,COC(=O)C1=C(Nc2ccc(Cl)cc2)CSC1,50,49.0,True
MAY00002039,Maybridge1000,Cc1c(S(=O)(=O)c2ccc(Cl)cc2)cnc2cc(C(C)(C)C)nn12,50,49.0,True
MAY00002190,Maybridge1000,N#C/C(=N\Nc1ccc(C(F)(F)F)cc1)C(=O)C1CC1,50,49.0,True
MAY00002307,Maybridge1000,Cc1cc(C(F)(F)F)n2nc(-c3ccc(C(C)(C)C)cc3)cc2n1,51,50.0,True
MAY00002470,Maybridge1000,CCSc1sc(C(=O)OC)c(-c2ccc(Cl)cc2)c1C#N,50,49.0,True
MAY00002589,Maybridge1000,COC(=O)c1scc(S(=O)(=O)C(C)C)c1N/N=C(\C#N)C(=O)c1ccccc1,50,49.0,True
MAY00002613,Maybridge1000,COc1ccc(-c2c(C(=O)O)sc(SC)c2C#N)cc1,50,49.0,True
MAY00002686,Maybridge1000,CC(C)(C)S(=O)(=O)c1cnc(N)nc1N,50,49.0,True
MAY00002750,Maybridge1000,Cc1cscc1S(=O)(=O)c1ccc(Cl)cc1,49,48.0,True
MAY00002856,Maybridge1000,CC(C)S(=O)(=O)c1csc(C(N)=O)c1Cl,51,50.0,True
MAY00003231,Maybridge1000,Brc1ccc(-c2cc[nH]n2)s1,50,49.0,True
MAY00003286,Maybridge1000,CCOC(=O)c1sc(SC(C)C)c2c1CCCC2=O,51,50.0,True
MAY00003316,Maybridge1000,CC(=O)c1sc(SCc2ccc(Cl)cc2)c2c1CC(C)(C)CC2=O,50,49.0,True
MAY00003378,Maybridge1000,CSc1sc(C#N)c2c1C(O)CCC2,51,50.0,True
MAY00003445,Maybridge1000,CCOC(=O)c1sc(S(C)(=O)=O)c2c1CCCC2O,49,48.0,True
MAY00003517,Maybridge1000,CCOC(=O)c1sc2sc(C(=O)c3ccc(Cl)cc3)c(C)c2c1C,49,48.0,True
MAY00003564,Maybridge1000,C=Cc1c(SC)sc(C(=O)O)c1C,50,49.0,True
MAY00003715,Maybridge1000,CC(=O)OCc1ccc(/C=C(\C#N)S(=O)(=O)c2ccc(Cl)cc2)o1,49,48.0,True
MAY00003875,Maybridge1000,N#C/C(=C\N(CCS(=O)(=O)c1ccc(Cl)cc1)Cc1cccs1)S(=O)(=O)c1ccc(Cl)cc1,49,48.0,True
MAY00004031,Maybridge1000,O=S(=O)(N/N=C/c1ccc(Cl)cc1)c1ccc(-c2ccccn2)s1,49,48.0,True
MAY00004192,Maybridge1000,NC(=S)CSc1ccccc1,51,50.0,True
MAY00004428,Maybridge1000,Cn1c(S)nnc1CSc1ccccc1,51,50.0,True
MAY00004636,Maybridge1000,Cc1nn(Cc2nnc(S)o2)c(C)c1Br,49,48.0,True
MAY00004847,Maybridge1000,COC(=O)c1cscc1Sc1ccc(Cl)cc1,49,48.0,True
MAY00005028,Maybridge1000,COC(=O)c1ccc2c(c1)N(C)S(=O)(=O)CC2=O,50,49.0,True
MAY00005178,Maybridge1000,N#C/C(=C\Nc1ccc2c(c1)OCCO2)S(=O)(=O)c1ccc(C(F)(F)F)cn1,49,48.0,True
MAY00005362,Maybridge1000,CSc1sc(-c2cc[nH]n2)c(-c2ccccc2)c1C#N,50,49.0,True
MAY00005483,Maybridge1000,CCOC(=O)c1ccc(Oc2sccc2[N+](=O)[O-])cc1,51,50.0,True
MAY00005717,Maybridge1000,Sc1nccc(-c2ccc(Cl)cc2)n1,49,48.0,True
MAY00006333,Maybridge1000,CCOC(=O)c1cnc(SCC(=O)c2ccc(Cl)cc2Cl)[nH]1,51,50.0,True
MAY00006379,Maybridge1000,N#Cc1nccnc1Sc1ccc(Cl)cc1,49,48.0,True
MAY00006484,Maybridge1000,N#CC1COc2ccccc2O1,50,49.0,True
MAY00006649,Maybridge1000,O=C(O)CSCCOc1ccccc1,50,49.0,True
MAY00006798,Maybridge1000,NC(=S)c1ccc2nonc2c1,50,49.0,True
MAY00006884,Maybridge1000,O=C(Nc1ccccc1)OCCSc1ccc([N+](=O)[O-])c2nonc12,49,48.0,True
MAY00007229,Maybridge1000,COc1cc(Cl)c(Cl)cc1Cl,49,48.0,True
MAY00007464,Maybridge1000,Oc1cc(C(F)(F)F)nc2cc(Cl)cc(Cl)c12,49,48.0,True
MAY00007670,Maybridge1000,CCOC(=O)NC(=O)c1cn(Cc2cccs2)c(=O)[nH]c1=O,50,49.0,True
MAY00007738,Maybridge1000,CC(C)n1cc(C#N)c(=O)n(Cc2ccccc2)c1=O,51,50.0,True
MAY00007867,Maybridge1000,CCOC(=O)Cn1c(=O)c(C#N)cn(C(C)C)c1=O,51,50.0,True
MAY00007984,Maybridge1000,OCc1nccn1Cc1ccc(Cl)cc1,49,48.0,True
MAY00008088,Maybridge1000,CC(C)(O)C#Cc1ccc(/C=N/O)cc1,50,49.0,True
MAY00008172,Maybridge1000,Cc1c(Br)sc2ccc(Cl)cc12,50,49.0,True
MAY00008241,Maybridge1000,O=C(Nc1ccccc1)N1CCN(C(c2ccccc2)c2ccccc2)CC1,50,49.0,True
MAY00008328,Maybridge1000,O=C(O)c1cncc(C#Cc2ccccc2)c1,50,49.0,True
MAY00008446,Maybridge1000,O/N=C/c1sccc1Oc1ccccc1,49,48.0,True
MAY00008614,Maybridge1000,COC(=O)c1ccc(C#Cc2ccccc2)o1,50,49.0,True
MAY00008747,Maybridge1000,CCOC(=O)c1c(SC)nc2c(C(F)(F)F)cccc2c1O,49,48.0,True
MAY00008842,Maybridge1000,COC(=O)c1ccc([N+](=O)[O-])cc1Cl,50,49.0,True
MAY00009058,Maybridge1000,Cn1c(S)nnc1CSCC(=O)Nc1ccccc1,50,49.0,True
MAY00009182,Maybridge1000,CCCn1c(=O)c(C#N)cn(-c2ccc(Cl)cc2)c1=O,50,49.0,True
MAY00009274,Maybridge1000,NC(=O)CCSCCC(N)=O,51,50.0,True
MAY00009477,Maybridge1000,Oc1cc(C(F)(F)F)nc2c(Cl)cccc12,49,48.0,True
MAY00009532,Maybridge1000,CCCCC#Cc1ccc(C(=O)NNC(=O)Nc2cc(Cl)cc(Cl)c2)o1,50,49.0,True
MAY00009710,Maybridge1000,N#CCC(=O)N(Cc1ccccc1F)C(=O)NC1CCCCC1,51,50.0,True
MAY00009976,Maybridge1000,CCCCOc1cc(C(=O)O)ccc1OC,49,48.0,True
MAY00010142,Maybridge1000,c1ccc(CN2CCC(n3nnc4cccnc43)CC2)cc1,50,49.0,True
MAY00010261,Maybridge1000,O=C(NCCSCc1ccco1)Nc1cc(Cl)cc(Cl)c1,50,49.0,True
MAY00010290,Maybridge1000,O=C(NCCSCc1ccco1)c1ccc(Cl)cc1,50,49.0,True
MAY00010319,Maybridge1000,FC(F)(F)c1cc(-c2ccco2)nc2cc(-c3ccco3)nn12,49,48.0,True
MAY00010340,Maybridge1000,CC(C)(C)c1cc(-c2cc(C(F)(F)F)[nH]n2)c2c(c1)C(C)(C)CC2,50,49.0,True
MAY00010355,Maybridge1000,Cn1c(SCc2ccccc2)nnc1-c1ccc2ncccc2c1,50,49.0,True
MAY00010379,Maybridge1000,COc1ccc(-c2ccnc(SCC(=O)NCCSCc3ccco3)n2)cc1,50,49.0,True
MAY00010398,Maybridge1000,FC(F)(F)c1cc(-c2ccc(Cl)cc2)nc2cc(C3CC3)nn12,49,48.0,True
MAY00010431,Maybridge1000,OC1(C(F)(F)F)CC(c2ccc3ccccc3c2)=NN1,50,49.0,True
MAY00010456,Maybridge1000,Cn1c(SCC(=O)N2CCOCC2)nnc1-c1ccc2ncccc2c1,52,51.0,True
MAY00010469,Maybridge1000,COc1cccc(NC(=O)NC2Cc3ccccc3C2)c1,52,51.0,True
MAY00010481,Maybridge1000,O=C(NC1Cc2ccccc2C1)c1cncc(Br)c1,50,49.0,True
MAY00010502,Maybridge1000,CC(=O)Nc1ccc(S(=O)(=O)NC2Cc3ccccc3C2)cc1,49,48.0,True
MAY00010514,Maybridge1000,O=C(CSCc1c(F)cccc1Cl)NC1Cc2ccccc2C1,50,49.0,True
MAY00010554,Maybridge1000,O=C(CSc1nnnn1-c1ccccc1)NC1Cc2ccccc2C1,50,49.0,True
MAY00010565,Maybridge1000,CC(C)(C)OC(=O)NCc1nnc(S)n1-c1ccccc1,51,50.0,True
MAY00010666,Maybridge1000,O=C(Nc1ccccc1)NC1CCCC1,50,49.0,True
MAY00010712,Maybridge1000,OC1(C(F)(F)F)CC(c2ccccc2)=NN1,50,49.0,True
MAY00010784,Maybridge1000,CSc1nc2ccc(NC(=O)c3c(-c4ccccc4)noc3C)cc2s1,50,49.0,True
MAY00000106,Maybridge1000,Cc1ccc(CC(=O)O)cc1,50,49.0,True
MAY00000030,Maybridge1000,COC(=O)c1ccc(-c2ccc(Cl)cc2)s1,50,49.0,True
MAY00000033,Maybridge1000,Br.c1ccc(-c2csc(-c3ccncc3)n2)cc1,50,49.0,True
MAY00000058,Maybridge1000,Br.c1ccc(-c2ccc(-c3csc(-c4cccnc4)n3)cc2)cc1,50,49.0,True
MAY00000090,Maybridge1000,Br.O=[N+]([O-])c1cccc(-c2csc(Nc3ccccc3Cl)n2)c1,51,50.0,True
MAY00000135,Maybridge1000,O=C(N/N=C/c1ccccc1Cl)N/N=C/c1ccccc1Cl,49,48.0,True
MAY00000173,Maybridge1000,COc1ccc(/C=N/NC(N)=S)cc1OC,49,48.0,True
MAY00000202,Maybridge1000,O=C(N/N=C/c1c(O)ccc2ccccc12)N/N=C/c1c(O)ccc2ccccc12,50,49.0,True
MAY00000217,Maybridge1000,CCOC(=O)N/N=C/c1ccccc1OCC,49,48.0,True
MAY00000229,Maybridge1000,CCOC(=O)N/N=C/c1cccs1,49,48.0,True
MAY00000252,Maybridge1000,O=C(Nc1nccs1)c1ccc([N+](=O)[O-])cc1,51,50.0,True
MAY00000268,Maybridge1000,COc1cc(/C=N/NC(=S)NC2CC3CCC2C3)cc(OC)c1OC,49,48.0,True
MAY00000290,Maybridge1000,Br.COc1ccc(-c2nc(-c3ccc(-c4ccccc4)cc3)cs2)cc1,50,49.0,True
MAY00000317,Maybridge1000,CNC(=S)N/N=C/c1cc(Br)cc(Br)c1O,49,48.0,True
MAY00000346,Maybridge1000,Br.COc1ccc(-n2c(SCc3ccc(Br)cc3)nnc2-c2ccco2)cc1,50,49.0,True
MAY00000381,Maybridge1000,O=C(NNC(=S)Nc1cccc(Cl)c1)c1ccncc1,50,49.0,True
MAY00000405,Maybridge1000,CC12NC(=O)NC1(C)NC(=O)N2,49,48.0,True
MAY00000002,Maybridge1000,Cc1csc2ccc(Cl)cc12,50,49.0,True
MAY00000223,Maybridge1000,Cc1c(-c2csc(-c3ccc(Cl)cc3)n2)sc2ccc(Cl)cc12,50,49.0,True
MAY00000911,Maybridge1000,O=C1ON=C(CSc2ccccc2)/C1=C/c1ccc(Cl)cc1,49,48.0,True
MAY00000045,Maybridge1000,COc1ccc(C(C)=O)cc1CS/C(=N/S(=O)(=O)c1ccccc1)Nc1cccc(F)c1,49,48.0,True
MAY00000482,Maybridge1000,CC(C)(C)C(=O)NC(=S)Nc1cccc(C(F)(F)F)c1,49,48.0,True
MAY00000022,Maybridge1000,O=C(CSc1ccc(Cl)cc1)Nc1ccc(F)cc1,51,50.0,True
MAY00000495,Maybridge1000,N#Cc1c(N)oc(-c2ccco2)c1-c1ccco1,51,50.0,True
MAY00000709,Maybridge1000,O=C(O)Cc1ccccc1I,50,49.0,True
MAY00001107,Maybridge1000,O=[N+]([O-])c1cnc2ccccn12,51,50.0,True
MAY00001489,Maybridge1000,CC(=C\c1ccc(Cl)cc1)/C(C)=N/O,50,49.0,True
MAY00001917,Maybridge1000,O=C(O)C12CC3CC(CC(Br)(C3)C1)C2,50,49.0,True
MAY00002318,Maybridge1000,CC1(C)CCC(C(C)(C)O)CC1,50,49.0,True
MAY00002803,Maybridge1000,Cc1ccc(S(=O)(=O)Oc2cc(=O)n(C)c3ccccc23)cc1,49,48.0,True
MAY00003670,Maybridge1000,CC12CCC3C(CCC4=CC(=O)CCC43CO)C1CCC2OC(=O)c1ccccc1,50,49.0,True
MAY00003720,Maybridge1000,CC12CCC3C(CCC4CC5(CCC43C)OCCO5)C1CCC2O,50,49.0,True
MAY00003818,Maybridge1000,CC12CCC3C4CCC(=O)C=C4CCC3C1CCC2=O,51,50.0,True
MAY00004774,Maybridge1000,CC1=CC(C)(C)NC(=S)N1,44,43.1,True
MAY00000008,Maybridge1000,CC1C(c2ccccc2)OCCN1CN1C(=O)c2ccccc2C1=O,42,41.2,True
MAY00000263,Maybridge1000,CSc1c(-c2ccccc2)c(N)nn1S(=O)(=O)c1ccccc1,44,43.1,True
MAY00000364,Maybridge1000,O=C(Nc1ccc(C(F)(F)F)cc1)Nc1ccccc1C(=O)O,44,43.1,True
MAY00000475,Maybridge1000,COc1cc(/C=C2/N=C(c3ccccc3I)OC2=O)cc(OC)c1OC,42,41.2,True
MAY00000506,Maybridge1000,O=C(O)CC(CC(=O)O)c1ccc(C(F)(F)F)cc1,43,42.2,True
MAY00000524,Maybridge1000,O=C(O)CC(CC(=O)Nc1ccc(I)cc1F)c1ccc(C(F)(F)F)cc1,43,42.2,True
MAY00000553,Maybridge1000,O=C(O)CSCC(=O)NC1CCN(Cc2ccccc2)CC1,44,43.1,True
MAY00000585,Maybridge1000,NS(=O)(=O)c1ccc(-n2ncc3ccccc3c2=O)cc1,43,42.2,True
MAY00000604,Maybridge1000,O=C1c2ccccc2C(=O)N1CN(CCSc1ccccc1)CN1C(=O)c2ccccc2C1=O,43,42.2,True
MAY00000637,Maybridge1000,CCOC(=O)CSC(=S)NCc1ccc(C)cc1,43,42.2,True
MAY00000670,Maybridge1000,CC(=O)c1ccc(N2C(=O)CSCC2=O)cc1,43,42.2,True
MAY00000718,Maybridge1000,O=C(O)C1c2ccccc2C(=O)N(Cc2ccc3c(c2)OCO3)C1c1cccnc1,43,42.2,True
MAY00000781,Maybridge1000,Cn1c2c(c(=O)n(C)c1=O)CN(CCCCCCO)CN2,43,42.2,True
MAY00000829,Maybridge1000,Cc1cc(C)cc(N2C(=O)CC(Sc3ccccc3C(=O)O)C2=O)c1,43,42.2,True
MAY00000071,Maybridge1000,COc1ccc(/C(C#N)=C/c2ccc(OC)c(OC)c2)cc1,42,41.2,True
MAY00000249,Maybridge1000,O=C1c2cccc3cc([N+](=O)[O-])cc(c23)C(=O)N1CCO,42,41.2,True
MAY00000582,Maybridge1000,CCOc1ccc(/C=C(\C#N)c2cccc(Cl)c2)cc1,43,42.2,True
MAY00000727,Maybridge1000,COc1ccc(/C=C(\C#N)c2nc3ccccc3[nH]2)cc1OC,43,42.2,True
MAY00000883,Maybridge1000,Nc1ccc(C(=O)/C(=C\c2cccc([N+](=O)[O-])c2)C(=O)c2ccc(-c3ccccc3)cc2)cc1,42,41.2,True
MAY00000961,Maybridge1000,O=C1c2cccc3c([N+](=O)[O-])ccc(c23)C(=O)N1Cc1ccco1,41,40.2,True
MAY00001042,Maybridge1000,O=C1c2cccc3c(SCCO)ccc(c23)C(=O)N1CCc1ccccn1,44,43.1,True
MAY00000029,Maybridge1000,O=C1c2ccccc2C(=O)N1CNc1cccc(Cl)c1,43,42.2,True
MAY00000129,Maybridge1000,Cc1ccc(/N=C/c2cccs2)cc1Cl,44,43.1,True
MAY00000195,Maybridge1000,O=C(NC(=S)NCc1ccncc1)c1ccccc1,43,42.2,True
MAY00000291,Maybridge1000,COc1cccc(NC(N)=S)c1,42,41.2,True
MAY00000064,Maybridge1000,O=[N+]([O-])c1ccc2nsnc2c1,43,42.2,True
MAY00000003,Maybridge1000,CCC(=O)Oc1ccc(NC(=S)NCCCO)cc1,43,42.2,True
MAY00000175,Maybridge1000,COc1ccccc1/N=C1\SCC(=O)N1Cc1ccco1,44,43.1,True
MAY00000498,Maybridge1000,FC(F)(F)c1cc(/N=C2/NCCN/C(=N\c3cc(C(F)(F)F)cc(C(F)(F)F)c3)SS2)cc(C(F)(F)F)c1,42,41.2,True
MAY00000913,Maybridge1000,CC(NC(=S)Nc1ccc(Oc2ccc(Cl)cc2)cc1)c1ccccc1,44,43.1,True
MAY00000973,Maybridge1000,Cc1cc(=O)n2c(-c3ccc(Cl)cc3)csc2n1,43,42.2,True
MAY00001147,Maybridge1000,CSc1nnnn1-c1c(C)cccc1C,43,42.2,True
MAY00001224,Maybridge1000,CCCOc1ccccc1/C=N/NC(=S)Nc1cccc(F)c1,43,42.2,True
MAY00001413,Maybridge1000,O=C(COC(=O)c1ccccc1Nc1cccc(F)c1)c1ccccc1,42,41.2,True
MAY00001502,Maybridge1000,O=C(COC(=O)c1ccccc1C(=O)c1ccccc1)c1ccccc1,43,42.2,True
MAY00001622,Maybridge1000,Cc1cc(C)c(NC(=S)NCCCN2CCOCC2)c(C)c1,43,42.2,True
MAY00001677,Maybridge1000,COc1ccccc1NC(=N)SCc1ccccc1.Cl,43,42.2,True
MAY00001756,Maybridge1000,O=C(COC(=O)c1ccccc1Nc1ccccc1)c1ccc(Cl)cc1,43,42.2,True
MAY00001899,Maybridge1000,O=[N+]([O-])c1ccc(OCCCOc2ccc([N+](=O)[O-])cc2)cc1,43,42.2,True
MAY00002031,Maybridge1000,O=C(Nc1ccc(Br)cc1Cl)C(Cl)(Cl)Cl,44,43.1,True
MAY00002207,Maybridge1000,Cc1cccc(C)c1NC(=O)C(C)Oc1ccc(Cl)cc1Cl,42,41.2,True
MAY00002659,Maybridge1000,O=C(CN1CCOCC1)Nc1cc(C(F)(F)F)cc(C(F)(F)F)c1,43,42.2,True
MAY00003089,Maybridge1000,Cc1cccc(C)c1N=C1SCCS1,44,43.1,True
MAY00003731,Maybridge1000,Cc1cc(=O)[nH]c(-c2ccccn2)n1,43,42.2,True
MAY00000139,Maybridge1000,Cc1cc(C)c2c(-n3cccc3)c(C(=O)c3ccc(Cl)cc3)sc2n1,43,42.2,True
MAY00000256,Maybridge1000,O=C(Nc1cc(C(F)(F)F)cc(C(F)(F)F)c1)C(Sc1ccccn1)c1ccccc1,43,42.2,True
MAY00000489,Maybridge1000,Sc1nnc(-c2ccccc2)[nH]1,43,42.2,True
MAY00000661,Maybridge1000,Cc1ccc(Sc2nc(C)c([N+](=O)[O-])c(C)c2C#N)cc1,42,41.2,True
MAY00001053,Maybridge1000,Cc1cc(O)nc(-c2ccccn2)n1,43,42.2,True
MAY00001316,Maybridge1000,Cc1onc(-c2c(Cl)cccc2Cl)c1NC(=O)O/N=C/c1ccc(N(C)C)cc1,44,43.1,True
MAY00001358,Maybridge1000,Clc1cncc(Cl)c1N/N=C/C1CC2C=CC1C2,43,42.2,True
MAY00001682,Maybridge1000,N#Cc1ccc([N+](=O)[O-])s1,42,41.2,True
MAY00001839,Maybridge1000,Oc1nc(-c2ccccc2)nc(-c2ccccc2)n1,43,42.2,True
MAY00001964,Maybridge1000,CS/C(=N\C#N)NCc1cccnc1,43,42.2,True
MAY00002254,Maybridge1000,COC(=O)c1c(-c2c(Cl)cccc2Cl)noc1NC(=O)NN1CCCCC1,43,42.2,True
MAY00002570,Maybridge1000,N/C(=N\OC(=O)Nc1ccccc1)c1ccc(C2SCCS2)cc1,44,43.1,True
MAY00002694,Maybridge1000,CSc1nc(N)nc(C(C)(C)C)n1,44,43.1,True
MAY00002737,Maybridge1000,CSc1nc(N)nc(N2CCCCC2)n1,43,42.2,True
MAY00002989,Maybridge1000,COC(=O)c1ccc(C(=O)OC)nc1,44,43.1,True
MAY00003154,Maybridge1000,O=C1CNC(=S)N1CCc1ccccn1,44,43.1,True
MAY00003315,Maybridge1000,COc1nc(N)nc(SC)n1,44,43.1,True
MAY00004149,Maybridge1000,N/C(=N\O)c1cnccc1C(F)(F)F,43,42.2,True
MAY00000098,Maybridge1000,CCC(=O)Nc1cc(F)ccc1C,42,41.2,True
MAY00000119,Maybridge1000,CCOC(=O)c1cnn(-c2ccc(F)cc2)c1N,42,41.2,True
MAY00000197,Maybridge1000,Oc1ncnc2ccc(Br)cc12,44,43.1,True
MAY00000257,Maybridge1000,COC(=O)COc1ccc(C(C)=O)cc1,43,42.2,True
MAY00000293,Maybridge1000,O=C(O)c1cc(C(F)(F)F)ccc1F,44,43.1,True
MAY00000423,Maybridge1000,COc1ccc(/C(C)=N/NC2=NCCCN2)cc1,43,42.2,True
MAY00000540,Maybridge1000,Cc1ccc(C(=O)c2ccccc2[N+](=O)[O-])cc1,44,43.1,True
MAY00000591,Maybridge1000,Cc1ccc(OCC(=O)NN)c2c1CCC2,43,42.2,True
MAY00000662,Maybridge1000,Cc1cc2c3c(c1)c(O)cc(=O)n3CCC2,43,42.2,True
MAY00000695,Maybridge1000,COc1ccc(S(=O)(=O)Nc2cc(C)c(C)cc2[N+](=O)[O-])c(OC)c1,43,42.2,True
MAY00000733,Maybridge1000,c1ccc2c(c1)CCc1c-2[nH]c2ccccc12,44,43.1,True
MAY00000860,Maybridge1000,O=C(O)c1ccccc1Sc1c(C(=O)O)cc([N+](=O)[O-])cc1[N+](=O)[O-],43,42.2,True
MAY00000923,Maybridge1000,CC(=O)OCCCCN1C(=O)c2ccccc2C1=O,44,43.1,True
MAY00001000,Maybridge1000,CCOC(=O)CNc1ccc(Cl)c(Cl)c1,42,41.2,True
MAY00001083,Maybridge1000,Br.c1ccc(-c2csc(-c3cccnc3)n2)cc1,43,42.2,True
MAY00001133,Maybridge1000,CCOC(=O)CC1=Nn2c(nnc2-c2cc(Cl)cc(Cl)c2)SC1,42,41.2,True
MAY00001179,Maybridge1000,CN(C)/C=N/c1nc2c(s1)CCc1ccccc1-2,43,42.2,True
MAY00001202,Maybridge1000,O=C1CCCc2c1c1ccccc1n2Cc1ccccc1,44,43.1,True
MAY00001250,Maybridge1000,FC(F)(F)c1ccc2[nH]c(S)nc2c1,43,42.2,True
MAY00001325,Maybridge1000,CC1=NN(c2cccc(S(N)(=O)=O)c2)C(=O)C1,43,42.2,True
MAY00001376,Maybridge1000,CCOC(=O)C1CCN(C(=S)Nc2ccccc2C(F)(F)F)CC1,43,42.2,True
MAY00001402,Maybridge1000,Cn1c(Sc2ccc(C(F)(F)F)cc2[N+](=O)[O-])nnc1C(F)(F)F,42,41.2,True
MAY00001432,Maybridge1000,CCCCCCNC(=O)NCCCCCC,43,42.2,True
MAY00001461,Maybridge1000,CN1C(=O)CN=C(c2ccccc2)c2ccccc21,42,41.2,True
MAY00001500,Maybridge1000,COc1ccccc1C1CCN(C(=O)c2ccc(F)cc2)CC1,42,41.2,True
MAY00001524,Maybridge1000,COC(=O)C1Cc2c([nH]c3ccccc23)C2(CCN(C)CC2)N1,43,42.2,True
MAY00001565,Maybridge1000,O=C(CSc1nnc(NC(=O)c2cccc([N+](=O)[O-])c2)s1)Nc1ccc2c(c1)OCO2,43,42.2,True
MAY00001591,Maybridge1000,O=C(CSCc1cccc2ccccc12)NNC(=O)c1ccc(F)cc1,43,42.2,True
MAY00001612,Maybridge1000,CN1CCCC12NCCc1c2[nH]c2ccccc12.Cl.Cl,41,40.2,True
MAY00001630,Maybridge1000,Cl.O=C(O)CCCNCc1cccc2ccccc12,43,42.2,True
MAY00001645,Maybridge1000,O=C(CSCc1cccc2ccccc12)NNC(=S)Nc1ccccc1Cl,43,42.2,True
MAY00001656,Maybridge1000,COC(=O)C(Cc1c[nH]c2ccccc12)NC(=O)c1c(Cl)cccc1Cl,44,43.1,True
MAY00001687,Maybridge1000,Nc1nnc(Sc2cc(-n3cccc3)c(Cl)cc2[N+](=O)[O-])[nH]1,41,40.2,True
MAY00001717,Maybridge1000,Cc1ccc(OCc2nnc(SCC(=O)Nc3cccc4c3OCO4)n2-c2ccccc2)c2c1CCC2,42,41.2,True
MAY00001737,Maybridge1000,Cc1ccc(OCc2nnc(SCC(=O)c3ccc(F)cc3)n2-c2ccccc2)c2c1CCC2,44,43.1,True
MAY00001748,Maybridge1000,O=C(c1ccc(-c2ccccc2)cc1)c1cc2cc([N+](=O)[O-])ccc2o1,44,43.1,True
MAY00001768,Maybridge1000,O=C(c1cccc([N+](=O)[O-])c1)c1cc2cc(Br)cc(Br)c2o1,43,42.2,True
MAY00001785,Maybridge1000,Cc1cc(Br)c(OCC(=O)NN)c2c1CCC2,43,42.2,True
MAY00001795,Maybridge1000,C=CCn1c(S)nnc1COc1c(Br)cc(C)c2c1CCC2,42,41.2,True
MAY00001855,Maybridge1000,N#CCCN1C(=O)C2(OCCO2)c2ccccc21,43,42.2,True
MAY00001893,Maybridge1000,Cc1cc(C)c(C(=O)NCCNc2ccc(C(F)(F)F)cc2[N+](=O)[O-])c(C)c1,42,41.2,True
MAY00001914,Maybridge1000,O=C(NCCNc1ccc(C(F)(F)F)cc1[N+](=O)[O-])c1cccs1,42,41.2,True
MAY00001958,Maybridge1000,Cc1ccc(C)n1-c1ccc(C(=O)NNS(=O)(=O)c2ccc(Cl)cc2)cc1,44,43.1,True
MAY00001981,Maybridge1000,CC(C)(C)c1ccc(Oc2ncccc2NC(=O)c2ccccc2C(F)(F)F)cc1,43,42.2,True
MAY00002001,Maybridge1000,CCC(=O)Nc1cc(OC)cc(OC)c1,42,41.2,True
MAY00002020,Maybridge1000,CCCCCc1ccc(S(=O)(=O)Nc2cccnc2Oc2ccc(Cl)cc2)cc1,43,42.2,True
MAY00002104,Maybridge1000,CCOC(=O)c1ccc2nc(-c3ccccc3)cc(O)c2c1,44,43.1,True
MAY00002138,Maybridge1000,Cc1cc(C(F)(F)F)c(C#N)c(=O)[nH]1,43,42.2,True
MAY00002163,Maybridge1000,COc1ccc(C(=O)CN2CCN(c3cc(C)nc4ccccc34)CC2)cc1,42,41.2,True
MAY00002185,Maybridge1000,CCOC(=O)COc1nc(-c2cccs2)cc(C(F)(F)F)c1C#N,43,42.2,True
MAY00002199,Maybridge1000,CCOC(=O)/C(C#N)=C/Nc1ccc2c(c1)OCO2,43,42.2,True
MAY00002213,Maybridge1000,Cc1ccc2cc(NC(=O)c3ccco3)ccc2n1,43,42.2,True
MAY00002266,Maybridge1000,COC(=O)c1cccnc1Sc1ccc(C)cc1,43,42.2,True
MAY00000177,Maybridge1000,CCOC(=O)COc1ccc2c(c1)OC(C)(C)CC2=O,44,43.1,True
MAY00000752,Maybridge1000,O=C(O)CCOc1ccc(Cl)cc1,44,43.1,True
MAY00001963,Maybridge1000,CC12CCC(C1)C(C)(C)/C2=N\OC(=O)c1cccc(C(F)(F)F)c1,43,42.2,True
MAY00002161,Maybridge1000,c1ccc(-c2cc3c(nn2)CCc2nonc2-3)cc1,42,41.2,True
MAY00002346,Maybridge1000,c1ccc(Sc2c(-c3ccccc3)nc3ccccn23)cc1,42,41.2,True
MAY00002827,Maybridge1000,c1ccc(-c2cc3c(ccc4nonc43)nn2)cc1,43,42.2,True
MAY00003042,Maybridge1000,COc1ccccc1CC(=O)NC1CCN(Cc2ccccc2)CC1,42,41.2,True
MAY00003071,Maybridge1000,O=S(=O)(c1ccc(Cl)cc1)N1CCN(Cc2ccccc2)CC1,43,42.2,True
MAY00003260,Maybridge1000,CC(C)(C)NS(=O)(=O)NC(C)(C)C,43,42.2,True
MAY00003546,Maybridge1000,CNS(=O)(=O)c1cc(Br)ccc1S(=O)c1ccccc1C(=O)O,42,41.2,True
MAY00003896,Maybridge1000,Cc1ccc(Oc2ccc(C)cc2)cc1,43,42.2,True
MAY00004020,Maybridge1000,CCOC(=O)c1c(/N=C/c2cc(Br)c(Br)cc2O)sc2c1CCCC2,44,43.1,True
MAY00000091,Maybridge1000,Cl.N=C(N)NC(=N)Nc1cc(Cl)cc(Cl)c1,42,41.2,True
MAY00000327,Maybridge1000,Fc1cccc(Cl)c1Cn1nnc(N2CCCCC2)n1,43,42.2,True
MAY00000463,Maybridge1000,CCOC(=N)c1ccc(F)c(Cl)c1.Cl,43,42.2,True
MAY00000638,Maybridge1000,O=C(NNC(=S)Nc1cccc(Cl)c1)C1CC1,43,42.2,True
MAY00000679,Maybridge1000,Cl.N=C(N)NC(=N)Nc1ccccc1C(F)(F)F,43,42.2,True
MAY00000755,Maybridge1000,O=C(O)CCNC(=S)Nc1cccc(C(F)(F)F)c1,43,42.2,True
MAY00000843,Maybridge1000,Cl.N=C(N)NC(=N)Nc1ccc2c(c1)OCCO2,42,41.2,True
MAY00000946,Maybridge1000,Cc1cc(NC(=N)NC(=N)N)no1.Cl,42,41.2,True
MAY00001102,Maybridge1000,Cc1ccc(-c2nn[nH]n2)cc1Cl,43,42.2,True
MAY00001321,Maybridge1000,N=C(N)NC(=N)Nc1cc(C(F)(F)F)cc(C(F)(F)F)c1,43,42.2,True
MAY00001422,Maybridge1000,COc1ccccc1NC(=S)NCCC(=O)O,43,42.2,True
MAY00001566,Maybridge1000,CCCc1cc(=O)oc2cc(OCC(=O)OCC)ccc12,41,40.2,True
MAY00001809,Maybridge1000,CCCc1nc(-c2ccccn2)nc(O)c1CC1CC1,43,42.2,True
MAY00000039,Maybridge1000,COc1ccccc1NC(=S)NCCc1ccc(OC)c(OC)c1,43,42.2,True
MAY00000965,Maybridge1000,Sc1nc2ccccc2[nH]1,44,43.1,True
MAY00001132,Maybridge1000,Cc1ccc(Cl)cc1NC(=S)NCCO,44,43.1,True
MAY00001471,Maybridge1000,Cc1ccc(NC(=S)NCCO)c(C)c1,44,43.1,True
MAY00001709,Maybridge1000,Cc1ccc(CSC(N)=[NH2+])cc1.[Cl-],43,42.2,True
MAY00001942,Maybridge1000,COc1ccc(CCNC(=S)NCCc2ccc(OC)c(OC)c2)cc1OC,41,40.2,True
MAY00002172,Maybridge1000,O=C(NC(=S)Nc1ccccn1)c1ccccc1,43,42.2,True
MAY00002620,Maybridge1000,NC(=S)Nc1cc(Cl)ccc1Cl,43,42.2,True
MAY00003087,Maybridge1000,CCO/C=C1\SC(=S)N(CCc2ccccc2)C1=O,42,41.2,True
MAY00004126,Maybridge1000,Clc1cccc(NC2=NCCS2)c1Cl,43,42.2,True
MAY00004283,Maybridge1000,CCOc1ccc(/C=C(\C)[N+](=O)[O-])cc1OC,43,42.2,True
MAY00004546,Maybridge1000,O=C1c2ccccc2C(=O)N1CNc1ccc(N2CCOCC2)cc1,43,42.2,True
MAY00005784,Maybridge1000,S=C(NCc1ccco1)Nc1ccc(Oc2ccc(Cl)cc2)cc1,43,42.2,True
MAY00006685,Maybridge1000,O=C1CSC(c2cccnc2)N1c1ccc(Cl)cc1,43,42.2,True
MAY00007294,Maybridge1000,Cc1ccc(NC(=S)NNC(C)(C)C)cc1,44,43.1,True
MAY00008084,Maybridge1000,CCCCCCCCCCCCSc1nnc(N)s1,43,42.2,True
MAY00009416,Maybridge1000,O=C1CSC(c2cccnc2)N1c1ccc(C2CCCCC2)cc1,43,42.2,True
MAY00010015,Maybridge1000,CSc1ccc(/C=C/[N+](=O)[O-])cc1,43,42.2,True
MAY00010270,Maybridge1000,CCOC(=O)/C(C#N)=C/c1ccc(Br)cc1,43,42.2,True
MAY00010455,Maybridge1000,O=C1CSCC(=O)N1c1ccc(F)c(Cl)c1,43,42.2,True
MAY00010802,Maybridge1000,CC(C)(CC(=O)O)CC(=O)Nc1cc(C(F)(F)F)cc(C(F)(F)F)c1,43,42.2,True
MAY00010991,Maybridge1000,O=[N+]([O-])/C=C/c1ccsc1,43,42.2,True
MAY00011211,Maybridge1000,NC(=[NH2+])SCc1c(F)cccc1Cl.[Cl-],44,43.1,True
MAY00011631,Maybridge1000,O=C(O)CCS(=O)(=O)/C=C/c1ccccc1,43,42.2,True
MAY00012037,Maybridge1000,CCc1cccc(C)c1NC(=O)CC(C)(C)CC(=O)O,43,42.2,True
MAY00012245,Maybridge1000,O=C1NC(c2c(F)cccc2Cl)Nc2ccccc21,43,42.2,True
MAY00012653,Maybridge1000,COc1cc(OC)cc(N2C(=O)C=CC2=O)c1,42,41.2,True
MAY00012912,Maybridge1000,Cc1ccc(/C=C2\CCc3ccccc3C2=O)o1,42,41.2,True
MAY00013213,Maybridge1000,CCOC(=O)C1C(c2cccnc2)C(C(=O)OCC)C(O)(C(F)(F)F)NC1(O)C(F)(F)F,42,41.2,True
MAY00013835,Maybridge1000,O=C1CCCN1c1ccc(Cl)c(Cl)c1,43,42.2,True
MAY00014246,Maybridge1000,O=C1NC2(CCN(Cc3ccccc3)CC2)Oc2ccccc21,43,42.2,True
MAY00014316,Maybridge1000,CCOC(=O)CNc1ccc(F)cc1,42,41.2,True
MAY00014637,Maybridge1000,COc1ccc(CN2C(=O)CSC2c2ccccn2)cc1,42,41.2,True
MAY00014896,Maybridge1000,O=C(/C=N/Nc1ccccc1)Nc1ccccc1C(=O)O,43,42.2,True
MAY00015066,Maybridge1000,O=C1NCC/N=C(/c2ccccc2)c2ccccc21,43,42.2,True
MAY00015252,Maybridge1000,CN1CNc2c(c(=O)n(C)c(=O)n2C)C1,43,42.2,True
MAY00015337,Maybridge1000,CCCCCCCC1CC/C(=C\c2ccc(/C=C3\CCC(CCCCCCC)C3=O)cc2)C1=O,43,42.2,True
MAY00000542,Maybridge1000,c1ccc2c(c1)-c1cccc3cccc-2c13,44,43.1,True
MAY00000050,Maybridge1000,CS/C(=N\C#N)Nc1ccc(C(C)C)cc1,43,42.2,True
MAY00000146,Maybridge1000,CSc1nsc(SC)c1C(=O)NC(=O)Nc1ccc(F)cc1F,43,42.2,True
MAY00000371,Maybridge1000,CNC(=S)NNC(=N)c1ccccn1,43,42.2,True
MAY00000806,Maybridge1000,O=C(O)C1CC(=O)N(Cc2ccccc2Cl)C1,43,42.2,True
MAY00001003,Maybridge1000,NC(=S)N/N=C/c1ccc(F)c(Cl)c1,43,42.2,True
MAY00001270,Maybridge1000,COC(=O)CSc1nc2ccc(Cl)cc2s1,43,42.2,True
MAY00001371,Maybridge1000,CCOC(=O)c1cnc2n(c1=O)CCS2,43,42.2,True
MAY00001541,Maybridge1000,O=C1/C(=C/c2ccc(Cl)cc2)COc2ccc(F)cc21,43,42.2,True
MAY00001715,Maybridge1000,CCOC(=O)c1c(Nc2ccccc2)sc([N+](=O)[O-])c1N,43,42.2,True
MAY00001856,Maybridge1000,COC(=O)c1sccc1-c1ccc(C(C)=O)o1,43,42.2,True
MAY00002070,Maybridge1000,COC(=O)C1=C(C)NC(C)=C(C(=O)OC)C1c1ccc(-c2ccsc2C(=O)OC)o1,42,41.2,True
MAY00002215,Maybridge1000,CC(=O)c1ccc(-c2cccs2)s1,43,42.2,True
MAY00002349,Maybridge1000,CN(/N=C/c1ccccc1)c1ncc(C(F)(F)F)cc1Cl,42,41.2,True
MAY00002504,Maybridge1000,O=C(O)CSCC(=O)N1CCc2c([nH]c3ccccc23)C1C(F)(F)F,42,41.2,True
MAY00002722,Maybridge1000,N#Cc1sccc1Br,43,42.2,True
MAY00002826,Maybridge1000,COc1ccc(C2=C(C(C)=O)C(C)=NC(=S)C2C#N)cc1,43,42.2,True
MAY00003075,Maybridge1000,Clc1cccc(-c2csc(Nc3cccnc3)n2)c1,43,42.2,True
MAY00003166,Maybridge1000,CC(=O)c1csc([N+](=O)[O-])c1,43,42.2,True
MAY00003416,Maybridge1000,O=S(=O)(c1cc(Br)c(Br)s1)N1CCCCC1,42,41.2,True
MAY00003638,Maybridge1000,CSc1ccc(C(=O)O)s1,43,42.2,True
MAY00003816,Maybridge1000,O=C(CSc1ccc(C(F)(F)F)cn1)N1CCc2c([nH]c3ccccc23)C1C(F)(F)F,44,43.1,True
MAY00003901,Maybridge1000,N#Cc1ncc(C(F)(F)F)cc1Oc1ccc(Cl)cc1,47,46.1,True
MAY00003999,Maybridge1000,COc1ccc(C(=O)C2CCNCC2)cc1.Cl,48,47.1,True
MAY00004112,Maybridge1000,O=C(Nc1ccccc1)Nc1ccc(C(F)(F)F)cc1Br,46,45.1,True
MAY00004256,Maybridge1000,Fc1ccccc1NC(=S)Nc1ccccc1F,48,47.1,True
MAY00004342,Maybridge1000,O=C(c1ccccc1)C1CCN(c2ccc(C(F)(F)F)cc2[N+](=O)[O-])CC1,47,46.1,True
MAY00004472,Maybridge1000,CC(=O)Nc1c(C)c(C)c(C)c(C)c1NC(C)=O,47,46.1,True
MAY00004522,Maybridge1000,O=C(O)/C=C/C(=O)Nc1ccc(-n2nc(C(F)(F)F)cc2C(F)(F)F)cc1,47,46.1,True
MAY00004563,Maybridge1000,NNC(=O)c1ccccc1O,49,48.0,True
MAY00004649,Maybridge1000,COc1ccc(-c2ccc(C=C(C#N)C#N)s2)cc1,48,47.1,True
MAY00004697,Maybridge1000,NC(=S)N/N=C/c1cc(F)cc(F)c1,47,46.1,True
MAY00004746,Maybridge1000,Fc1cc(F)cc(COc2cc(Cl)cc(Cl)c2)c1,48,47.1,True
MAY00004829,Maybridge1000,Cc1cc(/C=N\NC(N)=S)c2c(C)ccc(C(C)C)cc1-2,48,47.1,True
MAY00004885,Maybridge1000,COC(=O)c1cc([N+](=O)[O-])ccc1N1CCOCC1,47,46.1,True
MAY00004929,Maybridge1000,CCOC(=O)Nc1ccsc1C(=O)OC,48,47.1,True
MAY00004954,Maybridge1000,COC(=O)CCCCCCCC(=O)Nc1ccc(Cl)cc1,47,46.1,True
MAY00004990,Maybridge1000,COc1ccc(CN(Cc2ccc(OC)cc2)C(=O)c2cccs2)cc1,48,47.1,True
MAY00005135,Maybridge1000,COC(=O)c1ccccc1-n1cccc1C(=O)OC,47,46.1,True
MAY00005179,Maybridge1000,N#CC(C#N)=Cc1ccc(-c2cc(C(F)(F)F)ccc2Cl)o1,47,46.1,True
MAY00005221,Maybridge1000,CCOC(=O)N/N=C1\C(=O)Nc2ccc(F)cc21,48,47.1,True
MAY00005251,Maybridge1000,COC(=O)c1ccc(-c2ccccc2F)cc1,48,47.1,True
MAY00005275,Maybridge1000,CC/C(=N\Oc1ccc(C(F)(F)F)cn1)c1ccc(-c2ccccc2F)cc1,47,46.1,True
MAY00005289,Maybridge1000,CN(C)/C=C1\CSc2ccc(F)cc2C1=O,46,45.1,True
MAY00005333,Maybridge1000,CC(=O)C/C(C)=N/c1ccc(C(F)(F)F)cc1,47,46.1,True
MAY00005380,Maybridge1000,Cc1nnsc1C(=O)O/N=C1\CCSc2ccc(F)cc21,47,46.1,True
MAY00005397,Maybridge1000,Cc1ccc(-c2csc(-c3ccc(Cl)cc3)n2)c(C)c1,45,44.1,True
MAY00005445,Maybridge1000,O=[N+]([O-])c1cc(C(F)(F)F)ccc1Oc1cc(C(F)(F)F)cc(C(F)(F)F)c1,45,44.1,True
MAY00005478,Maybridge1000,COc1cc(C(F)(F)F)cc(C(F)(F)F)c1C(=O)Nc1cc(C(F)(F)F)cc(C(F)(F)F)c1,47,46.1,True
MAY00005539,Maybridge1000,N#C/C(=C\c1ccc(Oc2ccccc2)nc1)S(=O)(=O)c1ccccc1,48,47.1,True
MAY00005567,Maybridge1000,O=[N+]([O-])c1ccc(N2CCCCC2)nc1N1CCCCC1,46,45.1,True
MAY00005603,Maybridge1000,COc1ccc(NC(=O)C(C)c2ccc(CC(C)C)cc2)cc1,45,44.1,True
MAY00005637,Maybridge1000,O=C(NNC(=O)c1ccc[nH]1)Nc1cc(Cl)cc(Cl)c1,48,47.1,True
MAY00005691,Maybridge1000,Cc1noc(C)c1C(=O)N1CCN(c2ncc(C(F)(F)F)cc2Cl)CC1,46,45.1,True
MAY00005714,Maybridge1000,Cc1noc(C)c1NC(N)=O,48,47.1,True
MAY00005774,Maybridge1000,COc1cccc(-c2nc(C#N)c(N)o2)c1,48,47.1,True
MAY00005823,Maybridge1000,COc1ccc(NS(=O)(=O)c2c(C)noc2C)cc1,46,45.1,True
MAY00005862,Maybridge1000,Cc1noc(C)c1C(=O)N1CCOCC1,46,45.1,True
MAY00005878,Maybridge1000,COc1cc(NC(=O)NS(=O)(=O)c2ccc(C)cc2)cc(C(F)(F)F)c1,46,45.1,True
MAY00005895,Maybridge1000,COc1cc(NC(=O)Nc2ccc(OC(F)(F)F)cc2)cc(C(F)(F)F)c1,46,45.1,True
MAY00005907,Maybridge1000,CC(C)(C)C(=O)N1CCN(c2ncccc2C(F)(F)F)CC1,46,45.1,True
MAY00005964,Maybridge1000,Cc1onc(-c2c(Cl)cccc2Cl)c1C(=O)N1CCN(c2ncccc2C(F)(F)F)CC1,45,44.1,True
MAY00005989,Maybridge1000,Cc1noc(C)c1-c1nc(-c2cc(C(F)(F)F)cc(C(F)(F)F)c2)no1,49,48.0,True
MAY00006005,Maybridge1000,O=C(NC1CCCCC1)N1CCN(c2ncccc2C(F)(F)F)CC1,47,46.1,True
MAY00006018,Maybridge1000,COc1ccccc1N1CCN(S(=O)(=O)c2ccc(C(F)(F)F)cc2)CC1,47,46.1,True
MAY00006028,Maybridge1000,Cc1cc(C)cc(NC(=S)N2CCN(c3ncc(C(F)(F)F)cc3Cl)CC2)c1,47,46.1,True
MAY00006041,Maybridge1000,FC(F)(F)c1cnc(N2CCN(C(=S)Nc3ccccc3)CC2)c(Cl)c1,47,46.1,True
MAY00006061,Maybridge1000,CCN(CC)c1ccc(NC(=O)c2c(F)cccc2F)c(N(CC)CC)n1,47,46.1,True
MAY00006091,Maybridge1000,COc1ccccc1N1CCN(S(=O)(=O)c2cc(C)c(Cl)cc2C)CC1,49,48.0,True
MAY00006103,Maybridge1000,CC(C)c1ccccc1NC(=S)N1CCN(c2ncc(C(F)(F)F)cc2Cl)CC1,48,47.1,True
MAY00006119,Maybridge1000,O=C(Nc1ccc(Cl)cc1)N1CCN(c2ncccc2C(F)(F)F)CC1,46,45.1,True
MAY00006137,Maybridge1000,COc1ccccc1N1CCN(C(=O)Nc2cc(Cl)cc(Cl)c2)CC1,49,48.0,True
MAY00006154,Maybridge1000,COc1cc(NC(=S)N2CCN(c3ccccc3OC)CC2)c(OC)cc1Cl,50,49.0,True
MAY00006222,Maybridge1000,O=C(COc1ccc2c(c1)OCO2)N1CCN(c2ncc(C(F)(F)F)cc2Cl)CC1,47,46.1,True
MAY00006252,Maybridge1000,O=S(=O)(c1ccc(Cl)c(Cl)c1)N1CCN(c2ccc(C(F)(F)F)cn2)CC1,47,46.1,True
MAY00006266,Maybridge1000,O=C(c1ccc(Cl)cc1)N1CCN(c2ccc(C(F)(F)F)cn2)CC1,45,44.1,True
MAY00006338,Maybridge1000,N#C/C(=C\c1cccn1-c1ccc(OC(F)(F)F)cc1)S(=O)(=O)c1ccccc1,48,47.1,True
MAY00006362,Maybridge1000,O=C(NCCSCc1ccc(Cl)cc1)c1ccc(Cl)cc1,48,47.1,True
MAY00006400,Maybridge1000,O=[N+]([O-])c1ccc(Oc2cccc3cccnc23)cc1,46,45.1,True
MAY00006430,Maybridge1000,CC(C)(C)c1ccc(NC(=O)Cc2cc(F)cc(F)c2)cc1,47,46.1,True
MAY00006449,Maybridge1000,Cc1cc(C)c(CSCCNC(=O)Nc2ccc(F)cc2F)c(C)c1,47,46.1,True
MAY00006489,Maybridge1000,Cc1ccc(-n2cccc2)c(NC(=S)Nc2ccc(Br)cc2OC(F)(F)F)c1,47,46.1,True
MAY00006533,Maybridge1000,COc1ccccc1NC(=O)NCCSCc1ccccc1Cl,49,48.0,True
MAY00006579,Maybridge1000,CC(C)(C)c1cc(C(C)(C)C)n(-c2ccc(/N=C\c3cc(Br)cc(Br)c3O)cc2)n1,46,45.1,True
MAY00000007,Maybridge1000,COC(=O)c1c(C)[nH]c(C)c1C(C)=O,47,46.1,True
MAY00000082,Maybridge1000,CCOC(=O)c1cc(-c2ccc(N)cc2)oc1C,48,47.1,True
MAY00000294,Maybridge1000,Cc1c(C(=O)O)cc(-c2ccccc2)n1-c1ccccc1,47,46.1,True
MAY00000404,Maybridge1000,CC(C)(C)c1cc(-c2csc(-c3ccc(Cl)cc3)n2)cc(C(C)(C)C)c1O,47,46.1,True
MAY00000427,Maybridge1000,Cc1ccc(-c2csc(-c3ccc(Oc4ccc(C(F)(F)F)cn4)cc3)n2)c(C)c1,45,44.1,True
MAY00000444,Maybridge1000,N#Cc1ccc(-c2csc(-c3ccc(Oc4ccc(C(F)(F)F)cn4)cc3)n2)cc1,46,45.1,True
MAY00000455,Maybridge1000,COC(=O)CSCCc1nc(-c2ccc([N+](=O)[O-])cc2)cs1,48,47.1,True
MAY00000499,Maybridge1000,FC(F)(F)c1ccc(-c2nc(-c3ccc4c(c3)OCCCO4)cs2)cc1,47,46.1,True
MAY00000766,Maybridge1000,CCCc1ccc(-c2nc(-c3ccc(C)cc3)no2)cc1,47,46.1,True
MAY00001024,Maybridge1000,Cc1ccc(-n2nc(-c3ccc(OC(F)(F)F)cc3)cc2NC(=O)Nc2ccc(OC(F)(F)F)cc2)cc1C,47,46.1,True
MAY00001364,Maybridge1000,Cc1oc(S(=O)(=O)N(C)C)cc1C(=O)O,48,47.1,True
MAY00000199,Maybridge1000,COc1c(Br)cc(/C(N)=N/OC(=O)c2c(-c3c(Cl)cccc3Cl)noc2C)cc1Br,48,47.1,True
MAY00000370,Maybridge1000,N#CCOc1ccc(Cl)cc1Cl,48,47.1,True
MAY00000668,Maybridge1000,CC(C)(C)c1ccc(-c2nnc(S)n2-c2cccc(C(F)(F)F)c2)cc1,47,46.1,True
MAY00000822,Maybridge1000,N/C(Cc1cccc2ccccc12)=N\O,49,48.0,True
MAY00000887,Maybridge1000,Nc1n[nH]c(Sc2ccc(C(F)(F)F)cc2[N+](=O)[O-])n1,47,46.1,True
MAY00000989,Maybridge1000,O=C(NC(=S)Nc1ccc(Cl)cc1)c1ccc([N+](=O)[O-])o1,47,46.1,True
MAY00001113,Maybridge1000,N/C(=N\OC(=O)C(Cl)Cl)c1cccc(Cl)c1Cl,47,46.1,True
MAY00001227,Maybridge1000,CC(C)(C)c1cc(C(=O)NN)[nH]n1,47,46.1,True
MAY00001326,Maybridge1000,NC(=S)COc1ccccc1Cl,48,47.1,True
MAY00001840,Maybridge1000,CCn1nc(C)cc1C(=O)O,47,46.1,True
MAY00001987,Maybridge1000,CCCCCn1c(O)nnc1Sc1ncc([N+](=O)[O-])s1,47,46.1,True
MAY00002088,Maybridge1000,Cc1cccc(Cn2c(C)c(C)c(S(=O)(=O)c3ccccc3)c2N)c1C,47,46.1,True
MAY00002239,Maybridge1000,CCCS(=O)(=O)c1c(C)c(C)n(Cc2ccccc2)c1N,47,46.1,True
MAY00002320,Maybridge1000,Cc1nc(-c2nnc(Sc3ccc(C(F)(F)F)cc3[N+](=O)[O-])n2C)cs1,46,45.1,True
MAY00002402,Maybridge1000,NC(=S)N/N=C/c1cccs1,46,45.1,True
MAY00002495,Maybridge1000,CCOC(=O)c1sc(-c2ccc(C)cc2)nc1O,46,45.1,True
MAY00002572,Maybridge1000,NC(=S)CS(=O)(=O)c1ccc(C(F)(F)F)cc1,47,46.1,True
MAY00002706,Maybridge1000,N/C(=N\O)c1csc(-c2ccc(F)cc2F)n1,46,45.1,True
MAY00003008,Maybridge1000,CCOC(=O)c1ccc(Oc2ncc(C(F)(F)F)cc2Cl)cc1,48,47.1,True
MAY00003041,Maybridge1000,FC(F)(F)Oc1ccc(-c2noc(CSc3ccc(Br)cc3)n2)cc1,48,47.1,True
MAY00003171,Maybridge1000,FC(F)(F)c1ccc(-n2cncn2)nc1,46,45.1,True
MAY00003333,Maybridge1000,NC(=S)N/N=C/c1ccccc1,46,45.1,True
MAY00003698,Maybridge1000,CC(=O)c1csc(-c2ccc(C(F)(F)F)cc2)n1,47,46.1,True
MAY00004026,Maybridge1000,CC(C)(C)c1nccc(-c2nn(-c3ccc(F)cc3)ccc2=O)n1,46,45.1,True
MAY00004065,Maybridge1000,CCOC(=O)CSc1nc2cc(C(F)(F)F)cnc2n1C,47,46.1,True
MAY00004117,Maybridge1000,CC(=O)/C(=C\N(C)C)Sc1ccc(Cl)cc1,47,46.1,True
MAY00004265,Maybridge1000,COC(OC)c1ccc(C#N)c(S)n1,46,45.1,True
MAY00004584,Maybridge1000,Cc1nc(N)ncc1Sc1ccccc1,48,47.1,True
MAY00004930,Maybridge1000,COC(OC)c1cc(O)nc(S)n1,48,47.1,True
MAY00004977,Maybridge1000,Cc1onc(-c2ccc(Cl)cc2)c1-c1ccnn1C(=O)NC(C)C,47,46.1,True
MAY00005312,Maybridge1000,Cc1noc(N)c1C(N)=S,48,47.1,True
MAY00005610,Maybridge1000,C/C(=N\O)c1sc2nc(C(F)(F)F)nn2c1C,48,47.1,True
MAY00005789,Maybridge1000,N#Cc1ccc(Oc2ccc(Cl)cc2)nc1,47,46.1,True
MAY00005973,Maybridge1000,NC(=S)c1ccc(Oc2ccc(Cl)cc2)nc1,47,46.1,True
MAY00006323,Maybridge1000,OC(c1ccccc1)(c1ccccc1)c1ccncc1,48,47.1,True
MAY00006502,Maybridge1000,Cc1nc(C(F)(F)F)nc(Sc2nnc(-c3cc(Cl)cc(Cl)c3)[nH]2)c1C,46,45.1,True
MAY00006722,Maybridge1000,N#Cc1cccc(Cn2c(=O)oc3ccccc32)c1,48,47.1,True
MAY00006875,Maybridge1000,CC(C)(C)NC(=O)N1CCN(c2nc3ccc(Cl)cc3s2)CC1,48,47.1,True
MAY00007338,Maybridge1000,Cc1ccc(/C(N)=N/O)cc1F,48,47.1,True
MAY00007687,Maybridge1000,NNC(=S)Nc1ccc(C(F)(F)F)cc1,47,46.1,True
MAY00007883,Maybridge1000,Sc1nnc(-c2ccco2)n1-c1ccc2c(c1)OCCO2,47,46.1,True
MAY00007973,Maybridge1000,CCOC(=O)c1ccc(Oc2ccc(Cl)cc2Cl)c([N+](=O)[O-])c1,47,46.1,True
MAY00008002,Maybridge1000,COc1ccc(OCC(N)=O)cc1,47,46.1,True
MAY00008046,Maybridge1000,Fc1cccc(Cl)c1CSc1nncn1-c1ccc(OCc2ccccc2)cc1,45,44.1,True
MAY00008079,Maybridge1000,CC(=O)N/C(=C/c1ccc2c(c1)OCO2)C(=O)O,50,49.0,True
MAY00008112,Maybridge1000,Cc1cccc(Cn2nc(C(C)(C)C)cc2C(=O)O)c1,46,45.1,True
MAY00008126,Maybridge1000,CC(C)(C)c1cc(C(=O)NNC(=O)c2cc(C(F)(F)F)cc(C(F)(F)F)c2)n(Cc2ccc(F)cc2)n1,47,46.1,True
MAY00008185,Maybridge1000,CCOC(=O)CSc1nnc(-c2cc(C(C)(C)C)nn2Cc2cccc(C)c2)n1C1CCCCC1,46,45.1,True
MAY00008212,Maybridge1000,O=C(NCCCCO)OCC1c2ccccc2-c2ccccc21,48,47.1,True
MAY00008222,Maybridge1000,Cc1onc(-c2c(Cl)cccc2Cl)c1-c1nc(-c2ccc3c(c2)OCCO3)cs1,48,47.1,True
MAY00008316,Maybridge1000,Cc1cc(S(=O)(=O)NC(Cc2ccc([N+](=O)[O-])cc2)C(=O)O)c(Cl)cc1Cl,48,47.1,True
MAY00008366,Maybridge1000,O=C(Nc1ccc(Cl)c(Cl)c1)c1ccccc1,48,47.1,True
MAY00008377,Maybridge1000,O=C(Nc1cccnc1)c1cccc(Cl)c1Cl,47,46.1,True
MAY00008389,Maybridge1000,COc1ccc(NC(=O)c2cc(C(F)(F)F)cc(C(F)(F)F)c2)cn1,47,46.1,True
MAY00008441,Maybridge1000,CC(C)(C)NC(=S)NC1CCN(Cc2ccccc2)CC1,48,47.1,True
MAY00000042,Maybridge1000,O=C(O)CCc1nc(-c2ccccc2)c(-c2ccccc2)o1,49,48.0,True
MAY00000055,Maybridge1000,CCN(C(=S)Nc1ccc(OC)cc1)c1ccccc1,48,47.1,True
MAY00000028,Maybridge1000,CC(C)(C)OC(=O)NC1CCN(C(=O)c2ccc(Cl)cc2Cl)CC1,46,45.1,True
MAY00000013,Maybridge1000,Cn1c(=S)[nH]c2cc(C(F)(F)F)ccc21,48,47.1,True
MAY00000206,Maybridge1000,FC(F)(F)c1cccc(CSc2nnc(S)s2)c1,47,46.1,True
MAY00000406,Maybridge1000,O=C1CCC(=O)N1CNc1ccccc1OC(F)(F)F,47,46.1,True
MAY00000639,Maybridge1000,CCc1ccccc1NC(C)=O,49,48.0,True
MAY00000729,Maybridge1000,C/C(=N\O)c1ccc2c(c1)C(C)(C)CCC2(C)C,48,47.1,True
MAY00000786,Maybridge1000,CCSc1nnc(N)s1,48,47.1,True
MAY00000816,Maybridge1000,O=[N+]([O-])c1ccc(S(=O)(=O)N2CCCCC2)cc1,46,45.1,True
MAY00000858,Maybridge1000,CCCc1ccc(/C(C)=N/O)cc1,49,48.0,True
MAY00000951,Maybridge1000,CC(C)(C)OC(=O)N1CCC(C(N)=O)CC1,47,46.1,True
MAY00000138,Maybridge1000,Cc1ccc(Sc2ccc([N+](=O)[O-])cc2/C=C2\SC(=S)NC2=O)cc1,46,45.1,True
MAY00000107,Maybridge1000,N#CC(c1ccccc1)N1CCCCC1,49,48.0,True
MAY00000205,Maybridge1000,CCOC(=O)c1nc(-c2ccccc2)sc1C(=O)OCC,48,47.1,True
MAY00000245,Maybridge1000,S=C(NCc1ccccc1)Nc1ccc(Cl)c(Cl)c1,48,47.1,True
MAY00000296,Maybridge1000,CCCC(CC(=O)O)(C(=O)O)c1ccccc1,47,46.1,True
MAY00000322,Maybridge1000,O=C1CC(Nc2ccccc2)C=C1Nc1ccccc1,47,46.1,True
LOP00000001,Lopac,C[N+]1(C)C2CCC1CC(OC(=O)C(CO)c1ccccc1)C2.O=[N+]([O-])[O-],49,48.0,True
LOP00000002,Lopac,CCn1c(=O)c2[nH]c(-c3ccccc3)nc2n(CC)c1=O,47,46.1,True
LOP00000003,Lopac,CC1C(=O)N(C)C(=O)c2[nH]cnc21,45,44.1,True
LOP00000004,Lopac,Cn1c(=O)[nH]c2ncn(C)c2c1=O,45,44.1,True
LOP00000005,Lopac,Cn1cnc2c1c(=O)[nH]c(=O)n2C,46,45.1,True
LOP00000006,Lopac,CC(C)Cn1c(=O)n(C)c(=O)c2[nH]cnc21,47,46.1,True
LOP00000007,Lopac,CC(Cc1ccccc1)Nc1ncnc2c1ncn2C1OC(CO)C(O)C1O,47,46.1,True
LOP00000008,Lopac,Cn1c(=O)c2c(ncn2C)n(C)c1=O,46,45.1,True
LOP00000009,Lopac,Cn1c(=O)c2[nH]c(-c3ccc(S(=O)(=O)O)cc3)nc2n(C)c1=O,48,47.1,True
LOP00000010,Lopac,CCNC(=O)C1OC(n2cnc3c(N)ncnc32)C(O)C1O,49,48.0,True
LOP00000011,Lopac,Nc1ncnc2c1ncn2C1OC(CO)C(O)C1O,48,47.1,True
LOP00000012,Lopac,OCC1OC(n2cnc3c(NC4CCCC4)ncnc32)C(O)C1O,48,47.1,True
LOP00000013,Lopac,CCCn1c(=O)[nH]c(=O)c2[nH]cnc21,46,45.1,True
LOP00000014,Lopac,Nc1nc(Cl)nc2c1ncn2C1OC(CO)C(O)C1O,47,46.1,True
LOP00000015,Lopac,CSc1nc(N)c2ncn(C3OC(COP(=O)([O-])OP(=O)([O-])OP(=O)([O-])[O-])C(O)C3O)c2n1.[Na+].[Na+].[Na+].[Na+],48,47.1,True
LOP00000016,Lopac,CNC(=O)C1OC(n2cnc3c(N)ncnc32)C(O)C1O,48,47.1,True
LOP00000017,Lopac,CC(=O)NC(Cc1c[nH]c2ccccc12)C(=O)OCc1cc(C(F)(F)F)cc(C(F)(F)F)c1,48,47.1,True
LOP00000018,Lopac,Cn1c(=O)c2[nH]cnc2n(C)c1=O.Cn1c(=O)c2[nH]cnc2n(C)c1=O.NCCN,47,46.1,True
LOP00000019,Lopac,NCCNC(=O)Cc1ccc(NC(=O)Cc2ccc(Nc3ncnc4c3ncn4C3OC(CO)C(O)C3O)cc2)cc1,47,46.1,True
LOP00000020,Lopac,C=CCn1c(=O)c2c(nc(-c3ccc(S(=O)(=O)O)cc3)n2C)n(C)c1=O,47,46.1,True
LOP00000021,Lopac,CNC(=O)C1OC(n2cnc3c(NCc4ccc(N)cc4)ncnc32)C(O)C1O,47,46.1,True
LOP00000022,Lopac,O=c1[nH]c(=O)c2nc3ccccc3nc2[nH]1,46,45.1,True
LOP00000023,Lopac,Nc1ccc2c3c(cccc13)C(=O)NC2=O,46,45.1,True
LOP00000024,Lopac,CCNC(=O)C1OC(n2cnc3c(NCc4ccccc4)ncnc32)C(O)C1O,48,47.1,True
LOP00000025,Lopac,CCCn1c(=O)c2[nH]c(C3CCCC3)nc2n(CCC)c1=O,46,45.1,True
LOP00000026,Lopac,Nc1ncnc2c1ncn2C1OC(C(=O)NC2CC2)C(O)C1O,48,47.1,True
LOP00000027,Lopac,CCNC(=O)C1OC(n2cnc3c(N)nc(NCCc4ccc(CCC(=O)O)cc4)nc32)C(O)C1O.Cl,48,47.1,True
LOP00000028,Lopac,CC(N)C1CCC(C(=O)Nc2ccncc2)CC1.Cl.Cl,48,47.1,True
LOP00000029,Lopac,Nc1nc(Cl)nc2c1ncn2C1OC(COP(=O)([O-])OP(=O)([O-])OP(=O)([O-])[O-])C(O)C1O.[Na+].[Na+].[Na+].[Na+],47,46.1,True
LOP00000030,Lopac,CCCNC(=O)NS(=O)(=O)c1ccc(Cl)cc1,49,48.0,True
LOP00000031,Lopac,O=c1[nH]c2cc(Cl)ccc2o1,47,46.1,True
LOP00000032,Lopac,CN1C(=O)CCS(=O)(=O)C1c1ccc(Cl)cc1,47,46.1,True
LOP00000033,Lopac,Cn1c(=O)c2c(nc(/C=C/c3cccc(Cl)c3)n2C)n(C)c1=O,47,46.1,True
LOP00000034,Lopac,Nc1nc2ccc(Cl)cc2c2nc(-c3ccco3)nn12,48,47.1,True
LOP00000035,Lopac,OCCN(CCO)c1nc(N2CCCCC2)c2nc(N(CCO)CCO)nc(N3CCCCC3)c2n1,47,46.1,True
LOP00000036,Lopac,CC(C)N(CCC(C(N)=O)(c1ccccc1)c1ccccn1)C(C)C.O=P(O)(O)O,47,46.1,True
LOP00000037,Lopac,O=C1N=C([O-])NC1(c1ccccc1)c1ccccc1.[Na+],48,47.1,True
LOP00000038,Lopac,C#CC1(O)CCC2C3CCC4=Cc5oncc5CC4(C)C3CCC21C,46,45.1,True
LOP00000039,Lopac,COc1cc(OC)cc(C(CNc2ncnc3c2ncn3C2OC(CO)C(O)C2O)c2ccccc2C)c1,48,47.1,True
LOP00000040,Lopac,N=C([NH3+])N1CCc2ccccc2C1.N=C([NH3+])N1CCc2ccccc2C1.O=S(=O)([O-])[O-],48,47.1,True
LOP00000041,Lopac,Nc1ncnc2c1ncn2C1OC(COP(=O)([O-])OP(=O)([O-])OP(=O)([O-])OP(=O)(O)OCC2OC(n3cnc4c(N)ncnc43)C(O)C2O)C(O)C1O.[NH4+].[NH4+].[NH4+],48,47.1,True
LOP00000042,Lopac,O=C(Cc1ccccc1Nc1c(Cl)cccc1Cl)[O][Na],47,46.1,True
LOP00000043,Lopac,CCCCCCC(C(C)O)n1cnc2c(N)ncnc21.Cl,47,46.1,True
LOP00000044,Lopac,NS(=O)Oc1cc(C(=O)O)c(NCc2ccco2)cc1Cl,48,47.1,True
LOP00000045,Lopac,CC(C)Cc1ccc(C(C)C(=O)O)cc1,47,46.1,True
LOP00000046,Lopac,CC(C)NC(C)Cc1ccc(I)cc1.Cl,47,46.1,True
LOP00000047,Lopac,CNC(=O)C1OC(n2cnc3c(NCc4cccc(I)c4)ncnc32)C(O)C1O,48,47.1,True
LOP00000048,Lopac,CCN(CC)CC(=O)Nc1c(C)cccc1C.Cl,47,46.1,True
LOP00000049,Lopac,CN1CCN(C2=Nc3ccccc3Oc3ccc(Cl)cc32)CC1.O=C(O)CCC(=O)O,48,47.1,True
LOP00000050,Lopac,CNc1ncnc2c1ncn2C1OC(CO)C(O)C1O,47,46.1,True
LOP00000051,Lopac,Cc1ccccc1N1C(=O)c2cc(S(=O)ON)c(Cl)cc2NC1C,48,47.1,True
LOP00000052,Lopac,Nc1ncnc2c1ncn2C1OC(COP(=O)(O)CP(=O)(O)OP(=O)([O-])[O-])C(O)C1O.[Li+].[Li+],48,47.1,True
LOP00000053,Lopac,CC1=C(/C=C/C(C)=C/C=C/C(C)=C\C=C\C=C(C)/C=C/C=C(C)/C=C/C2=C(C)C(O)C(=O)CC2(C)C)C(C)(C)CC(=O)C1O,46,45.1,True
LOP00000054,Lopac,Nc1ccc(CCNc2ncnc3c2ncn3C2OC(CO)C(O)C2O)cc1,47,46.1,True
LOP00000055,Lopac,Cc1ccccc1CNc1ncnc2c1ncn2C1OC(CO)C(O)C1O,55,53.9,True
LOP00000056,Lopac,O=[N+]([O-])c1ccc(CSc2ncnc3c2ncn3C2OC(CO)C(O)C2O)cc1,55,53.9,True
LOP00000057,Lopac,Nc1nc(SCc2ccc([N+](=O)[O-])cc2)c2ncn(C3OC(CO)C(O)C3O)c2n1,55,53.9,True
LOP00000058,Lopac,Cn1cnc2c(NC3CCCC3)ncnc21,54,52.9,True
LOP00000059,Lopac,Nc1nc2[nH]c(=O)cnc2c(=O)[nH]1,55,53.9,True
LOP00000060,Lopac,CCCn1c(=O)c2[nH]c(-c3ccc(S(=O)(=O)O)cc3)nc2n(CCC)c1=O,55,53.9,True
LOP00000061,Lopac,Nc1nc(Nc2ccccc2)nc2c1ncn2C1OC(CO)C(O)C1O,55,53.9,True
LOP00000062,Lopac,OCC1OC(n2cnc3c(NCCc4ccccc4)ncnc32)C(O)C1O,55,53.9,True
LOP00000063,Lopac,OCC1OC(n2cnc3c(Nc4ccccc4)ncnc32)C(O)C1O,55,53.9,True
LOP00000064,Lopac,CCCCC1C(=O)N(c2ccccc2)N(c2ccccc2)C1=O,54,52.9,True
LOP00000065,Lopac,Cn1c(=O)c2[nH]c(C3CCCC3)nc2n(C)c1=O,55,53.9,True
LOP00000066,Lopac,COc1cc(C2c3cc4c(cc3C(O)C3COC(=O)C23)OCO4)cc(OC)c1OC,54,52.9,True
LOP00000067,Lopac,CCC1(c2ccccc2)C(=O)NCNC1=O,54,52.9,True
LOP00000068,Lopac,Cc1nc(/N=N/c2ccc(S(=O)(=O)[O-])cc2S(=O)(=O)[O-])c(COP(=O)([O-])[O-])c(C=O)c1O.[Na+].[Na+].[Na+].[Na+],54,52.9,True
LOP00000069,Lopac,C=CC1CN2CCC1CC2C(O)c1ccnc2ccc(OC)cc12.C=CC1CN2CCC1CC2C(O)c1ccnc2ccc(OC)cc12.O=S(=O)(O)O,53,52.0,True
LOP00000070,Lopac,CCc1cccc(N(C)C(=N)Nc2cccc3ccccc23)c1.Cl,55,53.9,True
LOP00000071,Lopac,CC(=O)SC1CC2=CC(=O)CCC2(C)C2CCC3(C)C(CCC34CCC(=O)O4)C12,54,52.9,True
LOP00000072,Lopac,CC1=C(CC(=O)O)c2cc(F)ccc2/C1=C\c1ccc(S(C)=O)cc1,53,52.0,True
LOP00000073,Lopac,Cc1ccc(C(=O)Nc2ccc(S(=O)(=O)[O-])c3cc(S(=O)(=O)[O-])cc(S(=O)(=O)[O-])c23)cc1NC(=O)c1cccc(NC(=O)Nc2cccc(C(=O)Nc3cc(C(=O)Nc4ccc(S(=O)(=O)[O-])c5cc(S(=O)(=O)[O-])cc(S(=O)(=O)[O-])c45)ccc3C)c2)c1.[Na+].[Na+].[Na+].[Na+].[Na+].[Na+],53,52.0,True
LOP00000074,Lopac,CCCCNc1c(C(=O)OCC)c(C)nc2c1cnn2CC,54,52.9,True
LOP00000075,Lopac,CCCCNc1ccc(C(=O)OCCN(C)C)cc1.Cl,55,53.9,True
LOP00000076,Lopac,Cc1ccc(S(=O)(=O)NC(=O)NN2CCCCCC2)cc1,55,53.9,True
LOP00000077,Lopac,CCCCNC(=O)NS(=O)(=O)c1ccc(C)cc1,55,53.9,True
LOP00000078,Lopac,COc1cc(C(O)C(=O)O)ccc1O,53,52.0,True
LOP00000079,Lopac,CCCC(CCC)C(=O)[O-].[Na+],55,53.9,True
LOP00000080,Lopac,CCCn1c(=O)c2[nH]c(-c3ccc(OCC(=O)NCCN)cc3)nc2n(CCC)c1=O,55,53.9,True
LOP00000081,Lopac,CC(C)(C)NCC(O)c1ccc(O)c(CO)c1.CC(C)(C)NCC(O)c1ccc(O)c(CO)c1.O=S(=O)(O)O,55,53.9,True
LOP00000082,Lopac,C=CCc1ccccc1OCC(O)CNC(C)C.Cl,55,53.9,True
LOP00000083,Lopac,CC(C)NCC(O)COc1ccc(CC(N)=O)cc1,54,52.9,True
LOP00000084,Lopac,N=C(N)NCCCCN.O=S(=O)(O)O,55,53.9,True
LOP00000085,Lopac,CC(C)C1C2CCC(C2)C1N.Cl,55,53.9,True
LOP00000086,Lopac,Cl.Clc1cccc(Cl)c1N=C1NCCN1,54,52.9,True
LOP00000087,Lopac,Cl.Nc1cc(Cl)c(N=C2NCCN2)c(Cl)c1,54,52.9,True
LOP00000088,Lopac,C1COC(NC(C2CC2)C2CC2)=N1,55,53.9,True
LOP00000089,Lopac,CCN(CCCl)Cc1ccccc1Br.Cl,55,53.9,True
LOP00000090,Lopac,C#CCn1c(=O)c2c(ncn2C)n(C)c1=O,55,53.9,True
LOP00000091,Lopac,COc1cc(C(O)CO)ccc1OS(=O)(=O)[O-].[K+],54,52.9,True
LOP00000092,Lopac,Cl.NCC(O)c1cc(O)c(O)cc1F,55,53.9,True
LOP00000093,Lopac,CN1CCc2cc3c(cc2C1C1OC(=O)c2c1ccc1c2OCO1)OCO3,55,53.9,True
LOP00000094,Lopac,COc1cccc(OC)c1OCCNCC1CSc2ccccc2O1.Cl,55,53.9,True
LOP00000095,Lopac,CC/N=N\CC.COc1cc(C(O)CO)ccc1O.COc1cc(C(O)CO)ccc1O,55,53.9,True
LOP00000096,Lopac,COc1cccc(OC)c1OCCNCC1COc2ccccc2O1.Cl,55,53.9,True
LOP00000097,Lopac,CC(COc1ccccc1)N(CCCl)Cc1ccccc1.Cl,54,52.9,True
LOP00000098,Lopac,CC[N+](C)(C)Cc1ccccc1Br.Cc1ccc(S(=O)(=O)[O-])cc1,55,53.9,True
LOP00000099,Lopac,Cl.c1ccc2nc(C3=NCCN3)ccc2c1,54,52.9,True
LOP00000100,Lopac,CCN1CCc2nc(N)oc2CC1.Cl.Cl,54,52.9,True
LOP00000101,Lopac,Cl.c1ccc(CN(Cc2ncc[nH]2)c2ccccc2)cc1,55,53.9,True
LOP00000102,Lopac,CC(Cc1ccc(OCC(=O)[O][Na])cc1)NCC(O)c1cccc(Cl)c1,55,53.9,True
LOP00000103,Lopac,CN1CCN(c2nc3cc(C(F)(F)F)ccc3n3cccc23)CC1.O=C(O)/C=C\C(=O)O,55,53.9,True
LOP00000104,Lopac,CNC(=NC#N)NCCSCc1nc[nH]c1C,55,53.9,True
LOP00000105,Lopac,CN(C)CCC(c1ccc(Cl)cc1)c1ccccn1.O=C(O)/C=C\C(=O)O,55,53.9,True
LOP00000106,Lopac,CC(C)(C)NCC(O)COc1cccc2[nH]c(=O)[nH]c12.Cl,55,53.9,True
LOP00000107,Lopac,CN(C)CCC(c1ccccc1)c1ccccn1.O=C(O)/C=C\C(=O)O,54,52.9,True
LOP00000108,Lopac,Cl.c1ccc(C2CC2)c(OCC2=NCCN2)c1,55,53.9,True
LOP00000111,Lopac,CN(C)CCOC(c1ccccc1)c1ccccc1.Cl,55,53.9,True
LOP00000112,Lopac,CC(CCc1ccc(O)cc1)NCCc1ccc(O)c(O)c1.Cl,55,53.9,True
LOP00000113,Lopac,CC(C)NCC(O)c1ccc(O)c(O)c1.O=C(O)C(O)C(O)C(=O)O,55,53.9,True
LOP00000114,Lopac,CNCC(O)c1ccc(O)c(O)c1.O=C(O)C(O)C(O)C(=O)O,55,53.9,True
LOP00000115,Lopac,CC(C)NCC(O)c1ccc(O)c(O)c1.O=C(O)C(O)C(O)C(=O)O,55,53.9,True
LOP00000116,Lopac,CC(=O)O.N=C(N)N/N=C/c1c(Cl)cccc1Cl,55,53.9,True
LOP00000117,Lopac,Cl.NC(Cc1c[nH]cn1)C(=O)O,55,53.9,True
LOP00000118,Lopac,Cl.Cl.NCCc1c[nH]cn1,55,53.9,True
LOP00000119,Lopac,CC(N)Cc1c[nH]cn1.Cl.Cl,55,53.9,True
LOP00000120,Lopac,CC(C)(C)c1ccc(C(O)CCCN2CCC(C(O)(c3ccccc3)c3ccccc3)CC2)cc1,54,52.9,True
LOP00000121,Lopac,CC(C)NCC(O)c1ccc(O)c(O)c1.Cl,55,53.9,True
LOP00000122,Lopac,Cl.Clc1cc(I)cc(Cl)c1N=C1NCCN1,54,52.9,True
LOP00000124,Lopac,Cc1ccc(OCC(O)C(C)NC(C)C)c2c1CCC2.Cl,55,53.9,True
LOP00000125,Lopac,Br.Br.N=C(N)SCCc1c[nH]cn1,55,53.9,True
LOP00000126,Lopac,CC(C)NCC(O)COc1ccc(CC(N)=O)cc1,54,52.9,True
LOP00000127,Lopac,CC(N)C(O)c1ccc(O)c(O)c1,55,53.9,True
LOP00000128,Lopac,COc1ccc(OC)c(C(O)C(C)N)c1.Cl,55,53.9,True
LOP00000129,Lopac,COc1cc(C(O)CN)ccc1O.Cl,54,52.9,True
LOP00000130,Lopac,NCC(O)c1ccc(O)c(O)c1.O=C(O)C(O)C(O)C(=O)O,55,53.9,True
LOP00000132,Lopac,CNCCC(Oc1ccccc1OC)c1ccccc1.Cl,55,53.9,True
LOP00000133,Lopac,CC(CCc1ccccc1)NC(C)C(O)c1ccc(O)cc1.Cl,55,53.9,True
LOP00000134,Lopac,COc1ccccc1N1CCN(CC(O)COc2cccc3ccccc23)CC1.Cl.Cl,53,52.0,True
LOP00000135,Lopac,Cl.NCC(O)c1ccc(O)cc1,55,53.9,True
LOP00000136,Lopac,Cc1cc(C(C)(C)C)c(O)c(C)c1CC1=NCCN1.Cl,55,53.9,True
LOP00000138,Lopac,CC1(NCC(O)COc2cccc3[nH]ccc23)CCC(C(C)(C)NC(=O)CBr)CC1,54,52.9,True
LOP00000139,Lopac,CN/C(=N\c1ccc(C2=NNC(=O)CC2C)cc1)NC#N,55,53.9,True
LOP00000140,Lopac,CC(C)NCC(O)COc1cccc2[nH]ccc12,54,52.9,True
LOP00000141,Lopac,CC(C)NCC(O)COc1cccc2ccccc12.Cl,54,52.9,True
LOP00000142,Lopac,COc1ccc(CN(CCN(C)C)c2ccccn2)cc1.O=C(O)/C=C\C(=O)O,55,53.9,True
LOP00000143,Lopac,CS(=O)(=O)O.Cc1ccc(N(CC2=NCCN2)c2cccc(O)c2)cc1,55,53.9,True
LOP00000144,Lopac,CNCC(O)c1cccc(O)c1.Cl,55,53.9,True
LOP00000145,Lopac,COc1ccccc1N1CCN(CCCNc2c(C)c(=O)n(C)c(=O)n2C)CC1,55,53.9,True
LOP00000146,Lopac,CNCCCC1c2ccccc2C=Cc2ccccc21.Cl,55,53.9,True
LOP00000147,Lopac,CC(CN1c2ccccc2Sc2ccccc21)N(C)C.Cl,55,53.9,True
LOP00000148,Lopac,CN/C(=C\[N+](=O)[O-])NCCSCc1ccc(CN(C)C)o1.Cl,55,53.9,True
LOP00000149,Lopac,COC(=O)C1C(O)CCC2CN3CCc4c([nH]c5ccccc45)C3CC21.Cl,54,52.9,True
LOP00000150,Lopac,Cl.Cl.Cn1cnc(CCN)c1,54,52.9,True
LOP00000151,Lopac,NS(=O)(=O)c1cc2c(cc1Cl)NCNS2(=O)=O,55,53.9,True
LOP00000152,Lopac,CC(C)NCC(O)COc1ccc(CC(N)=O)cc1,54,52.9,True
LOP00000153,Lopac,CN(C)CCCCSC(=N)N.Cl.Cl,55,53.9,True
LOP00000154,Lopac,Cc1ccc(/C(=C\CN2CCCC2)c2ccccn2)cc1.Cl,55,53.9,True
LOP00000155,Lopac,O=C(O)/C=C\C(=O)O.S=C(NC1CCCCC1)N1CCC(c2c[nH]cn2)CC1,55,53.9,True
LOP00000157,Lopac,CC(C)(C)NCC(O)COc1nsnc1N1CCOCC1.O=C(O)/C=C\C(=O)O,55,53.9,True
LOP00000158,Lopac,COc1ccccc1N1CCN(CCCNc2cc(=O)n(C)c(=O)n2C)CC1.Cl,54,52.9,True
LOP00000159,Lopac,Brc1c(NC2=NCCN2)ccc2nccnc12,54,52.9,True
LOP00000160,Lopac,Cc1cccc(C)c1NC1=NCCCS1.Cl,55,53.9,True
LOP00000161,Lopac,COC(=O)C1C(O)CCC2CN3CCc4c([nH]c5ccccc45)C3CC21.Cl,54,52.9,True
LOP00000162,Lopac,COc1ccc(CCN(C)CCc2ccc(OC)c(OC)c2)cc1OC.Cl,55,53.9,True
LOP00000164,Lopac,CN1C2CCC1CC(OC(=O)C(CO)c1ccccc1)C2.CN1C2CCC1CC(OC(=O)C(CO)c1ccccc1)C2.O=S(=O)(O)O,54,52.9,True
LOP00000165,Lopac,Cl.N=C(N)NC(=O)c1nc(Cl)c(N)nc1N,55,53.9,True
LOP00000166,Lopac,CCCCc1oc2ccccc2c1C(=O)c1cc(I)c(OCCN(CC)CC)c(I)c1.Cl,54,52.9,True
LOP00000167,Lopac,Nc1ccncc1,55,53.9,True
LOP00000168,Lopac,CN1C2CCC1CC(OC(c1ccccc1)c1ccccc1N)C2,53,52.0,True
LOP00000169,Lopac,Br.C#CCOC(=O)C1=CCCN(C)C1,55,53.9,True
LOP00000170,Lopac,CCN(CC)CCNC(=O)c1ccc(NC(C)=O)cc1.Cl,54,52.9,True
LOP00000171,Lopac,CC(=O)OC(C)C[N+](C)(C)C.[Cl-],55,53.9,True
LOP00000172,Lopac,CC(C)(CCP(=O)(O)O)C(=O)O.Cl,55,53.9,True
LOP00000173,Lopac,CC(C[N+](C)(C)C)OC(N)=O.[Cl-],54,52.9,True
LOP00000174,Lopac,CN1C2CCC1CC(OC(c1ccccc1)c1ccccc1)C2.CS(=O)(=O)O,53,52.0,True
LOP00000175,Lopac,CC(C)COCC(CN(Cc1ccccc1)c1ccccc1)N1CCCC1.Cl,53,52.0,True
LOP00000176,Lopac,COC(=O)C1=C(C)NC(C)=C([N+](=O)[O-])C1c1ccccc1C(F)(F)F,55,53.9,True
LOP00000177,Lopac,CC(=O)/C(C)=N/O,55,53.9,True
LOP00000178,Lopac,Br.COC(=O)C1=CCCN(C)C1,55,53.9,True
LOP00000179,Lopac,CCN(CC)C(C)C(=O)N1c2ccccc2Sc2ccccc21.Cl,54,52.9,True
LOP00000180,Lopac,CC1OCC(C[N+](C)(C)C)O1.[I-],55,53.9,True
LOP00000181,Lopac,C[N+](C)(C)CC#CCOC(=O)Nc1cccc(Cl)c1.[Cl-],55,53.9,True
LOP00000182,Lopac,CC1OC(C[N+](C)(C)C)CS1.[I-],55,53.9,True
LOP00000183,Lopac,C[N+](C)(C)CCOC(N)=O.[Cl-],55,53.9,True
LOP00000184,Lopac,CCCCC1(C2CCCC2)Cc2cc(OCC(=O)O)c(Cl)c(Cl)c2C1=O,54,52.9,True
LOP00000185,Lopac,CC1=Nc2ccc(Cl)cc2S(=O)(=O)N1,55,53.9,True
LOP00000187,Lopac,C[N+]1(C)CCN(c2ccccc2)CC1.[I-],55,53.9,True
LOP00000188,Lopac,C[N+](C)(C)CCCCCCCCCC[N+](C)(C)C.[Br-].[Br-],55,53.9,True
LOP00000189,Lopac,CN1CCC2(C)c3cc(O)ccc3N(C)C12.O=C(O)/C=C\C(=O)O,53,52.0,True
LOP00000190,Lopac,Cl.Cl.Fc1ccc(C(c2ccc(F)cc2)N2CCN(C/C=C/c3ccccc3)CC2)cc1,55,53.9,True
LOP00000191,Lopac,COC(=O)c1c(C)[nH]c(C)c1C(=O)c1ccccc1Cc1ccccc1,54,52.9,True
LOP00000192,Lopac,CC[N+](CC)(CC)CCOc1cccc(OCC[N+](CC)(CC)CC)c1OCC[N+](CC)(CC)CC.[I-].[I-].[I-],55,53.9,True
LOP00000193,Lopac,COc1ccc(Cl)cc1C(=O)NCCc1ccc(S(=O)(=O)NC(=O)NC2CCCCC2)cc1,55,53.9,True
LOP00000194,Lopac,Cc1cnc(C(=O)NCCc2ccc(S(=O)(=O)NC(=O)NC3CCCCC3)cc2)cn1,55,53.9,True
LOP00000195,Lopac,C[N+](C)(CCCCCC[N+](C)(C)CCCN1C(=O)c2cccc3cccc(c23)C1=O)CCCN1C(=O)c2cccc3cccc(c23)C1=O.[Br-].[Br-],55,53.9,True
LOP00000196,Lopac,Cl.O[Si](CCCN1CCCCC1)(c1ccc(F)cc1)C1CCCCC1,55,53.9,True
LOP00000197,Lopac,C[N+](C)(C)CCCCCC[N+](C)(C)C.[Cl-].[Cl-],55,53.9,True
LOP00000199,Lopac,CC(C)[N+]1(C)C2CCC1CC(C(=O)OC(CO)c1ccccc1)C2.[Br-],55,53.9,True
LOP00000200,Lopac,CC1(C2CCCC2)Cc2cc(OCC(=O)O)c(Cl)c(Cl)c2C1=O,54,52.9,True
LOP00000201,Lopac,CC[N+](CC)(CC)CC(=O)Nc1c(C)cccc1C.[Br-],55,53.9,True
LOP00000202,Lopac,O=C1N(c2ccccc2)c2ccccc2C1(Cc1ccncc1)Cc1ccncc1,54,52.9,True
LOP00000204,Lopac,C[N+]1(C)CCC(OC(=O)C(c2ccccc2)c2ccccc2)CC1.[I-],53,52.0,True
LOP00000205,Lopac,COc1ccc(C2Sc3ccccc3N(CCN(C)C)C(=O)C2OC(C)=O)cc1.Cl,54,52.9,True
LOP00000206,Lopac,COc1ccccc1CNCCCCCCNCCCCCCCCNCCCCCCNCc1ccccc1OC.Cl.Cl.Cl.Cl,55,53.9,True
LOP00000207,Lopac,CNC1(C)C2CCC(C2)C1(C)C.Cl,54,52.9,True
LOP00000208,Lopac,COc1ccc(CCN(C)CCCC(C#N)(c2cc(OC)c(OC)c(OC)c2)C(C)C)cc1OC.Cl,55,53.9,True
LOP00000209,Lopac,CNC(=O)OCC[N+](C)(C)C.[Cl-],55,53.9,True
LOP00000210,Lopac,Nc1cc(N2CCCCC2)nc(N)[n+]1[O-],55,53.9,True
LOP00000212,Lopac,CN(C)C(=O)Oc1cccc([N+](C)(C)C)c1.[Br-],55,53.9,True
LOP00000213,Lopac,COC(=O)C1=C(C)NC(C)=C(C(=O)OC)C1c1ccccc1[N+](=O)[O-],55,53.9,True
LOP00000214,Lopac,COC(=O)C1=C(C)NC(C)=C(C(=O)OCCN(C)Cc2ccccc2)C1c1cccc([N+](=O)[O-])c1.Cl,55,53.9,True
LOP00000216,Lopac,CCOC(=O)C1=C(C)NC(C)=C(C(=O)OC)C1c1cccc([N+](=O)[O-])c1,55,53.9,True
LOP00000217,Lopac,COCCOC(=O)C1=C(C)NC(C)=C(C(=O)OC(C)C)C1c1cccc([N+](=O)[O-])c1,55,53.9,True
LOP00000218,Lopac,O=C(O)c1cc([N+](=O)[O-])ccc1NCCCc1ccccc1,55,53.9,True
LOP00000219,Lopac,O=c1[nH]c2cc(C(F)(F)F)ccc2n1-c1cc(C(F)(F)F)ccc1O,55,53.9,True
LOP00000220,Lopac,C[N+](C)(C)CC#CCN1CCCC1=O.[I-],55,53.9,True
LOP00000221,Lopac,CCC1C(=O)OCC1Cc1cncn1C.Cl,55,53.9,True
LOP00000222,Lopac,CN1CCN(CC(=O)N2c3ccccc3C(=O)Nc3cccnc32)CC1.Cl.Cl,55,53.9,True
LOP00000223,Lopac,CCN(CC)CCNC(=O)c1ccc(N)cc1.Cl,54,52.9,True
LOP00000224,Lopac,CN(C)C(=O)Oc1ccc[n+](C)c1.[Br-],55,53.9,True
LOP00000226,Lopac,CC(N/C(=N\C#N)Nc1ccncc1)C(C)(C)C,55,53.9,True
LOP00000227,Lopac,CNC(=O)Oc1ccc2c(c1)C1(C)CCN(C)C1N2C,55,53.9,True
LOP00000228,Lopac,O=C(O)c1ccccc1Nc1ccccc1,55,53.9,True
LOP00000229,Lopac,CS(=O)(=O)O.N=C(NC(=O)c1nc(Cl)c(N)nc1N)Nc1ccccc1,55,53.9,True
LOP00000230,Lopac,C=CC1CN2CCC1CC2C(O)c1ccnc2ccc(OC)cc12.C=CC1CN2CCC1CC2C(O)c1ccnc2ccc(OC)cc12.O=S(=O)(O)O,53,52.0,True
LOP00000231,Lopac,Br.CN1C2CC(OC(=O)C(CO)c3ccccc3)CC1C1OC12,54,52.9,True
LOP00000232,Lopac,CCCC[N+]1(C)C2CC(OC(=O)C(CO)c3ccccc3)CC1C1OC12.[Br-],54,52.9,True
LOP00000233,Lopac,C[N+](C)(C)CCOC(=O)CCC(=O)OCC[N+](C)(C)C.[Cl-].[Cl-],55,53.9,True
LOP00000234,Lopac,CC[N+](CC)(CC)CC.[Cl-],55,53.9,True
LOP00000235,Lopac,CCN(CC)CCCCCCCCOC(=O)c1cc(OC)c(OC)c(OC)c1.Cl,53,52.0,True
LOP00000236,Lopac,Cc1scc2c1N(C(=O)CN1CCN(C)CC1)c1ccccc1NC2=O.Cl.Cl,55,53.9,True
LOP00000237,Lopac,Cl.OC(CCN1CCCCC1)(c1ccccc1)C1CCCCC1,55,53.9,True
LOP00000238,Lopac,Nc1nc(N)c2nc(-c3ccccc3)c(N)nc2n1,54,52.9,True
LOP00000239,Lopac,CC(=O)OC1C(=O)C2(C)C(O)CC3OCC3(OC(C)=O)C2C(OC(=O)c2ccccc2)C2(O)CC(OC(=O)C(O)C(NC(=O)c3ccccc3)c3ccccc3)C(C)=C1C2(C)C,54,52.9,True
LOP00000240,Lopac,CCN(Cc1ccncc1)C(=O)C(CO)c1ccccc1,55,53.9,True
LOP00000241,Lopac,Cl.OC1CCCCC1N1CCC(c2ccccc2)CC1,55,53.9,True
LOP00000242,Lopac,COc1ccc(CCN(C)CCCC(C#N)(c2ccc(OC)c(OC)c2)C(C)C)cc1OC.Cl,55,53.9,True
LOP00000243,Lopac,Cl.NC12CC3CC(CC(C3)C1)C2,55,53.9,True
LOP00000244,Lopac,CC1=CC2c3cccc4[nH]cc(c34)CC2N(C)C1,54,52.9,True
LOP00000245,Lopac,Cl.NCC1OC(C23CC4CC(CC(C4)C2)C3)Cc2c1ccc(O)c2O,55,53.9,True
LOP00000246,Lopac,CC(NC(C)(C)C)C(=O)c1cccc(Cl)c1.Cl,55,53.9,True
LOP00000247,Lopac,CC(C)CC1C(=O)N2CCCC2C2(O)OC(NC(=O)C3C=C4c5cccc6[nH]c(Br)c(c56)CC4N(C)C3)(C(C)C)C(=O)N12.CS(=O)(=O)O,54,52.9,True
LOP00000248,Lopac,Cl.NC(CO)C(=O)NNCc1ccc(O)c(O)c1O,55,53.9,True
LOP00000249,Lopac,Br.C=CCN1CCc2c(cc(O)c(O)c2Br)C(c2ccccc2)C1,55,53.9,True
LOP00000250,Lopac,CC(C)(C)C1(O)CCN2CC3c4ccccc4CCc4cccc(c43)C2C1.Cl,55,53.9,True
LOP00000251,Lopac,CC(Cc1ccc(O)c(O)c1)(NN)C(=O)O,55,53.9,True
LOP00000252,Lopac,Br.C=CCN1CCc2c(cc(O)c(O)c2Cl)C(c2ccccc2)C1,54,52.9,True
LOP00000253,Lopac,CN(C)CCCN1c2ccccc2Sc2ccc(Cl)cc21.Cl,55,53.9,True
LOP00000254,Lopac,CN1CCN(C2=Nc3cc(Cl)ccc3Nc3ccccc32)CC1,54,52.9,True
LOP00000255,Lopac,CN1C2CCC1CC(OC(c1ccccc1)c1ccc(Cl)cc1)C2.Cl,53,52.0,True
LOP00000256,Lopac,Br.NC1CCc2cc(O)c(O)cc2C1,55,53.9,True
LOP00000257,Lopac,COc1ccc2c(c1O)-c1cccc3c1C(C2)N(C)CC3.Cl,54,52.9,True
LOP00000259,Lopac,COc1cc(CC(=O)O)ccc1O,54,52.9,True
LOP00000260,Lopac,Cl.NCCc1ccc(O)cc1,55,53.9,True
LOP00000261,Lopac,Cl.NCCc1ccc(O)c(O)c1,55,53.9,True
LOP00000264,Lopac,CNCCc1ccc(O)c(O)c1.Cl,55,53.9,True
LOP00000265,Lopac,CCCN1CCc2cccc3c2C1Cc1ccc(O)c(O)c1-3.Cl,55,53.9,True
LOP00000266,Lopac,Br.CN1CCc2cc(O)cc3c2C1Cc1ccc(O)c(O)c1-3,54,52.9,True
LOP00000267,Lopac,Br.CCCN1CCc2cc(O)cc3c2C1Cc1ccc(O)c(O)c1-3,54,52.9,True
LOP00000268,Lopac,Br.CCCN(CCC)CCc1ccc(O)c(O)c1,55,53.9,True
LOP00000269,Lopac,Cc1cccc(C(=O)NCN2CCN(c3ccccc3C#N)CC2)c1.O=C(O)/C=C\C(=O)O,53,52.0,True
LOP00000270,Lopac,Br.C=CCN1CCc2cccc3c2C1Cc1ccc(O)c(O)c1-3,55,53.9,True
LOP00000271,Lopac,CCn1cc(C(=O)O)c(=O)c2ccc(Cc3ccccc3)nc21,51,50.0,True
LOP00000272,Lopac,O=C1NC(c2cccc([N+](=O)[O-])c2)=CCN1c1ccccc1O,51,50.0,True
LOP00000273,Lopac,Cl.Oc1cc2c(cc1O)C(c1ccccc1)CNCC2,53,52.0,True
LOP00000274,Lopac,Cl.O=C(CCCN1CCC2(CC1)C(=O)NCN2c1ccccc1)c1ccc(F)cc1,53,52.0,True
LOP00000275,Lopac,Cl.Cl.Fc1ccc(C(OCCN2CCN(CCCc3ccccc3)CC2)c2ccc(F)cc2)cc1,52,51.0,True
LOP00000276,Lopac,CN1CCc2cc(Cl)c(O)cc2C(c2ccccc2)C1.Cl,53,52.0,True
LOP00000277,Lopac,O=c1[nH]c2ccccc2n1CCCN1CCC(n2c(=O)[nH]c3cc(Cl)ccc32)CC1,51,50.0,True
LOP00000278,Lopac,CC(C)C1(NC(=O)C2CC3c4cccc5[nH]cc(c45)CC3N(C)C2)OC2(O)C3CCCN3C(=O)C(Cc3ccccc3)N2C1=O.CS(=O)(=O)O,50,49.0,True
LOP00000279,Lopac,CN1CC(C(=O)NC2(C)OC3(O)C4CCCN4C(=O)C(Cc4ccccc4)N3C2=O)CC2c3cccc4[nH]cc(c34)CC21.CS(=O)(=O)O,50,49.0,True
LOP00000282,Lopac,CC(C)C1(NC(=O)C2C=C3c4cccc5[nH]cc(c45)CC3N(C)C2)OC2(O)C3CCCN3C(=O)C(Cc3ccccc3)N2C1=O,51,50.0,True
LOP00000283,Lopac,NC(Cc1ccc(O)c(O)c1)C(=O)O,52,51.0,True
LOP00000284,Lopac,O=C1NCN(c2ccccc2)C12CCN(CCCC(c1ccc(F)cc1)c1ccc(F)cc1)CC2,54,52.9,True
LOP00000285,Lopac,Cl.Cl.OCCN1CCN(CCCN2c3ccccc3Sc3ccc(C(F)(F)F)cc32)CC1,52,51.0,True
LOP00000287,Lopac,O=C(CCCN1CCC(O)(c2ccc(Cl)cc2)CC1)c1ccc(F)cc1,52,51.0,True
LOP00000288,Lopac,Cc1ccc2c(c1)C(N1CCN(C)CC1)=Nc1cccnc1N2,50,49.0,True
LOP00000289,Lopac,CCN(CC)C(=O)NC1C=C2c3cccc4[nH]cc(c34)CC2N(C)C1.O=C(O)/C=C\C(=O)O,53,52.0,True
LOP00000290,Lopac,Cl.Clc1ccc(N2CCN(Cc3c[nH]c4ncccc34)CC2)cc1,52,51.0,True
LOP00000291,Lopac,CCN(CC)CCNC(=O)c1cc(Cl)c(N)cc1OC.Cl,52,51.0,True
LOP00000292,Lopac,CN1CC(CS(=O)(=O)N(C)C)CC2c3cccc4c3c(cn4C)CC21.Cl,51,50.0,True
LOP00000293,Lopac,CN1Cc2c(N)cccc2C(c2ccccc2)C1.O=C(O)/C=C\C(=O)O,53,52.0,True
LOP00000294,Lopac,CN1CCN(C2Cc3ccccc3Sc3ccc(Cl)cc32)CC1.O=C(O)/C=C\C(=O)O,51,50.0,True
LOP00000295,Lopac,CC(O)C(O)C1CNc2nc(N)[nH]c(=O)c2N1.Cl.Cl,52,51.0,True
LOP00000296,Lopac,O=c1[nH]c2ccccc2n1C1CCN(CCCC(c2ccc(F)cc2)c2ccc(F)cc2)CC1,51,50.0,True
LOP00000297,Lopac,CCCN1CCCC(c2cccc(O)c2)C1.Cl,50,49.0,True
LOP00000299,Lopac,CCCN(CCc1ccccc1)C1CCc2c(O)cccc2C1.Cl,52,51.0,True
LOP00000300,Lopac,CN1CCN(CCCN2c3ccccc3Sc3ccc(Cl)cc32)CC1.O=C(O)/C=C\C(=O)O.O=C(O)/C=C\C(=O)O,52,51.0,True
LOP00000301,Lopac,CCCN1CC(CSC)CC2c3cccc4[nH]cc(c34)CC21.CS(=O)(=O)O,52,51.0,True
LOP00000302,Lopac,CCCN1CCOC2c3cc(O)ccc3OCC21.Cl,51,50.0,True
LOP00000303,Lopac,CCCN1CCCC2Cc3n[nH]cc3CC21.Cl,52,51.0,True
LOP00000304,Lopac,CCCN1CCCC2Cc3nc(N)ncc3CC21.Cl.Cl,52,51.0,True
LOP00000305,Lopac,Cc1nc2n(c(=O)c1CCN1CCC(c3noc4cc(F)ccc34)CC1)CCCC2,51,50.0,True
LOP00000306,Lopac,CCN1CCCC1CNC(=O)c1c(O)c(Cl)cc(Cl)c1OC.O=C(O)C(O)C(O)C(=O)O,51,50.0,True
LOP00000307,Lopac,CC(C)COC(=O)OCN1C(=O)CN(CCN2CC(=O)N(COC(=O)OCC(C)C)C(=O)C2)CC1=O,53,52.0,True
LOP00000308,Lopac,CCN1CCCC1CNC(=O)c1cc(S(N)(=O)=O)ccc1OC,51,50.0,True
LOP00000309,Lopac,Br.Oc1cc2c(c(Cl)c1O)CCNCC2c1ccccc1,53,52.0,True
LOP00000310,Lopac,COc1cc2c(cc1OC)C(c1ccccc1)CN(C)CC2.O=C(O)/C=C\C(=O)O,53,52.0,True
LOP00000311,Lopac,Br.C=CCN1CCc2cc(O)c(O)cc2C(c2ccccc2)C1,53,52.0,True
LOP00000312,Lopac,CC1Cc2cc3c(cc2C(c2ccc(N)cc2)=NN1)OCO3,52,51.0,True
LOP00000313,Lopac,Cl.Cl.NNCc1cccc(O)c1,52,51.0,True
LOP00000314,Lopac,Br.CCCN(CCC)C1CCc2ccc(O)cc2C1,51,50.0,True
LOP00000315,Lopac,CNC1CC(c2ccc(Cl)c(Cl)c2)c2ccccc21.Cl,52,51.0,True
LOP00000316,Lopac,CCCN1CCCC(c2cccc(O)c2)C1.Cl,50,49.0,True
LOP00000317,Lopac,Cl.O=C(CCCN1CCC(O)(c2cccc(C(F)(F)F)c2)CC1)c1ccc(F)cc1,53,52.0,True
LOP00000318,Lopac,CN1CCN(CC/C=C2/c3ccccc3Sc3ccc(S(=O)(=O)N(C)C)cc32)CC1.Cl,51,50.0,True
LOP00000319,Lopac,CN1CCN(CCCN2c3ccccc3Sc3ccc(C(F)(F)F)cc32)CC1.Cl.Cl,51,50.0,True
LOP00000320,Lopac,CSc1ccc2c(c1)N(CCC1CCCCN1C)c1ccccc1S2.Cl,51,50.0,True
LOP00000322,Lopac,CC(C)Oc1cccnc1N(C)C1CCN(Cc2ccccc2)CC1.O=C(O)/C=C\C(=O)O,52,51.0,True
LOP00000323,Lopac,CCCN(CCC)C1Cc2cc(OC)c(OC)cc2C1.O=C(O)/C=C\C(=O)O,52,51.0,True
LOP00000324,Lopac,NC(CCP(=O)(O)O)C(=O)O,52,51.0,True
LOP00000325,Lopac,NC(CC(=O)O)C(=O)O,52,51.0,True
LOP00000326,Lopac,NC(CP(=O)(O)O)C(=O)O,53,52.0,True
LOP00000327,Lopac,NC(CCCP(=O)(O)O)C(=O)O,52,51.0,True
LOP00000328,Lopac,NC1CCN(O)C1=O,51,50.0,True
LOP00000329,Lopac,CC(C)(C)c1onc(O)c1CC([NH3+])C(=O)[O-],52,51.0,True
LOP00000330,Lopac,NC1(C(=O)O)CCC(C(=O)O)C1,51,50.0,True
LOP00000332,Lopac,N=C(N)NCCCCNC(=N)N.O=S(=O)(O)O,52,51.0,True
LOP00000333,Lopac,Cl.NC1(C(=O)O)CCCCC1,53,52.0,True
LOP00000334,Lopac,COc1ccc(C(=O)N2CCCC2=O)cc1,51,50.0,True
LOP00000335,Lopac,NC(Cn1cc(I)c(=O)[nH]c1=O)C(=O)O,51,50.0,True
LOP00000337,Lopac,O=C(O)C1CC(C(=O)O)N1,53,52.0,True
LOP00000338,Lopac,O=C(O)C1CC(C(=O)O)N1,53,52.0,True
LOP00000339,Lopac,NC1(C(=O)O)CCc2cc(C(=O)O)ccc21,53,52.0,True
LOP00000340,Lopac,O=C(O)C1CN(CCCP(=O)(O)O)CCN1,52,51.0,True
LOP00000342,Lopac,Cl.Cl.c1ccc(CCCN2CCN(CCOC(c3ccccc3)c3ccccc3)CC2)cc1,52,51.0,True
LOP00000343,Lopac,O=C(c1ccc2c(c1)OCCO2)N1CCCCC1,52,51.0,True
LOP00000344,Lopac,CC12NC(Cc3ccccc31)c1ccccc12.O=C(O)/C=C/C(=O)O,54,52.9,True
LOP00000345,Lopac,NC1CONC1=O,51,50.0,True
LOP00000346,Lopac,CC1C2Cc3ccc(O)cc3C1(C)CCN2CC1CC1,53,52.0,True
LOP00000347,Lopac,CNc1ccc2oc(CC3OC4(CCC3C)OC(C(C)C(=O)c3ccc[nH]3)C(C)CC4C)nc2c1C(=O)O,50,49.0,True
LOP00000348,Lopac,CCN(CC)CCOCCOC(=O)C1(c2ccccc2)CCCC1.O=C(O)CC(O)(CC(=O)O)C(=O)O,54,52.9,True
LOP00000349,Lopac,O=C(Cc1ccc(Cl)c(Cl)c1)OCCN1CCCC1.O=C(O)C(=O)O,52,51.0,True
LOP00000350,Lopac,Oc1cc2c(cc1O)CN(C(=S)NCCc1ccc(Cl)cc1)CCC2,51,50.0,True
LOP00000351,Lopac,NC(=O)OCC(COC(N)=O)c1ccccc1,52,51.0,True
LOP00000352,Lopac,OCC1OC(O)C(Cl)C(O)C1O,53,52.0,True
LOP00000353,Lopac,CC(=O)NC(CS)C(=O)O,52,51.0,True
LOP00000354,Lopac,Cl.NC(=O)c1ccc(OCC(O)CN2CC=C(c3ccc(F)cc3)CC2)cc1,55,53.9,True
LOP00000355,Lopac,N#Cc1cc2nc([O][Na])c([O][Na])nc2cc1[N+](=O)[O-],51,50.0,True
LOP00000357,Lopac,O=c1[nH]c2cc([N+](=O)[O-])c([N+](=O)[O-])cc2[nH]c1=O,50,49.0,True
LOP00000358,Lopac,CN1CCC23CCCCC2C1Cc1ccc(O)cc13.O=C(O)C(O)C(O)C(=O)O,51,50.0,True
LOP00000359,Lopac,O=c1[nH]c2cc(Cl)c(Cl)cc2[nH]c1=O,50,49.0,True
LOP00000360,Lopac,O=C(O)c1cc(O)c2c(Cl)cc(Cl)cc2n1,53,52.0,True
LOP00000361,Lopac,NCCCCCCCCCCN,50,49.0,True
LOP00000362,Lopac,O=C(O)c1cc2cc(F)ccc2[nH]1,51,50.0,True
LOP00000363,Lopac,Br.Cc1onc(O)c1CC(N)C(=O)O,52,51.0,True
LOP00000364,Lopac,NC(CCCCCP(=O)(O)O)C(=O)O,51,50.0,True
LOP00000365,Lopac,CCC(C)C1CNC(C(=O)O)C1CC(=O)O,53,52.0,True
LOP00000366,Lopac,Cl.NC(CCC(=O)O)C(=O)O,51,50.0,True
LOP00000367,Lopac,NC(=O)CCC(N)C(=O)O,51,50.0,True
LOP00000369,Lopac,O=C(O)CCC(C(=O)O)N1C(=O)c2ccccc2C1=O,53,52.0,True
LOP00000370,Lopac,CC1=NN=C(c2ccc(N)cc2)c2cc3c(cc2C1)OCO3.Cl,52,51.0,True
LOP00000371,Lopac,C=C(C)C1CNC(C(=O)O)C1CC(=O)O,52,51.0,True
LOP00000372,Lopac,O=C(O)c1cc(O)c2ccccc2n1,52,51.0,True
LOP00000373,Lopac,CNC(CC(=O)O)C(=O)O,51,50.0,True
LOP00000374,Lopac,CC12NC(Cc3ccccc31)c1ccccc12.O=C(O)/C=C\C(=O)O,54,52.9,True
LOP00000375,Lopac,Cl.Cl.Cl.NCCC1CCCC(CCN)N1,51,50.0,True
LOP00000377,Lopac,CC12CC3CC(C)(C1)CC(N)(C3)C2.Cl,53,52.0,True
LOP00000378,Lopac,COc1ccc2c(c1)C13CCCCC1C(C2)NCC3.Cl,52,51.0,True
LOP00000379,Lopac,O=C(O)/C(=C/c1c(C(=O)O)[nH]c2cc(Cl)cc(Cl)c12)c1ccccc1,53,52.0,True
LOP00000381,Lopac,Cl.Cl.Cl.NCCCCNCCCN,52,51.0,True
LOP00000383,Lopac,NC(C(=O)O)c1cc(O)no1,52,51.0,True
LOP00000385,Lopac,CCN1CCCC1CNC(=O)c1c(OC)ccc(I)c1O,51,50.0,True
LOP00000386,Lopac,NS(=O)(=O)c1cccc2c1c([N+](=O)[O-])cc1nc([O-])c([O-])nc12.[Na+].[Na+],52,51.0,True
LOP00000387,Lopac,O=C(O)C1CCCNC1C(=O)O,51,50.0,True
LOP00000388,Lopac,NC(COP(=O)(O)O)C(=O)O,53,52.0,True
LOP00000389,Lopac,N=C(N)c1ccc(OCCCCCOc2ccc(C(=N)N)cc2)cc1.O=[SH](=O)OCCO.O=[SH](=O)OCCO,53,52.0,True
LOP00000390,Lopac,C[NH2+]CCCCC[NH2+]CCC1CC2CCCC(C2)C1.[Br-].[Br-],53,52.0,True
LOP00000391,Lopac,CC(C)c1cccc(C(C)C)c1O,51,50.0,True
LOP00000392,Lopac,NC(Cc1cccc(-c2ccccc2CP(=O)(O)O)c1)C(=O)O,51,50.0,True
LOP00000393,Lopac,O=C([O-])CCC(NC(=O)c1ccccc1C(=O)[O-])C(=O)[O-].[Na+].[Na+].[Na+],52,51.0,True
LOP00000394,Lopac,NC(Cn1oc(=O)[nH]c1=O)C(=O)O,50,49.0,True
LOP00000395,Lopac,O=C(O)c1cccnc1C(=O)O,52,51.0,True
LOP00000397,Lopac,Nc1nc2ccc(OC(F)(F)F)cc2s1,51,50.0,True
LOP00000398,Lopac,Cl.Cl.Cl.Cl.NCCCNCCCCNCCCN,51,50.0,True
LOP00000399,Lopac,NC(CO)C(=O)O,52,51.0,True
LOP00000403,Lopac,NC(Cn1ccc(=O)[nH]c1=O)C(=O)O,51,50.0,True
LOP00000404,Lopac,N=C(NCCCC(N)C(=O)O)N[N+](=O)[O-],52,51.0,True
LOP00000405,Lopac,COC(=O)C(N)CCCNC(=N)N[N+](=O)[O-].Cl,52,51.0,True
LOP00000406,Lopac,CC[NH+](CC)CC.Nc1ncnc2c1ncn2C1OC2COP([O-])(=S)OC2C1O,51,50.0,True
LOP00000408,Lopac,N=C(N)NN.N=C(N)NN.O=S(=O)(O)O,53,52.0,True
LOP00000409,Lopac,N=C(N)NCCCC(N)C(=O)O,51,50.0,True
LOP00000410,Lopac,CC(C)OC(=O)C(C)(C)Oc1ccc(C(=O)c2ccc(Cl)cc2)cc1,50,49.0,True
LOP00000411,Lopac,CC(=O)O.CSC(=N)NCCCC(N)C(=O)O,51,50.0,True
LOP00000412,Lopac,CC1CCN=C(N)S1.Cl,52,51.0,True
LOP00000413,Lopac,Cl.Cl.Oc1ccc2c3c1OC1c4[nH]c5c(c4CC4(O)C(C2)N(CC2CC2)CCC314)CC1(O)C2Cc3ccc(O)c4c3C1(CCN2CC1CC1)C5O4,51,50.0,True
LOP00000414,Lopac,CN(C(=O)Cc1ccc(Cl)c(Cl)c1)C1CCCCC1N1CCCC1.Cl,51,50.0,True
LOP00000415,Lopac,Nc1ncnc2c1nc(Br)n2C1OC2COP(=O)([O-])OC2C1O.[Na+],50,49.0,True
LOP00000416,Lopac,Nc1nc2c(nc(Br)n2C2OC3COP(=O)([O-])OC3C2O)c(=O)[nH]1.[Na+],51,50.0,True
LOP00000417,Lopac,CN(C(=O)Cc1ccc(Cl)c(Cl)c1)C1CCCCC1N1CCCC1.Cl,51,50.0,True
LOP00000418,Lopac,Clc1ccc(C(c2ccc(Cl)cc2)[n+]2ccn(CC(OCc3ccc(Cl)cc3Cl)c3ccc(Cl)cc3Cl)c2)cc1.[Cl-],51,50.0,True
LOP00000419,Lopac,Nc1ncnc2c1nc(Sc1ccc(Cl)cc1)n2C1OC2COP(=O)([O-])OC2C1O.[Na+],51,50.0,True
LOP00000420,Lopac,*CCCC.*CCCCCCCC.*CCCCCCCCCCCCCC(=O)NC(OC)C(O)/C=C/CCCCCCCCCCCCCCC,51,50.0,True
LOP00000421,Lopac,CC(C)NCC(O)COc1cccc2[nH]ccc12,49,48.0,True
LOP00000422,Lopac,CN(C)C(=N)NCCCC(N)C(=O)O.Cl,51,50.0,True
LOP00000423,Lopac,C/C=C/CC(C)C(O)C1C(=O)NC(CC)C(=O)N(C)CC(=O)N(C)C(CC(C)C)C(=O)NC(C(C)C)C(=O)N(C)C(CC(C)C)C(=O)NC(C)C(=O)NC(C)C(=O)N(C)C(CC(C)C)C(=O)N(C)C(CC(C)C)C(=O)N(C)C(C(C)C)C(=O)N1C,51,50.0,True
LOP00000425,Lopac,CC1(C)CCC=[N+]1[O-],52,51.0,True
LOP00000426,Lopac,O=c1c(-c2ccc(O)cc2)coc2cc(O)ccc12,51,50.0,True
LOP00000428,Lopac,S=C([S-])OC1CC2CC1C1CCCC21.[K+],50,49.0,True
LOP00000429,Lopac,[Cl-].c1ccc2c(c1)[I+]c1ccccc1-2,52,51.0,True
LOP00000430,Lopac,N#C/C(=C\c1ccc(O)c(O)c1)C(=O)Nc1ccccc1,52,51.0,True
LOP00000431,Lopac,N#CC(Cc1ccc(O)c(O)c1)C(=O)N1CCc2ccccc21,52,51.0,True
LOP00000432,Lopac,C=CC1(C)CC(=O)C2(O)C(C)(O1)C(OC(C)=O)C(O)C1C(C)(C)CCC(O)C12C,50,49.0,True
LOP00000433,Lopac,O=c1c(-c2ccc(O)cc2)coc2cc(O)cc(O)c12,52,51.0,True
LOP00000434,Lopac,O=C(/C=C/c1ccc(O)cc1)c1ccc(O)cc1O,51,50.0,True
LOP00000435,Lopac,COC(=O)N1CCN(C(=O)Cc2ccc(Cl)c(Cl)c2)C(CN2CCCC2)C1.O=C(O)/C=C/C(=O)O,51,50.0,True
LOP00000436,Lopac,Cl.N=C(N)NCCNOS(=O)c1cccc2cnccc12,50,49.0,True
LOP00000437,Lopac,CC1CNCCN1S(=O)(=O)c1cccc2cnccc12.Cl.Cl,51,50.0,True
LOP00000438,Lopac,CNCCNS(=O)(=O)c1cccc2cnccc12.Cl.Cl,50,49.0,True
LOP00000439,Lopac,Cl.Cl.NCCNS(=O)(=O)c1cccc2cnccc12,50,49.0,True
LOP00000440,Lopac,CN(C(=O)Cc1ccc(Cl)c(Cl)c1)C(CN1CCCC1)c1cccc(OCC(=O)O)c1.Cl,52,51.0,True
LOP00000441,Lopac,CC(=N)NCCCC(N)C(=O)O.Cl,52,51.0,True
LOP00000443,Lopac,N#CC(C#N)=Cc1ccc(O)c(O)c1,51,50.0,True
LOP00000444,Lopac,CN(C)C(=O)C(CCN1CCC(O)(c2ccc(Cl)cc2)CC1)(c1ccccc1)c1ccccc1.Cl,53,52.0,True
LOP00000447,Lopac,CC(=O)O.CNC(=N)NCCCC(N)C(=O)O,51,50.0,True
LOP00000448,Lopac,CC(C)N(CCC(=O)c1ccc2ccccc2c1)Cc1ccccc1.Cl,54,52.9,True
LOP00000449,Lopac,CSC(=N)N.CSC(=N)N.O=S(=O)(O)O,51,50.0,True
LOP00000451,Lopac,CS(=O)(=O)O.Oc1ccc2c3c1OC1c4oc5ccccc5c4CC4(O)C(C2)N(CC2CC2)CCC314,52,51.0,True
LOP00000452,Lopac,O=C(O)CCCCCCC1C(=O)NC(=O)N1CCC(O)C1CCCCC1,50,49.0,True
LOP00000453,Lopac,O=[N+]([O-])c1cccc2cn[nH]c12,51,50.0,True
LOP00000454,Lopac,C=CCN1CCC23c4c5ccc(O)c4OC2/C(=N/NC(=O)c2ccccc2)CCC3(O)C1C5,52,51.0,True
LOP00000455,Lopac,NC(=O)C1=CN(C2OC(COP(=O)([O-])OP(=O)([O-])OCC3OC(n4cnc5c(N)ncnc54)C(OP(=O)([O-])[O-])C3O)C(O)C2O)C=CC1.[Na+].[Na+].[Na+].[Na+],52,51.0,True
LOP00000456,Lopac,C=CCN1CCC23c4c5ccc(O)c4OC2C(=O)CCC3(O)C1C5.Cl,52,51.0,True
LOP00000457,Lopac,Cl.O=C1CCC2(O)C3Cc4ccc(O)c5c4C2(CCN3CC2CC2)C1O5,51,50.0,True
LOP00000458,Lopac,Cl.Oc1ccc2c3c1OC1C(O)CCC4(O)C(C2)N(CC2CCC2)CCC314,51,50.0,True
LOP00000459,Lopac,Cn1cnc2c(NCc3ccccc3)nc(NCCO)nc21,51,50.0,True
LOP00000460,Lopac,O=c1onc2cnc3ccccc3n12,53,52.0,True
LOP00000461,Lopac,Oc1ccc(/C=C/c2cc(O)cc(O)c2)cc1,52,51.0,True
LOP00000462,Lopac,[Li][Cl],53,52.0,True
LOP00000463,Lopac,CCCCCCCCCCCCC/C=C/C(O)C(N)CO,52,51.0,True
LOP00000464,Lopac,Nc1ncnc2c1ncn2C1CCCO1,52,51.0,True
LOP00000465,Lopac,CC(O)C(=O)C1=Nc2c(nc(N)[nH]c2=O)NC1,51,50.0,True
LOP00000466,Lopac,CC/C(=C(\c1ccccc1)c1ccc(OCCN(C)C)cc1)c1ccccc1.O=C(O)CC(O)(CC(=O)O)C(=O)O,50,49.0,True
LOP00000467,Lopac,Cc1[nH]c(=O)c(C#N)cc1-c1ccncc1,50,49.0,True
LOP00000469,Lopac,NC(=S)NCCCC(N)C(=O)O,52,51.0,True
LOP00000471,Lopac,NC(=S)c1ccc[n+](C2OC(COP(=O)([O-])OP(=O)(O)OCC3OC(n4cnc5c(N)ncnc54)C(OP(=O)([O-])O)C3O)C(O)C2O)c1.[Na+],51,50.0,True
LOP00000472,Lopac,COc1ccc2c3c1OC1C(=O)CCC4(O)C(C2)N(CC2CC2)CCC314.Cl,51,50.0,True
LOP00000473,Lopac,Cl.Oc1ccc2c3c1OC1c4[nH]c5ccccc5c4CC4(O)C(C2)N(CC2CC2)CCC314,52,51.0,True
LOP00000474,Lopac,COc1ccc2c(c1OC)C(=O)OC2C1c2c(cc3c(c2OC)OCO3)CCN1C.Cl,51,50.0,True
LOP00000476,Lopac,COc1ccc2c(c1)CCC1C2CCC2(C)C(NCCCCCCN3C(=O)C=CC3=O)CCC12,51,50.0,True
LOP00000477,Lopac,O=C(O)/C=C\C(=O)O.O=C(O)/C=C\C(=O)O.c1cc(CN2CCCCC2)cc(OCCCNc2nc3ccccc3s2)c1,52,51.0,True
LOP00000479,Lopac,O=c1onc2n1-c1cc(Br)ccc1OC2,51,50.0,True
LOP00000480,Lopac,CC(C)(C)c1cc(C=C(C#N)C#N)cc(C(C)(C)C)c1O,50,49.0,True
LOP00000481,Lopac,CN(C(=O)Cc1ccc(Cl)c(Cl)c1)C1CCCCC1N1CCCC1.CS(=O)(=O)O,51,50.0,True
LOP00000482,Lopac,CN(C(=O)Cc1ccc(Cl)c(Cl)c1)C1CCC2(CCCO2)CC1N1CCCC1.CS(=O)(=O)O,52,51.0,True
LOP00000483,Lopac,CCCOc1ccccc1-c1nc(=O)c2nn[nH]c2[nH]1,49,48.0,True
LOP00000484,Lopac,CN(C)CCC=C1c2ccccc2CCc2ccccc21.Cl,52,51.0,True
LOP00000485,Lopac,Cn1cnc([N+](=O)[O-])c1Sc1ncnc2nc[nH]c12,52,51.0,True
LOP00000486,Lopac,Clc1ccc2c(c1)C(N1CCNCC1)=Nc1ccccc1O2,52,51.0,True
LOP00000487,Lopac,CC(N)C(=O)OC(C)(C)Cc1ccc(Cl)cc1.Cl,51,50.0,True
LOP00000489,Lopac,CC(=O)c1ccc(S(=O)(=O)NC(=O)NC2CCCCC2)cc1,51,50.0,True
LOP00000490,Lopac,Nc1nc2c(ncn2COCCO)c(=O)[nH]1,51,50.0,True
LOP00000491,Lopac,Cl.O=C1CC2(CCCC2)CC(=O)N1CCCCN1CCN(c2ncccn2)CC1,53,52.0,True
LOP00000492,Lopac,COc1ccccc1N1CCN(CCN2C(=O)CC3(CCCC3)CC2=O)CC1.Cl.Cl,54,52.9,True
LOP00000493,Lopac,NC(Cc1ccc(Cl)cc1)C(=O)O,51,50.0,True
LOP00000494,Lopac,CN1CCC(=C2c3ccccc3C=Cc3ccccc32)CC1.Cl,51,50.0,True
LOP00000495,Lopac,CCCC(C)(COC(N)=O)COC(=O)NC(C)C,50,49.0,True
LOP00000496,Lopac,NC(=O)N1c2ccccc2C=Cc2ccccc21,52,51.0,True
LOP00000497,Lopac,CCOC(=O)C(C)(C)Oc1ccc(Cl)cc1,50,49.0,True
LOP00000498,Lopac,NCCc1c[nH]c2ccc(C(N)=O)cc12.O=C(O)/C=C\C(=O)O,51,50.0,True
LOP00000500,Lopac,CN(C)CCCN1c2ccccc2CCc2ccc(Cl)cc21.Cl,51,50.0,True
LOP00000501,Lopac,Cl.NCCS,52,51.0,True
LOP00000502,Lopac,Cl.N=C(N)NC(=N)Nc1cccc(Cl)c1,56,54.9,True
LOP00000503,Lopac,CCN(CC)CCCC(C)Nc1ccnc2cc(Cl)ccc12.O=P(O)(O)O.O=P(O)(O)O,57,55.9,True
LOP00000504,Lopac,CC(C)NCC(O)COc1cccc2[nH]ccc12,54,52.9,True
LOP00000505,Lopac,Cl.OC(CN1CCN(c2cccc(Cl)c2)CC1)C(c1ccccc1)c1ccccc1,56,54.9,True
LOP00000506,Lopac,COc1cc(CC(C)N)c(OC)cc1I.Cl,56,54.9,True
LOP00000507,Lopac,CN(C)CC/C=C1\c2ccccc2COc2ccccc21.Cl,54,52.9,True
LOP00000508,Lopac,CNCCCN1c2ccccc2CCc2ccccc21.Cl,55,53.9,True
LOP00000509,Lopac,Cc1nc(-c2ccc(-c3ccc(C(=O)N4CCc5cc6c(cc54)C4(CCN(C)CC4)CO6)cc3)c(C)c2)no1.Cl,55,53.9,True
LOP00000510,Lopac,CNCCC(Oc1ccc(C(F)(F)F)cc1)c1ccccc1.Cl,56,54.9,True
LOP00000511,Lopac,CN(C)CCCN1c2ccccc2CCc2ccccc21.Cl,55,53.9,True
LOP00000512,Lopac,CC(O)C(C)OC(=O)C1CC2c3cccc4c3c(cn4C(C)C)CC2N(C)C1.O=C(O)/C=C\C(=O)O,54,52.9,True
LOP00000513,Lopac,CCCCCN(CCCCC)C(=O)C(CCC(=O)[O-])NC(=O)c1ccc(Cl)c(Cl)c1.[Na+],54,52.9,True
LOP00000514,Lopac,CN1C2CCC1CC(NC(=O)c1nn(C)c3ccccc13)C2.O=C(O)/C=C\C(=O)O,54,52.9,True
LOP00000515,Lopac,Ic1ccccc1CNC1C2CCN(CC2)C1C(c1ccccc1)c1ccccc1.O=C(O)C(=O)O,57,55.9,True
LOP00000516,Lopac,CCCN(CCC)C(=O)C(CCC(=O)O)NC(=O)c1ccccc1,57,55.9,True
LOP00000518,Lopac,Cc1[nH]c2ccc(O)cc2c1CCN.O=C(O)/C=C\C(=O)O,56,54.9,True
LOP00000519,Lopac,CC(N)Cc1c[nH]c2ccc(O)cc12.O=C(O)/C=C\C(=O)O,56,54.9,True
LOP00000520,Lopac,COc1ccc2[nH]cc(CCNC(C)=O)c2c1,55,53.9,True
LOP00000521,Lopac,CS(=O)(=O)O.CSc1ccc2c(c1)C(N1CCN(C)CC1)Cc1ccccc1S2,54,52.9,True
LOP00000522,Lopac,CN1CC(CNC(=O)OCc2ccccc2)CC2c3cccc4c3c(cn4C)CC21,56,54.9,True
LOP00000523,Lopac,COc1ccccc1N1CCN(CCN(C(=O)c2ccc(I)cc2)c2ccccn2)CC1.Cl,55,53.9,True
LOP00000524,Lopac,CNCCC=C1c2ccccc2CCc2ccccc21.Cl,54,52.9,True
LOP00000525,Lopac,Br.COc1ccccc1N1CCN(CCCCN2C(=O)c3ccccc3C2=O)CC1,58,56.9,True
LOP00000526,Lopac,Cl.NC1CCN(c2cccc(Cl)n2)CC1,57,55.9,True
LOP00000527,Lopac,N=C(N)NC(=N)Nc1ccccc1,56,54.9,True
LOP00000528,Lopac,Cc1nc2ccccn2c(=O)c1CCN1CCC(C(=O)c2ccc(F)cc2)CC1,56,54.9,True
LOP00000529,Lopac,COc1cc(OC)c(/C=C2/C(=O)Nc3ccccc32)c(OC)c1,55,53.9,True
LOP00000530,Lopac,CC(=O)C1CCC2C3CC=C4CC(OS(=O)(=O)[O-])CCC4(C)C3CCC12C.[Na+],56,54.9,True
LOP00000531,Lopac,COc1ccccc1N1CCN(CCN(C(=O)C2CCCCC2)c2ccccn2)CC1.O=C(O)/C=C\C(=O)O,55,53.9,True
LOP00000532,Lopac,CC1(C)C(=O)N(CCN2CCC(C(=O)c3ccc(F)cc3)CC2)c2ccccc21.Cl,54,52.9,True
LOP00000533,Lopac,CN1CCN(c2ccc3ccccc3n2)CC1.O=C(O)/C=C\C(=O)O.O=C(O)/C=C\C(=O)O,55,53.9,True
LOP00000534,Lopac,O=C(O)/C=C\C(=O)O.O=[N+]([O-])c1ccc2nc(N3CCNCC3)ccc2c1,55,53.9,True
LOP00000535,Lopac,Cc1nc2sccn2c(=O)c1CCN1CCC(=C(c2ccc(F)cc2)c2ccc(F)cc2)CC1,56,54.9,True
LOP00000536,Lopac,Br.CCCN(CCC)C1CCc2cccc(O)c2C1,55,53.9,True
LOP00000537,Lopac,Cl.c1ccc2c(N3CCNCC3)cccc2c1,57,55.9,True
LOP00000539,Lopac,CN1CCC(c2c[nH]c3ccc(O)cc23)CC1.O=C(O)/C=C\C(=O)O,57,55.9,True
LOP00000540,Lopac,O=C(O)C(O)C(O)C(=O)O.O=C(c1ccc(F)cc1)C1CCN(CCn2c(=O)[nH]c3ccccc3c2=O)CC1,57,55.9,True
LOP00000541,Lopac,O=C(O)/C=C\C(=O)O.O=C(O)/C=C\C(=O)O.c1ccc2nc(N3CCNCC3)ccc2c1,55,53.9,True
LOP00000542,Lopac,COc1ccccc1N1CCNCC1.Cl,57,55.9,True
LOP00000543,Lopac,Nc1ccc(CCN2CCN(c3cccc(C(F)(F)F)c3)CC2)cc1,57,55.9,True
LOP00000544,Lopac,Cl.NCCc1c[nH]c2ccc(O)cc12,55,53.9,True
LOP00000545,Lopac,Cl.Cl.Clc1cccc(N2CCNCC2)c1,56,54.9,True
LOP00000546,Lopac,CN1CCN2c3ccccc3Cc3ccccc3C2C1.Cl,57,55.9,True
LOP00000547,Lopac,O=C1NCN(c2ccccc2)C12CCN(CC1COc3ccccc3O1)CC2,54,52.9,True
LOP00000548,Lopac,CCCOC(=O)c1c(-c2ccccc2)nc(CC)c(C(=O)SCC)c1CCC,56,54.9,True
LOP00000549,Lopac,CCN(CC)CCOC(=O)c1cc(Cl)c(N)cc1OC.Cl,54,52.9,True
LOP00000550,Lopac,CCC(CO)NC(=O)C1C=C2c3cccc4c3c(cn4C)CC2N(C)C1.O=C(O)/C=C\C(=O)O,56,54.9,True
LOP00000551,Lopac,O=C(O)Cc1c[nH]c2ccc(O)cc12,57,55.9,True
LOP00000552,Lopac,NC(Cc1c[nH]c2ccc(O)cc12)C(=O)O,55,53.9,True
LOP00000553,Lopac,CC(C)NNC(=O)c1ccncc1.O=P(O)(O)O,55,53.9,True
LOP00000554,Lopac,Cl.Cn1ccc2cc3c(cc21)CCN3C(=O)Nc1cccnc1,56,54.9,True
LOP00000555,Lopac,CN1C2CCC1CC(OC(=O)c1cc(Cl)cc(Cl)c1)C2,56,54.9,True
LOP00000556,Lopac,CN1C2CCC1CC(OC(=O)c1c[nH]c3ccccc13)C2.Cl,59,57.8,True
LOP00000557,Lopac,Cl.NCCc1c[nH]c2ccccc12,55,53.9,True
LOP00000558,Lopac,NC(Cc1c[nH]c2ccccc12)C(=O)O,55,53.9,True
LOP00000559,Lopac,Cl.O=c1n(CCCN2CCN(c3cccc(Cl)c3)CC2)nc2ccccn12,55,53.9,True
LOP00000561,Lopac,CCCN(CCC)C1CCc2c(F)ccc(O)c2C1.Cl,56,54.9,True
LOP00000563,Lopac,CN(C)C/C=C(/c1ccc(Br)cc1)c1cccnc1.Cl.Cl,56,54.9,True
LOP00000564,Lopac,Cl.Nc1c2c(nc3ccccc13)CCCC2,57,55.9,True
LOP00000565,Lopac,Cl.NCCCCC(=O)O,54,52.9,True
LOP00000566,Lopac,Oc1ncnc2[nH]ncc12,56,54.9,True
LOP00000567,Lopac,CCC1(c2ccc(N)cc2)CCC(=O)NC1=O,53,52.0,True
LOP00000568,Lopac,Cc1cn(C2CC(N=[N+]=[N-])C(CO)O2)c(=O)[nH]c1=O,58,56.9,True
LOP00000569,Lopac,CC(=O)Nc1nnc(S(N)(=O)=O)s1,56,54.9,True
LOP00000572,Lopac,C#CC(N)CCC(=O)O,55,53.9,True
LOP00000573,Lopac,NCC(CC(=O)O)c1ccc(Cl)cc1,55,53.9,True
LOP00000574,Lopac,Brc1ccc(C2CN3CCSC3=N2)cc1.O=C(O)C(=O)O,55,53.9,True
LOP00000575,Lopac,C[N+]1(C)CCc2cc3c(cc2C1C1OC(=O)c2c1ccc1c2OCO1)OCO3.[Br-],57,55.9,True
LOP00000576,Lopac,NC(=O)c1ccccc1,57,55.9,True
LOP00000577,Lopac,Cl.NCC(O)C1CCCCCCC1,56,54.9,True
LOP00000579,Lopac,CC(CS)C(=O)N1CCCC1C(=O)O,55,53.9,True
LOP00000580,Lopac,NS(=O)(=O)c1cc2c(cc1Cl)N=CNS2(=O)=O,54,52.9,True
LOP00000581,Lopac,CC(N)(Cc1ccc(O)cc1)C(=O)O,55,53.9,True
LOP00000582,Lopac,COc1ccc(Cc2nccc3cc(OC)c(OC)cc23)cc1OC.Cl,57,55.9,True
LOP00000583,Lopac,C#CCN(C)Cc1ccccc1.Cl,56,54.9,True
LOP00000584,Lopac,NC(Cc1ccc(O)c(I)c1)C(=O)O,55,53.9,True
LOP00000585,Lopac,CC(N)(Cc1ccc(O)cc1)C(=O)O,55,53.9,True
LOP00000586,Lopac,Cc1nc2sccn2c(=O)c1CCN1CCC(=C(c2ccccc2)c2ccc(F)cc2)CC1,57,55.9,True
LOP00000587,Lopac,CC(N)c1cccc(Cl)c1Cl.Cl,56,54.9,True
LOP00000588,Lopac,O=[N+]([O-])c1cc(O)c(O)c([N+](=O)[O-])c1,56,54.9,True
LOP00000590,Lopac,NCC1(CC(=O)O)CCCCC1,56,54.9,True
LOP00000591,Lopac,Cl.O=C(O)C1=CCNCC1,57,55.9,True
LOP00000592,Lopac,O=C(O)C1CCCNC1,55,53.9,True
LOP00000593,Lopac,COCCCC/C(=N\OCCN)c1ccc(C(F)(F)F)cc1.O=C(O)/C=C\C(=O)O,54,52.9,True
LOP00000594,Lopac,Cl.O=C(O)C1=CCCNC1,55,53.9,True
LOP00000595,Lopac,Cc1cc(O)c2c(c1)C(=O)c1cc(O)cc(O)c1C2=O,56,54.9,True
LOP00000596,Lopac,O=S(=O)(O)C1CCNCC1,55,53.9,True
LOP00000597,Lopac,O=C(O)C1CCNCC1,54,52.9,True
LOP00000598,Lopac,NCCCC(=O)O,54,52.9,True
LOP00000599,Lopac,Br.NCc1cc(O)no1,57,55.9,True
LOP00000600,Lopac,Cl.NO,56,54.9,True
LOP00000601,Lopac,C[N+]1(C)CCOC(O)(c2ccc(-c3ccc(C4(O)C[N+](C)(C)CCO4)cc3)cc2)C1.[Br-].[Br-],56,54.9,True
LOP00000602,Lopac,NCC(O)(CS(=O)(=O)O)c1ccc(Cl)cc1,55,53.9,True
LOP00000603,Lopac,COc1ccc2c(c1OC)C(=O)OC2C1c2cc3c(cc2CCN1C)OCO3,55,53.9,True
LOP00000604,Lopac,CP(=O)([O-])C1=CC[NH2+]CC1,55,53.9,True
LOP00000605,Lopac,COc1ccc2c(c1)c(CC(=O)O)c(C)n2C(=O)c1ccc(Cl)cc1,54,52.9,True
LOP00000606,Lopac,Oc1cccc2c(O)nccc12,56,54.9,True
LOP00000607,Lopac,CC(C)C1C(O)=C(C(N)=O)C(=O)C2(O)C(O)=C3C(=O)c4c(O)ccc(N(C)C)c4CC3CC12.Cl,56,54.9,True
LOP00000608,Lopac,CC(=O)N1CCN(c2ccc(OCC3COC(Cn4ccnc4)(c4ccc(Cl)cc4Cl)O3)cc2)CC1,56,54.9,True
LOP00000609,Lopac,CCCC(C(=O)OCCN(CC)CC)(c1ccccc1)c1ccccc1.Cl,56,54.9,True
LOP00000610,Lopac,COc1cc(C2c3cc4c(cc3C(OC3OC5COC(C)OC5(O)CC3O)C3COC(=O)C23)OCO4)cc(OC)c1O,56,54.9,True
LOP00000611,Lopac,C#CCN(C)CCCOc1ccc(Cl)cc1Cl.Cl,55,53.9,True
LOP00000612,Lopac,COc1ccc2[nH]c3c(c2c1)CCNC3,55,53.9,True
LOP00000613,Lopac,CC(N)(Cc1ccc(O)c(O)c1)C(=O)O,55,53.9,True
LOP00000614,Lopac,CNC(=O)c1cc2c(cn1)[nH]c1ccccc12,55,53.9,True
LOP00000616,Lopac,CCOC(=O)C1=CC2(CC)CCCN3CCc4c(n1c1ccccc41)C32,55,53.9,True
LOP00000617,Lopac,CCCCc1ccc(C(=O)O)nc1,55,53.9,True
LOP00000618,Lopac,Cl.NCCNC(=O)c1ncsc1-c1cccc(F)c1,55,53.9,True
LOP00000619,Lopac,O=C(CCNNC(=O)c1ccncc1)NCc1ccccc1,58,56.9,True
LOP00000621,Lopac,Nc1nc(N)c2nc(CNc3ccc(C(=O)NC(CCC(=O)O)C(=O)O)cc3)cnc2n1,53,52.0,True
LOP00000622,Lopac,Cl.NCC#Cc1ccccc1,56,54.9,True
LOP00000623,Lopac,Cl.NC1CC1c1ccccc1,55,53.9,True
LOP00000624,Lopac,C=C(C)C1C2OC(=O)C1C1(O)CC3OC34C(=O)OC2C14C.CC(C)(O)C1C2OC(=O)C1C1(O)CC3OC34C(=O)OC2C14C,55,53.9,True
LOP00000625,Lopac,NCC(CP(=O)(O)O)c1ccc(Cl)cc1,57,55.9,True
LOP00000627,Lopac,CC(=O)CCCCn1c(=O)c2c(ncn2C)n(C)c1=O,56,54.9,True
LOP00000628,Lopac,CCCn1cnc2c1c(=O)n(CCCCC(C)=O)c(=O)n2C,56,54.9,True
LOP00000629,Lopac,CCN(CC)CCCC(C)Nc1c2ccc(Cl)cc2nc2ccc(OC)cc12.Cl.Cl,57,55.9,True
LOP00000630,Lopac,Cl.NCCNC(=O)c1ccc(Cl)cc1,55,53.9,True
LOP00000631,Lopac,O=C(c1cc(O)c(O)c([N+](=O)[O-])c1)c1ccccc1F,57,55.9,True
LOP00000632,Lopac,NC/C=C/C(=O)O,55,53.9,True
LOP00000634,Lopac,CCCCOc1cc(CC2CNC(=O)N2)ccc1OC,56,54.9,True
LOP00000635,Lopac,COc1ccc(C2CNC(=O)C2)cc1OC1CCCC1,56,54.9,True
LOP00000637,Lopac,Cl.NNC(N)=O,56,54.9,True
LOP00000638,Lopac,Nc1ccc(S(=O)(=O)Nc2ccnn2-c2ccccc2)cc1,58,56.9,True
LOP00000639,Lopac,C[n+]1cc2c3c(ccc2c2ccc4cc5c(cc4c21)OCO5)OCO3.[Cl-],56,54.9,True
LOP00000641,Lopac,Cl.Oc1noc2c1CCNC2,56,54.9,True
LOP00000642,Lopac,COc1cc(Cc2cnc(N)nc2N)cc(OC)c1OC,55,53.9,True
LOP00000643,Lopac,C=CC(N)CCC(=O)O,56,54.9,True
LOP00000644,Lopac,Cl.NC1(C(=O)O)CC1,55,53.9,True
LOP00000645,Lopac,Cl.NCCCCNS(=O)(=O)c1cccc2c(Cl)cccc12,56,54.9,True
LOP00000646,Lopac,O=C(O)C1CCN1,56,54.9,True
LOP00000647,Lopac,NC(=O)c1cccc(N)c1,56,54.9,True
LOP00000648,Lopac,NCC(O)c1ccc(O)c(O)c1.O=C(O)C(O)C(O)C(=O)O,56,54.9,True
LOP00000649,Lopac,COC(=O)C1C2CC3c4[nH]c5cc(OC)ccc5c4CCN3CC2CC(OC(=O)c2cc(OC)c(OC)c(OC)c2)C1OC,55,53.9,True
LOP00000650,Lopac,CC(=O)NCCc1c[nH]c2ccc(O)cc12,56,54.9,True
LOP00000651,Lopac,O=C(O)C1=CC(=C(c2ccc(O)c(C(=O)O)c2)c2ccc(O)c(C(=O)O)c2)C=CC1=O,56,54.9,True
LOP00000652,Lopac,Nc1ncn(C2OC(CO)C(O)C2O)c(=O)n1,56,54.9,True
LOP00000653,Lopac,O=c1cc(-c2ccc(O)cc2)oc2cc(O)cc(O)c12,56,54.9,True
LOP00000654,Lopac,Cl.NC1C=CC=C(C(=O)O)C1,55,53.9,True
LOP00000655,Lopac,CC1=C(C)C(=O)C(CCCCC#CCCCC#CCO)=C(C)C1=O,57,55.9,True
LOP00000656,Lopac,NCCCS(=O)(=O)[O-].[Na+],54,52.9,True
LOP00000657,Lopac,CN(C)c1nc(N)c(C(=O)N=C(N)N)nc1Cl.Cl,56,54.9,True
LOP00000658,Lopac,CN(C)CCCOC1C(C(O)CO)OC2OC(C)(C)OC21.Cl,58,56.9,True
LOP00000659,Lopac,CC(=O)Oc1ccccc1C(=O)O,57,55.9,True
LOP00000660,Lopac,CC(=O)SCC[N+](C)(C)C.[Cl-],56,54.9,True
LOP00000661,Lopac,CC12CCC3C(CCC4=C(O)C(=O)CCC43C)C1CCC2=O,57,55.9,True
LOP00000662,Lopac,O=C(O)CCCCCCCC(=O)O,55,53.9,True
LOP00000663,Lopac,CC(N)=O,55,53.9,True
LOP00000664,Lopac,[N-]=[N+]=Nc1ccc(C(=O)CSCC(NC(=O)CCC(N)C(=O)O)C(=O)NCC(=O)O)cc1,54,52.9,True
LOP00000665,Lopac,CCN(c1nc(N)c(C(=O)N=C(N)N)nc1Cl)C(C)C,56,54.9,True
LOP00000666,Lopac,N#CCCN.N#CCCN.O=C(O)/C=C/C(=O)O,57,55.9,True
LOP00000667,Lopac,O=C(O)CCC/C=C\CC1C(O)CC(F)C1/C=C/C(O)C1Cc2ccccc2C1,57,55.9,True
LOP00000668,Lopac,Nn1nnc2ccccc21,57,55.9,True
LOP00000669,Lopac,Cl.NOCC(=O)O.NOCC(=O)O,56,54.9,True
LOP00000670,Lopac,CCCCCCCCCC[Si](C)(C)CCC(=O)NC(Cc1ccc(C)cc1)c1ccccc1,59,57.8,True
LOP00000671,Lopac,CC(C)CN(C)c1nc(N)c(C(=O)N=C(N)N)nc1Cl,55,53.9,True
LOP00000672,Lopac,Br.Br.N=C(N)SCCN,56,54.9,True
LOP00000673,Lopac,CC(CCC(=O)NCCS(=O)(=O)[O][Na])C1CCC2C3C(O)CC4CC(O)CCC4(C)C3CC(O)C12C,56,54.9,True
LOP00000674,Lopac,NCCCNCCSP(=O)(O)O,54,52.9,True
LOP00000675,Lopac,CCCCCC(CC(=O)NO)C(=O)NC(C(=O)N1CCCC1CO)C(C)C,56,54.9,True
LOP00000676,Lopac,CN(Cc1cnc2nc(N)nc(N)c2n1)c1ccc(C(=O)NC(CCC(=O)O)C(=O)O)cc1,53,52.0,True
LOP00000677,Lopac,C[N+]1(C)C2CCC1CC(OC(=O)C(CO)c1ccccc1)C2.[Br-],57,55.9,True
LOP00000679,Lopac,Cl.Cl.N=C(N)c1ccc(N)cc1,56,54.9,True
LOP00000680,Lopac,NCCCP(=O)(O)O,55,53.9,True
LOP00000681,Lopac,NC(CCCC(=O)O)C(=O)O,54,52.9,True
LOP00000682,Lopac,CC(=O)NCCc1c[nH]c2ccccc12,56,54.9,True
LOP00000683,Lopac,CC12CCC3C(CCC4CC(O)CCC43C)C1CCC2O,56,54.9,True
LOP00000684,Lopac,C=CCC(N)C(=O)O,54,52.9,True
LOP00000685,Lopac,NCCCCCC(=O)O,55,53.9,True
LOP00000686,Lopac,CC(C)(C)c1onc(OCP(=O)(O)O)c1CC(N)C(=O)O,55,53.9,True
LOP00000687,Lopac,Cl.NCCc1ccc(S(=O)(=O)F)cc1,55,53.9,True
LOP00000688,Lopac,Cl.N=c1ccn2c(n1)OC1C(O)C(CO)OC12,58,56.9,True
LOP00000689,Lopac,CN(C)c1nc(N(C)C)nc(N(C)C)n1,57,55.9,True
LOP00000690,Lopac,CC(=O)NCCc1ccc(O)c(O)c1,56,54.9,True
LOP00000691,Lopac,Cl.N=C(N)NN,55,53.9,True
LOP00000692,Lopac,C=CCc1ccc([N+](C)(C)CCC(=O)CC[N+](C)(C)c2ccc(CC=C)cc2)cc1.[Br-].[Br-],57,55.9,True
LOP00000693,Lopac,Nc1ccc(N2C(=O)c3ccccc3C2=O)c(Cl)c1,57,55.9,True
LOP00000694,Lopac,Nc1ncnc2c1ncn2C1OC2COP(=O)(O)OC2C1O,58,56.9,True
LOP00000695,Lopac,NC(N)=NC(=O)c1nc(Cl)c(N2CCCCCC2)nc1N,54,52.9,True
LOP00000696,Lopac,CC12CCC3C(CCC4=CC(=O)CCC43C)C1CCC2=O,56,54.9,True
LOP00000697,Lopac,CC12CCC3C(CCC4CC(O)CCC43C)C1CCC2=O,57,55.9,True
LOP00000698,Lopac,COc1cc(NS(C)(=O)=O)ccc1Nc1c2ccccc2nc2ccccc12.Cl,56,54.9,True
LOP00000699,Lopac,CN(Cc1cnc2nc(N)nc(N)c2n1)c1ccc(C(=O)NC(CCC(=O)O)C(=O)O)cc1,53,52.0,True
LOP00000701,Lopac,NC(CCCCCP(=O)(O)O)C(=O)O,56,54.9,True
LOP00000702,Lopac,CCN(CC)c1ncnc2c1ncn2C1OC(COP(=O)([O-])OP(=O)([O-])C(Br)(Br)P(=O)([O-])O)C(O)C1O.[Na+].[Na+].[Na+],56,54.9,True
LOP00000703,Lopac,CC1CC2C3CCC4=CC(=O)C=CC4(C)C3(Cl)C(O)CC2(C)C1(O)C(=O)CO,55,53.9,True
LOP00000704,Lopac,CCC(NC(=O)c1c(C)c(-c2ccccc2)nc2ccccc12)c1ccccc1,56,54.9,True
LOP00000705,Lopac,COc1ccc2c(c1)c(CC(=O)O)c(C)n2C(=O)c1ccccc1,55,53.9,True
LOP00000706,Lopac,O=C1C=CC(=O)C=C1,56,54.9,True
LOP00000708,Lopac,O=C1O/C(=C/Br)CCC1c1cccc2ccccc12,57,55.9,True
LOP00000709,Lopac,O=[N+]([O-])c1cccc2c(Br)n[nH]c12,57,55.9,True
LOP00000710,Lopac,Nc1nc(OCc2ccccc2)c2nc[nH]c2n1,55,53.9,True
LOP00000711,Lopac,CC(=O)NBr,56,54.9,True
LOP00000712,Lopac,CN(C)CCC(c1ccc(Br)cc1)c1ccccn1.O=C(O)/C=C\C(=O)O,57,55.9,True
LOP00000713,Lopac,Cl.N/C(=N\C(=O)c1nc(Cl)c(N)nc1N)NCc1ccccc1,56,54.9,True
LOP00000714,Lopac,CCCCS(=N)(=O)CCC(N)C(=O)O,55,53.9,True
LOP00000715,Lopac,CCCCS(=N)(=O)CCC(N)C(=O)O,55,53.9,True
LOP00000716,Lopac,CCCCNc1cc(C(=O)O)cc(S(N)(=O)=O)c1Oc1ccccc1,54,52.9,True
LOP00000717,Lopac,C[N+](C)(C)CC(=O)O.[Cl-],57,55.9,True
LOP00000718,Lopac,C[N+](C)(C)CC=O.[Cl-],55,53.9,True
LOP00000719,Lopac,Cc1sc2ccccc2c1CC1=NCCN1.O=C(O)C(=O)O,42,41.2,True
LOP00000720,Lopac,CC(/C=C/c1cccc(Oc2ccc(F)cc2)c1)N(O)C(N)=O,41,40.2,True
LOP00000721,Lopac,O=c1[nH]c(=O)n(C2CC(O)C(CO)O2)cc1Br,43,42.2,True
LOP00000722,Lopac,CN(C)CCC(c1ccc(Br)cc1)c1ccccn1.O=C(O)/C=C\C(=O)O,42,41.2,True
LOP00000723,Lopac,Oc1ccc(-c2nc(-c3ccncc3)c(-c3ccc(F)cc3)[nH]2)cc1,42,41.2,True
LOP00000724,Lopac,CC(C)(C)c1ccc(S(=O)(=O)/C=C/C#N)cc1,43,42.2,True
LOP00000725,Lopac,CC(C)NCC(O)COc1ccc(CCOCC2CC2)cc1.Cl,42,41.2,True
LOP00000727,Lopac,Cl.N=C(N)c1ccccc1,44,43.1,True
LOP00000728,Lopac,CC1CC2C3CCC4=CC(=O)C=CC4(C)C3(F)C(O)CC2(C)C1(O)C(=O)CO,46,45.1,True
LOP00000729,Lopac,CCCC1OC2CC3C4CCC5=CC(=O)C=CC5(C)C4C(O)CC3(C)C2(C(=O)CO)O1,45,44.1,True
LOP00000731,Lopac,CC(C)CC(NC(=O)C(O)C(N)Cc1ccccc1)C(=O)O.Cl,44,43.1,True
LOP00000732,Lopac,COc1ccccc1N1CCN(CCCCNC(=O)c2ccc3ccccc3c2)CC1,44,43.1,True
LOP00000733,Lopac,O=c1[nH]c(=O)n(C2CC(O)C(CO)O2)cc1/C=C/Br,44,43.1,True
LOP00000734,Lopac,CN(CCCl)Cc1cc(Cl)c(N=C2NCCN2)c(Cl)c1.Cl.Cl,41,40.2,True
LOP00000735,Lopac,C=CCc1ccccc1OCC(O)CNC1(C)CCCC(C(C)(C)NC(=O)CBr)C1,42,41.2,True
LOP00000736,Lopac,C[N+](C)(C)CCOC(=O)CBr.[Br-],44,43.1,True
LOP00000737,Lopac,Cl.c1ccc2sc(C3(N4CCCCC4)CCCCC3)cc2c1,43,42.2,True
LOP00000738,Lopac,CC(N)Cc1c[nH]c2ccc(OCc3cccs3)cc12.Cl,41,40.2,True
LOP00000739,Lopac,CC1CCC/C=C/C2CC(O)CC2(O)C/C=C/C(=O)O1,43,42.2,True
LOP00000740,Lopac,CC(N)(C(=O)O)c1ccc(C(=O)O)cc1,43,42.2,True
LOP00000741,Lopac,O=C(O)CCCc1ccc(N(CCCl)CCCl)cc1,44,43.1,True
LOP00000742,Lopac,CC(C)(Oc1ccc(C2CC2(Cl)Cl)cc1)C(=O)O,44,43.1,True
LOP00000743,Lopac,COc1cc2c(CCNC(C)=O)c[nH]c2cc1Cl,42,41.2,True
LOP00000744,Lopac,O=NN(CCCl)C(=O)NCCCl,43,42.2,True
LOP00000745,Lopac,O=C(O)/C=C/c1ccc(O)c(O)c1,43,42.2,True
LOP00000746,Lopac,O=C1CCc2cc(OCCCCc3nnnn3C3CCCCC3)ccc2N1,43,42.2,True
LOP00000747,Lopac,O=P1(N(CCCl)CCCl)NCCCO1,41,40.2,True
LOP00000748,Lopac,CC(C)(CO)Cc1cc(C(C)(C)C)c(O)c(C(C)(C)C)c1,42,41.2,True
LOP00000749,Lopac,CC(C)(C=O)Cc1cc(C(C)(C)C)c(O)c(C(C)(C)C)c1,43,42.2,True
LOP00000750,Lopac,CCCCCCC(C)(C)c1ccc(C2CC(O)CCC2CCCO)c(O)c1,43,42.2,True
LOP00000751,Lopac,NC1CONC1=O,42,41.2,True
LOP00000752,Lopac,Cl.O=S(=O)(c1cccc2c(Cl)cccc12)N1CCCNCC1,43,42.2,True
LOP00000753,Lopac,Oc1cc(O)c2c(c1)OC(c1ccc(O)c(O)c1)C(O)C2,43,42.2,True
LOP00000754,Lopac,COc1ccc2c(c1)c(CC(=O)O)c(C)n2Cc1ccc(Cl)cc1,43,42.2,True
LOP00000755,Lopac,CN(C)CC/C=C1/c2ccccc2Sc2cc(Cl)ccc21.Cl,42,41.2,True
LOP00000756,Lopac,C[N+](C)(C)CCO.[Br-],44,43.1,True
LOP00000757,Lopac,NC(=O)c1cc(N2CC2)c([N+](=O)[O-])cc1[N+](=O)[O-],43,42.2,True
LOP00000758,Lopac,Cl.Cl.NCCC(=O)NCCc1cnc[nH]1,43,42.2,True
LOP00000759,Lopac,CC12CCC(=O)C=C1CCC1C2C(O)CC2(C)C(C(=O)CO)CCC12,45,44.1,True
LOP00000760,Lopac,[NH3+][Pt]1([NH3+])[O]C(=O)C2(CCC2)C(=O)[O]1,43,42.2,True
LOP00000761,Lopac,CC12CCC(=O)C=C1CCC1C2C(=O)CC2(C)C1CCC2(O)C(=O)CO,44,43.1,True
LOP00000762,Lopac,COc1ccc2c(c[n+](C)c3c4cc5c(cc4ccc23)OCO5)c1OC.[Cl-],42,41.2,True
LOP00000763,Lopac,Clc1ccc(C(c2ccccc2Cl)C(Cl)Cl)cc1,41,40.2,True
LOP00000764,Lopac,CC(=O)OCC(=O)C1(O)CCC2C3CCC4=CC(=O)CCC4(C)C3C(=O)CC21C,43,42.2,True
LOP00000765,Lopac,CC(=O)OCC1=C(C(=O)[O-])N2C(=O)C(NC(=O)CCCC(N)C(=O)[O-])C2SC1.[Zn+2],42,41.2,True
LOP00000766,Lopac,CCn1cnc2c(Nc3cccc(Cl)c3)nc(NC3CCCCC3N)nc21.Cl,42,41.2,True
LOP00000767,Lopac,CC(=O)OC1(C(C)=O)CCC2C3C=C(Cl)C4=CC(=O)C5CC5C4(C)C3CCC21C,42,41.2,True
LOP00000768,Lopac,COC(=O)C(N)Cc1ccc(Cl)cc1.Cl,42,41.2,True
LOP00000769,Lopac,Cn1cc(C(=O)OCC2CCN(CCNS(C)(=O)=O)CC2)c2ccccc21,42,41.2,True
LOP00000770,Lopac,NC(CS(=O)O)C(=O)O,42,41.2,True
LOP00000771,Lopac,CS(=O)(=O)O.Nc1ncnc2c1ncn2C1CCCC1,41,40.2,True
LOP00000772,Lopac,CC(=O)OCC1=C(C(=O)[O-])N2C(=O)C(NC(=O)Cc3cccs3)C2SC1.[Na+],40,39.2,True
LOP00000773,Lopac,CN(C)CCC=C1c2ccccc2C=Cc2ccccc21.Cl,43,42.2,True
LOP00000774,Lopac,CC1=C(C(=O)O)N2C(=O)C(NC(=O)C(N)c3ccccc3)C2SC1,43,42.2,True
LOP00000775,Lopac,CN(C)CCC(c1ccc(Cl)cc1)c1ccccn1.O=C(O)/C=C\C(=O)O,43,42.2,True
LOP00000776,Lopac,Cc1nnc(SCC2=C(C(=O)[O-])N3C(=O)C(NC(=O)Cn4cnnn4)C3SC2)s1.[Na+],44,43.1,True
LOP00000777,Lopac,Cl.Clc1ccc(Cn2c(CN3CCCC3)nc3ccccc32)cc1,42,41.2,True
LOP00000778,Lopac,C(=C/c1ccccc1)\CN1CCN(C(c2ccccc2)c2ccccc2)CC1,42,41.2,True
LOP00000779,Lopac,Cc1cc(NC(=O)Nc2ccc3c(ccn3C)c2)sn1,43,42.2,True
LOP00000780,Lopac,CO/N=C(\C(=O)NC1C(=O)N2C(C(=O)[O-])=C(CSc3nc(=O)c([O-])nn3C)CSC12)c1csc(N)n1.[Na+].[Na+],41,40.2,True
LOP00000781,Lopac,O=C(O)c1cc[c]([Hg][Cl])cc1,44,43.1,True
LOP00000782,Lopac,CN1C(=O)CCC1c1cccnc1,42,41.2,True
LOP00000783,Lopac,CC(Cc1ccc2c(c1)OC(C(=O)[O-])(C(=O)[O-])O2)NCC(O)c1cccc(Cl)c1.[Na+].[Na+],41,40.2,True
LOP00000784,Lopac,Oc1cc(-c2ccccc2)nc2nc(Cl)ccc12,42,41.2,True
LOP00000785,Lopac,Clc1ccccc1C(c1ccccc1)(c1ccccc1)n1ccnc1,42,41.2,True
LOP00000786,Lopac,COC1(NC(=O)CSCC#N)C(=O)N2C(C(=O)[O-])=C(CSc3nnnn3C)CSC21.[Na+],43,42.2,True
LOP00000787,Lopac,Cl.Nc1ccn(C2OC(CO)C(O)C2O)c(=O)n1,43,42.2,True
LOP00000788,Lopac,CCCN(CCC)C(=O)Cc1c(-c2ccc(Cl)cc2)nc2c(Cl)cc(Cl)cn12,41,40.2,True
LOP00000789,Lopac,NC(C(=O)NC1C(=O)N2C(C(=O)O)=C(Cl)CSC12)c1ccccc1,43,42.2,True
LOP00000790,Lopac,NC1CONC1=O,42,41.2,True
LOP00000791,Lopac,COc1cccc(C(=O)NCCN2CCN(c3ccc(Cl)cc3)CC2)c1,43,42.2,True
LOP00000792,Lopac,Cl.Cl.NCCSSCCN,43,42.2,True
LOP00000793,Lopac,CC12C(=O)OC(=O)C1(C)C1CCC2O1,43,42.2,True
LOP00000794,Lopac,Br.CN(C)CCCC1(c2ccc(F)cc2)OCc2cc(C#N)ccc21,42,41.2,True
LOP00000795,Lopac,CO/N=C(\C(=O)NC1C(=O)N2C(C(=O)[O-])=C(COC(C)=O)CSC12)c1csc(N)n1.[Na+],41,40.2,True
LOP00000796,Lopac,CN(C(=O)CCCOc1ccc2[nH]c(=O)ccc2c1)C1CCCCC1,42,41.2,True
LOP00000797,Lopac,O=C(O)c1cc(=O)cc(C(=O)O)[nH]1,42,41.2,True
LOP00000798,Lopac,CC1(C(=O)O)C2CCC(O2)C1(C)C(=O)O,43,42.2,True
LOP00000799,Lopac,NC(=O)c1cc[n+](CC2=C(C(=O)[O-])N3C(=O)C(NC(=O)C(c4ccccc4)S(=O)(=O)[O-])C3SC2)cc1.[Na+],43,42.2,True
LOP00000800,Lopac,O=C(/C=C/c1ccc(O)c(O)c1)OCCc1ccccc1,44,43.1,True
LOP00000801,Lopac,CC(=O)OCC1=C(C(=O)[O-])N2C(=O)C(NC(=O)CSc3ccncc3)C2SC1.[Na+],41,40.2,True
LOP00000802,Lopac,CC1=C(C(=O)O)N2C(=O)C(NC(=O)C(N)C3=CCC=CC3)C2SC1,43,42.2,True
LOP00000803,Lopac,CCn1nc(C(=O)O)c(=O)c2cc3c(cc21)OCO3,43,42.2,True
LOP00000804,Lopac,CN(C)CCOC(=O)COc1ccc(Cl)cc1.Cl,41,40.2,True
LOP00000805,Lopac,CN1CCCC1CCOC(C)(c1ccccc1)c1ccc(Cl)cc1.O=C(O)/C=C/C(=O)O,44,43.1,True
LOP00000806,Lopac,Cl.NC(CCl)C(=O)O,44,43.1,True
LOP00000807,Lopac,Oc1ccccc1O,44,43.1,True
LOP00000808,Lopac,O=C(NC(Cc1ccccc1)C(=O)CCl)OCc1ccccc1,44,43.1,True
LOP00000809,Lopac,CCOC(=O)C12CC1/C(=N/O)c1ccccc1O2,43,42.2,True
LOP00000810,Lopac,COc1cc2c(c(OC)c1OC)-c1ccc(OC)c(=O)cc1C(NC(C)=O)CC2,42,41.2,True
LOP00000811,Lopac,N=C(N)NOCCC(N)C(=O)O.O=S(=O)(O)O,44,43.1,True
LOP00000812,Lopac,NS(=O)(=O)c1cc2c(cc1Cl)NC(C1CC3C=CC1C3)NS2(=O)=O,42,41.2,True
LOP00000813,Lopac,OCC1OC(n2cnc3c(NC4CCCCC4)ncnc32)C(O)C1O,43,42.2,True
LOP00000814,Lopac,CCC1(O)C(=O)OCc2c1cc1n(c2=O)Cc2cc3ccccc3nc2-1,43,42.2,True
LOP00000816,Lopac,NC(C(=O)O)C1CC1C(=O)O,43,42.2,True
LOP00000817,Lopac,CNC(=O)C1OC(n2cnc3c(NCc4ccc(I)cc4)nc(Cl)nc32)C(O)C1O,43,42.2,True
LOP00000818,Lopac,CC1OC(OC2CC(O)C3(CO)C4C(O)CC5(C)C(C6COC(=O)C6)CCC5(O)C4CCC3(O)C2)C(O)C(O)C1O,44,43.1,True
LOP00000820,Lopac,Cc1cn(C2C=CC(CO)O2)c(=O)[nH]c1=O,44,43.1,True
LOP00000821,Lopac,O=C(CCCN1C=CC(n2c(=O)[nH]c3ccccc32)CC1)c1ccc(F)cc1,42,41.2,True
LOP00000822,Lopac,COC(=O)C(N)Cc1ccc(O)c(O)c1.Cl,43,42.2,True
LOP00000823,Lopac,Cl.OCC1NCC(O)C1O,44,43.1,True
LOP00000824,Lopac,O=[N+]([O-])c1ccc(OC2OC(CO)C(O)C(O)C2F)c([N+](=O)[O-])c1,43,42.2,True
LOP00000825,Lopac,OCC1OC(c2nc3cc(Cl)c(Cl)cc3[nH]2)C(O)C1O,43,42.2,True
LOP00000826,Lopac,Cc1cc(N)c2ccccc2[n+]1CCCCCCCCCCCCCC[n+]1c(C)cc(N)c2ccccc21.[I-].[I-],42,41.2,True
LOP00000827,Lopac,Br.COc1ccc2c(c1)C13CCCCC1C(C2)N(C)CC3,43,42.2,True
LOP00000828,Lopac,Cl.O=C(OCCN1CCCCC1)c1c[nH]c2ccccc12,44,43.1,True
LOP00000829,Lopac,CC(=O)C(C)=O,42,41.2,True
LOP00000830,Lopac,CN(C)C(=O)/N=N/C(=O)N(C)C,42,41.2,True
LOP00000831,Lopac,NC(C(=O)O)c1cc(O)cc(O)c1,42,41.2,True
LOP00000832,Lopac,Cc1cc(N)c2ccccc2[n+]1CCCCCCCCCC[n+]1c(C)cc(N)c2ccccc21.[Cl-].[Cl-],42,41.2,True
LOP00000833,Lopac,CN(C)CCOC(C)(c1ccccc1)c1ccccn1.O=C(O)CCC(=O)O,43,42.2,True
LOP00000835,Lopac,O=C1N=C(O)NC1(c1ccccc1)c1ccccc1,43,42.2,True
LOP00000836,Lopac,O=P([O-])(O)C(Cl)(Cl)P(=O)([O-])O.[Na+].[Na+],42,41.2,True
LOP00000837,Lopac,COc1cc(C(=O)OCCC[NH+]2CCC[NH+](CCCOC(=O)c3cc(OC)c(OC)c(OC)c3)CC2)cc(OC)c1OC.[Cl-].[Cl-],43,42.2,True
LOP00000839,Lopac,COC1=C(OC)C(=O)c2ccccc2C1=O,42,41.2,True
LOP00000840,Lopac,O=c1ccc2ccc(O)c(O)c2o1,44,43.1,True
LOP00000841,Lopac,CCC(=O)N1CCN(C(=O)c2ccccc2)CC1,40,39.2,True
LOP00000842,Lopac,Nc1ccn(C2CCC(CO)O2)c(=O)n1,42,41.2,True
LOP00000843,Lopac,O=C1C2C=CC=CC2=NC(=S)N1CCN1CCC(=C(c2ccc(F)cc2)c2ccc(F)cc2)CC1,42,41.2,True
LOP00000844,Lopac,Cl.Oc1cc2c(cc1O)C1c3ccccc3CNC1CC2,43,42.2,True
LOP00000845,Lopac,CN(C)C1C(O)=C(C(N)=O)C(=O)C2(O)C(O)=C3C(=O)c4c(O)ccc(Cl)c4C(O)C3CC12.Cl,43,42.2,True
LOP00000846,Lopac,O=C(O)CN(CCN(CC(=O)O)CC(=O)O)CCN(CC(=O)O)CC(=O)O,43,42.2,True
LOP00000847,Lopac,CCCCCCCCCCCCCCCC(O)C(N)CO,43,42.2,True
LOP00000848,Lopac,C#CCNC(C)Cc1ccccc1.Cl,43,42.2,True
LOP00000849,Lopac,c1ccc(-c2ccccn2)nc1,42,41.2,True
LOP00000850,Lopac,CC(C)N(CCC(C(N)=O)(c1ccccc1)c1ccccn1)C(C)C,43,42.2,True
LOP00000851,Lopac,COc1c2c(nc3ccccc13)OC(C(C)(O)CO)C2,43,42.2,True
LOP00000852,Lopac,CCN(CC)CCOC(=O)C1(C2CCCCC2)CCCCC1.Cl,43,42.2,True
LOP00000853,Lopac,O=c1oc(Cl)c(Cl)c2ccccc12,42,41.2,True
LOP00000854,Lopac,Cl.Cl.Clc1ccc(N2CC3CCC(C2)N3)nn1,42,41.2,True
LOP00000855,Lopac,CCCCCCCCCCC/C=C\C(C)(C)/C=C\CCCC(=O)O,42,41.2,True
LOP00000856,Lopac,CN(N=O)c1cc(O)ccc1O,41,40.2,True
LOP00000857,Lopac,Cl.N=C(NCc1ccc(Cl)c(Cl)c1)NC(=O)c1nc(Cl)c(N)nc1N,43,42.2,True
LOP00000858,Lopac,OCC1OC(n2cnc3cncnc32)C(O)C1O,43,42.2,True
LOP00000859,Lopac,C/C=C1\C(=O)CC2C3CCC4=CC(=O)CCC4(C)C3CCC12C,45,44.1,True
LOP00000860,Lopac,CCCCCCN(CCCCCC)C(=O)Cc1c(-c2ccc(F)cc2)[nH]c2ccccc12,42,41.2,True
LOP00000861,Lopac,CCC1Cc2cc(O)ccc2C2=C1c1ccc(O)cc1CC2CC,43,42.2,True
LOP00000862,Lopac,O=C1c2ccccc2-c2n[nH]c3cccc1c23,42,41.2,True
LOP00000864,Lopac,O=C(O)Cc1ccc(O)c(O)c1,43,42.2,True
LOP00000865,Lopac,CCn1c(=O)[nH]c2cc(Cl)c(Cl)cc21,41,40.2,True
LOP00000866,Lopac,Cl.OCC1NCC(O)C(O)C1O,44,43.1,True
LOP00000867,Lopac,COc1cc2nc(N3CCN(C(=O)C4COc5ccccc5O4)CC3)nc(N)c2cc1OC.CS(=O)(=O)O,43,42.2,True
LOP00000868,Lopac,CC1c2cccc(O)c2C(=O)C2=C(O)C3(O)C(=O)C(C(N)=O)=C(O)C(N(C)C)C3C(O)C21.Cl,44,43.1,True
LOP00000869,Lopac,CC(C)(C)C1(O)CCN2CC3c4ccccc4CCc4cccc(c43)C2C1.Cl,43,42.2,True
LOP00000870,Lopac,CCCn1c(=O)c2c(ncn2C)n(CCC)c1=O,41,40.2,True
LOP00000871,Lopac,CCCN(CCC)CCc1c[nH]c2ccc(C(N)=O)cc12.O=C(O)/C=C\C(=O)O,43,42.2,True
LOP00000872,Lopac,Cl.O=C(OC1CCN(CCCl)CC1)C(c1ccccc1)c1ccccc1,43,42.2,True
LOP00000874,Lopac,CCN(CC)C(=O)c1ccc(O)c(OC)c1,42,41.2,True
LOP00000875,Lopac,CC(C)CC(NC(=O)C(O)C(N)Cc1ccccc1)C(=O)O.Cl,44,43.1,True
LOP00000877,Lopac,CCc1cccc2c3c([nH]c12)C(CC)(CC(=O)O)OCC3,43,42.2,True
LOP00000878,Lopac,CSc1ccc(C(=O)c2[nH]c(=O)[nH]c2C)cc1,42,41.2,True
LOP00000879,Lopac,CCCCCCCCCCCCCCCCCCOCC(COP(=O)([O-])OCC[N+](C)(C)C)OC,42,41.2,True
LOP00000880,Lopac,Nc1ncnc2c1c(-c1ccc(Oc3ccccc3)cc1)cn2C1CCCC1,44,43.1,True
LOP00000881,Lopac,CCC1CN2CCc3cc(OC)c(OC)cc3C2CC1CC1NCCc2cc(OC)c(OC)cc21.Cl.Cl,42,41.2,True
LOP00000883,Lopac,CC(C)CC(NC(=O)C1OC1C(=O)O)C(=O)NCCCCNC(=N)N,42,41.2,True
LOP00000884,Lopac,O=C1NC(=O)C(c2ccccc2[N+](=O)[O-])=C1Nc1ccc(O)c(Cl)c1,40,39.2,True
LOP00000885,Lopac,Br.CCSC(=N)N,43,42.2,True
LOP00000887,Lopac,CC[N+](C)(C)c1cccc(O)c1.[Cl-],43,42.2,True
LOP00000888,Lopac,CCC1(C2=NCCN2)Cc2ccccc2O1.Cl,42,41.2,True
LOP00000889,Lopac,Cc1c2ccncc2c(C)c2c1[nH]c1ccccc12,44,43.1,True
LOP00000890,Lopac,O=c1c2ccccc2[se]n1-c1ccccc1,44,43.1,True
LOP00000891,Lopac,CCCCCCCCCCCCCCCC(=O)NCC(COP(=O)([O-])OCC[N+](C)(C)C)OCC,44,43.1,True
LOP00000892,Lopac,CCCCCCCCCCCCCCCCCC(=O)NCC(COP(=O)([O-])OCC[N+](C)(C)C)OCC,44,43.1,True
LOP00000893,Lopac,CCN1C(=O)C=CC1=O,42,41.2,True
LOP00000894,Lopac,O=C(O)CN(CCOCCOCCN(CC(=O)O)CC(=O)O)CC(=O)O,43,42.2,True
LOP00000895,Lopac,CNCC(O)c1ccc(O)c(O)c1.Cl,43,42.2,True
LOP00000897,Lopac,CCC1(C)CC(=O)NC1=O,42,41.2,True
LOP00000898,Lopac,O=C(O)C1C2CCC(O2)C1C(=O)O,44,43.1,True
LOP00000899,Lopac,CCCN(CC1CC1)c1nc(C)nc(Nc2c(Cl)cc(Cl)cc2Cl)c1Cl,40,39.2,True
LOP00000900,Lopac,CC12CCC3c4ccc(O)cc4CCC3C1CCC2O,42,41.2,True
LOP00000901,Lopac,CC12CCC3c4ccc(O)cc4CCC3C1CCC2=O,43,42.2,True
LOP00000902,Lopac,COC(=O)c1cc2c(cn1)[nH]c1ccccc12,45,44.1,True
LOP00000903,Lopac,CCc1c(C(=O)OC)ncc2[nH]c3cc(OC)c(OC)cc3c12,42,41.2,True
LOP00000904,Lopac,CCc1cc(Cl)c(OC)c(C(=O)NCC2CCN(CC)C2)c1O.Cl,43,42.2,True
LOP00000905,Lopac,OCC1OC(n2cnc3c(NC4CC5CCC4C5)ncnc32)C(O)C1O,44,43.1,True
LOP00000906,Lopac,CC(=O)OC1CC2(C)C(CC(O)C3C4(C)CCC(O)C(C)C4CCC32C)/C1=C(/CCC=C(C)C)C(=O)[O-].[Na+],43,42.2,True
LOP00000907,Lopac,Br.CC(Cc1ccc(O)cc1)NCC(O)c1cc(O)cc(O)c1,42,41.2,True
LOP00000908,Lopac,CNCCC(Oc1ccc(C(F)(F)F)cc1)c1ccccc1.Cl,41,40.2,True
LOP00000909,Lopac,CNCCC(Oc1ccc(C(F)(F)F)cc1)c1ccccc1.Cl,41,40.2,True
LOP00000910,Lopac,COc1ccc2c(c1)c(CC(=O)O)c(C)n2Cc1ccc(F)cc1,43,42.2,True
LOP00000911,Lopac,O=C([O-])c1cc2cc(Cc3cccnc3)ccc2o1.[Na+],41,40.2,True
LOP00000912,Lopac,NC(Cc1ccc(F)cc1)C(=O)O,43,42.2,True
LOP00000913,Lopac,Cl.O=C1NCC2(CCN(CCc3ccccc3)CC2)O1,42,41.2,True
LOP00000914,Lopac,CCOC(=O)c1ncn2c1CN(C)C(=O)c1cc(F)ccc1-2,42,41.2,True
LOP00000915,Lopac,COc1cc(=O)n(C)c2c(OCC(O)C(C)(C)O)cccc12,43,42.2,True
LOP00000916,Lopac,O=c1[nH]cc(F)c(=O)[nH]1,41,40.2,True
LOP00000917,Lopac,CC(=O)O.O=C(NCC1CCCCN1)c1cc(OCC(F)(F)F)ccc1OCC(F)(F)F,40,39.2,True
LOP00000918,Lopac,Br.Oc1ccc(C2CNCCc3c2cc(O)c(O)c3Cl)cc1,42,41.2,True
LOP00000919,Lopac,NC(N)=Nc1nc(CSCC/C(N)=N/S(N)(=O)=O)cs1,43,42.2,True
LOP00000920,Lopac,CCCn1c(=O)c2[nH]c(C3CCCC3)nc2n(CCCOC(=O)c2ccc(S(=O)(=O)F)cc2)c1=O,42,41.2,True
LOP00000921,Lopac,CC(C)=CCC/C(C)=C/CC/C(C)=C/CSc1ccccc1C(=O)O,42,41.2,True
LOP00000922,Lopac,CC1OC(n2cc(F)c(=O)[nH]c2=O)C(O)C1O,43,42.2,True
LOP00000923,Lopac,CCOC(=O)Nc1ccc(NCc2ccc(F)cc2)nc1N.O=C(O)/C=C\C(=O)O,44,43.1,True
LOP00000924,Lopac,CC(C)C(=O)Nc1ccc([N+](=O)[O-])c(C(F)(F)F)c1,41,40.2,True
LOP00000925,Lopac,CC(C)(C(=O)O)c1ccc(C(O)CCCN2CCC(C(O)(c3ccccc3)c3ccccc3)CC2)cc1,43,42.2,True
LOP00000926,Lopac,CC(Cc1ccc(C=O)cc1)NCC(O)c1ccc(O)c(NCO)c1.CC(Cc1ccc(C=O)cc1)NCC(O)c1ccc(O)c(NCO)c1.O=C(O)/C=C/C(=O)O,42,41.2,True
LOP00000927,Lopac,CCOC(=O)C1=C(C)NC(C)=C(C(=O)OC)C1c1cccc(Cl)c1Cl,41,40.2,True
LOP00000929,Lopac,NC(=O)CNCCC(c1ccccc1)c1ccccc1,43,42.2,True
LOP00000930,Lopac,CN(C)c1cc2c(Nc3ccc4c(cnn4Cc4ccccc4)c3)ncnc2cn1,42,41.2,True
LOP00000931,Lopac,Cl.N=C(N)NC(=O)Cc1c(Cl)cccc1Cl,42,41.2,True
LOP00000932,Lopac,Nc1nc2c(ncn2COC(CO)CO)c(=O)[nH]1,63,61.8,True
LOP00000933,Lopac,N=C(N)Nc1ccc2[nH]c3c(c2c1)CC1(O)C2Cc4ccc(O)c5c4C1(CCN2CC1CC1)C3O5.O=C(O)C(F)(F)F.O=C(O)C(F)(F)F,63,61.8,True
LOP00000934,Lopac,Br.Br.N=C(N)NCCSSCCNC(=N)N,62,60.8,True
LOP00000935,Lopac,O=C1Nc2ccc(I)cc2/C1=C/c1cc(Br)c(O)c(Br)c1,63,61.8,True
LOP00000936,Lopac,N=C(N)NC(CCC(=O)O)C(=O)O,62,60.8,True
LOP00000937,Lopac,NC(CCC(=O)NCS(=O)(=O)O)C(=O)O,62,60.8,True
LOP00000938,Lopac,Br.CN1C2CCC1CC(OC(=O)C(O)c1ccccc1)C2,62,60.8,True
LOP00000939,Lopac,COc1cc2c(CCNC(C)=O)c[nH]c2cc1O,63,61.8,True
LOP00000940,Lopac,C[N+](C)(C)CCCCCC[N+](C)(C)C.[Br-].[Br-],63,61.8,True
LOP00000941,Lopac,NCCS(=O)O,63,61.8,True
LOP00000942,Lopac,Cl.NNc1nncc2ccccc12,63,61.8,True
LOP00000943,Lopac,Cl.OCc1c[nH]cn1,63,61.8,True
LOP00000944,Lopac,CC12CCC(=O)C=C1CCC1C2C(O)CC2(C)C1CCC2(O)C(=O)COC(=O)CCC(=O)[O-].[Na+],62,60.8,True
LOP00000945,Lopac,NC(Cc1cc(O)c(O)cc1O)C(=O)O,62,60.8,True
LOP00000946,Lopac,NC(C(=O)O)C(O)C(=O)O,63,61.8,True
LOP00000947,Lopac,Nc1c2c(nc3ccccc13)CCCC2O.O=C(O)/C=C\C(=O)O,62,60.8,True
LOP00000948,Lopac,CC12CCC(=O)C=C1CCC1C2C(O)CC2(C)C1CCC2(O)C(=O)CO,62,60.8,True
LOP00000949,Lopac,COC(=O)C(NC(=O)c1cc(-c2ccccc2)nc2ccccc12)c1ccccc1,62,60.8,True
LOP00000950,Lopac,O=c1cc(O)cc(/C=C/c2ccc(O)c(O)c2)o1,62,60.8,True
LOP00000951,Lopac,CC(=O)C1(O)CCC2C3CCC4=CC(=O)CCC4(C)C3CCC21C,63,61.8,True
LOP00000952,Lopac,CCCc1c(-c2ccc(O)cc2)nn(-c2ccc(O)cc2)c1-c1ccc(O)cc1,62,60.8,True
LOP00000953,Lopac,Oc1ccc(Cn2ccnc2S)cc1,62,60.8,True
LOP00000954,Lopac,Cc1nccc2c1[nH]c1ccccc12,62,60.8,True
LOP00000955,Lopac,CC(=O)O.N=C(NO)NCCCC(N)C(=O)O,62,60.8,True
LOP00000957,Lopac,CC1=C(/C=C/C(C)=C/C=C/C(C)=C/C(=O)Nc2ccc(O)cc2)C(C)(C)CCC1,62,60.8,True
LOP00000958,Lopac,CCCCC#Cc1nc(N)c2ncn(C3OC(C(=O)NCC)C(O)C3O)c2n1,61,59.8,True
LOP00000959,Lopac,NC(=O)NO,62,60.8,True
LOP00000960,Lopac,CN1C2CCC1CC(OC(=O)C(CO)c1ccccc1)C2,62,60.8,True
LOP00000961,Lopac,Oc1ccc(O)cc1,63,61.8,True
LOP00000962,Lopac,N#CSc1ccc2oc(C3=NCCN3)cc2c1,63,61.8,True
LOP00000963,Lopac,CCCc1c(OCCCOc2ccc(OCC(=O)O)cc2)ccc(C(C)=O)c1O,62,60.8,True
LOP00000964,Lopac,NNC(=O)c1ccc(O)cc1,62,60.8,True
LOP00000965,Lopac,CCCCCC(O)CCCC(=O)[O-].[Na+],62,60.8,True
LOP00000966,Lopac,Br.CCCN(CCC)C1CCc2cccc(O)c2C1,62,60.8,True
LOP00000967,Lopac,Br.CCCN(CCC)C1CCc2ccc(O)cc2C1,63,61.8,True
LOP00000968,Lopac,CC(C)C(=O)c1c(C(C)C)nn2ccccc12,61,59.8,True
LOP00000969,Lopac,Cl.O=C(O)Cc1c[nH]cn1,63,61.8,True
LOP00000970,Lopac,O=C1Nc2ccccc2/C1=C1/Nc2ccccc2/C1=N\O,62,60.8,True
LOP00000971,Lopac,O=C1C(SCCO)=C(SCCO)C(=O)c2ccccc21,62,60.8,True
LOP00000972,Lopac,O=C1CCC(c2ccc(-n3ccnc3)cc2)=NN1,63,61.8,True
LOP00000973,Lopac,NC(=O)CI,62,60.8,True
LOP00000974,Lopac,Cl.O=S(=O)(c1cccc2ncccc12)N1CCNCC1,62,60.8,True
LOP00000975,Lopac,CC(=O)C1(O)Cc2c(O)c3c(c(O)c2C(OC2CC(N)C(O)C(C)O2)C1)C(=O)c1ccccc1C3=O,62,60.8,True
LOP00000976,Lopac,COc1ccc2[nH]c(I)c(CCNC(C)=O)c2c1,62,60.8,True
LOP00000977,Lopac,COc1cc2c(cc1C(F)(F)F)N(C(=O)Nc1cc(F)cc(-c3cccnc3)c1)CC2,63,61.8,True
LOP00000978,Lopac,Cl.Fc1ccc(CN(C2=NCCN2)c2c(Cl)cccc2Cl)cc1,62,60.8,True
LOP00000979,Lopac,Cl.O=S(=O)(c1cccc2c(I)cccc12)N1CCCNCC1,62,60.8,True
LOP00000980,Lopac,CCC(NC(C)C)C(O)c1ccc(O)c(O)c1.CS(=O)(=O)O,62,60.8,True
LOP00000981,Lopac,CCCC(=O)NCCc1c2n(c3ccc(OC)cc13)Cc1ccccc1-2,63,61.8,True
LOP00000982,Lopac,Cl.c1ccc2c(c1)OCC(C1=NCCN1)O2,63,61.8,True
LOP00000983,Lopac,CC1CN(S(=O)(=O)c2cccc3cnccc23)CCN1.Cl.Cl,62,60.8,True
LOP00000984,Lopac,CC(C)NCC(O)c1ccc(O)c(O)c1.Cl,63,61.8,True
LOP00000985,Lopac,CC1CNCCN1S(=O)(=O)c1cccc2cnccc12.Cl.Cl,62,60.8,True
LOP00000986,Lopac,CCC(C)C1OC2(CCC1C)CC1CC(C/C=C(\C)C(OC3CC(OC)C(OC4CC(OC)C(O)C(C)O4)C(C)O3)C(C)/C=C/C=C3\COC4C(O)C(C)=CC(C(=O)O1)C34O)O2,63,61.8,True
LOP00000987,Lopac,CCn1ccnc1CC1COc2ccccc2O1.Cl,63,61.8,True
LOP00000988,Lopac,Cc1cc(C)c(NC(=O)CC(CC(=O)[O-])c2cccc3ccccc23)c(C(=O)N2CCC3(CCCC3)CC2)c1.[Na+],62,60.8,True
LOP00000989,Lopac,N=C(N)NCc1cccc(I)c1.N=C(N)NCc1cccc(I)c1.O=S(=O)(O)O,62,60.8,True
LOP00000990,Lopac,Cl.Fc1ccc(C(OCCCc2c[nH]cn2)c2ccc(F)cc2)cc1,63,61.8,True
LOP00000991,Lopac,CC(C)Cc1ccc(C(C)C(=O)O)cc1,63,61.8,True
LOP00000992,Lopac,COc1ccc2c(c1)c(CC(=O)N1CCOCC1)c(C)n2C(=O)c1ccc(Cl)cc1,62,60.8,True
LOP00000993,Lopac,CCCn1c(C)c(C(=O)c2ccc3ccccc3c2)c2ccccc21,63,61.8,True
LOP00000994,Lopac,NC(CO)(CO)CO.O=C(c1ccccc1)c1ccc2n1CCC2C(=O)O,63,61.8,True
LOP00000995,Lopac,CC(C(=O)O)c1cccc(C(=O)c2ccccc2)c1,62,60.8,True
LOP00000996,Lopac,CCCC(=O)NCCc1c2n(c3ccc(OC)cc13)CCCc1ccccc1-2,63,61.8,True
LOP00000997,Lopac,CN1CCC(=C2c3ccccc3CC(=O)c3sccc32)CC1.O=C(O)/C=C/C(=O)O,61,59.8,True
LOP00000998,Lopac,O=C1Cc2c([nH]c3ccc(Br)cc23)-c2ccccc2N1,63,61.8,True
LOP00000999,Lopac,CCN1CC2(C)CCC(O)C34C5CC6C(OC)CC(O)(C(CC23)C14)C5C6O,62,60.8,True
LOP00001000,Lopac,O=c1[nH]c2cc(Cl)ccc2c(O)c1-c1ccc(Oc2ccccc2)cc1,62,60.8,True
LOP00001001,Lopac,CC(C(=O)O)c1ccc(CC2CCCC2=O)cc1,62,60.8,True
LOP00001002,Lopac,CC(CCc1ccccc1)NCC(O)c1ccc(O)c(C(N)=O)c1.Cl,62,60.8,True
LOP00001003,Lopac,Cc1cccc(C)c1NC(=O)C[N+](C)(C)C.[Cl-],62,60.8,True
LOP00001004,Lopac,CC1(C)CCC2=C(O1)c1ccccc1C(=O)C2=O,62,60.8,True
LOP00001005,Lopac,O=S1(=O)N(CCN2CC=C(c3c[nH]c4cc(F)ccc34)CC2)c2cccc3c2N1CCC3,62,60.8,True
LOP00001006,Lopac,CCn1cc(C(=O)O)c(=O)c2cc(F)c(N3CCNC(C)C3)c(F)c21.Cl,62,60.8,True
LOP00001007,Lopac,CN1C(CC(=O)c2ccccc2)CCCC1CC(O)c1ccccc1.Cl,62,60.8,True
LOP00001008,Lopac,O=C(O)c1nn(Cc2ccc(Cl)cc2Cl)c2ccccc12,63,61.8,True
LOP00001009,Lopac,Cc1oncc1C(=O)Nc1ccc(C(F)(F)F)cc1,62,60.8,True
LOP00001010,Lopac,CC(N)CN1CCc2ccc(Br)cc21.CC(N)CN1CCc2ccc(Br)cc21.O=C(O)/C=C/C(=O)O,62,60.8,True
LOP00001011,Lopac,CC(C)CC(N)CSSCC(N)CC(C)C.Cl.Cl,62,60.8,True
LOP00001012,Lopac,CN1CCc2ccccc2Cc2[nH]c3ccccc3c2CC1,63,61.8,True
LOP00001013,Lopac,Cc1c(OCC(F)(F)F)ccnc1CS(=O)c1nc2ccccc2[nH]1,62,60.8,True
LOP00001014,Lopac,Cl.c1ccc(CN2CCC3(CCCc4ccccc43)CC2)cc1,62,60.8,True
LOP00001015,Lopac,C/C(O)=C(\C#N)C(=O)Nc1cc(Br)ccc1Br,63,61.8,True
LOP00001016,Lopac,O=c1cc(-c2ccc(O)c(O)c2)oc2cc(O)cc(O)c12,63,61.8,True
LOP00001017,Lopac,Cc1c(CC(C)(C)C(=O)O)n(Cc2ccc(Cl)cc2)c2ccc(F)cc12,62,60.8,True
LOP00001018,Lopac,CCOC(=O)N1CCC(=C2c3ccc(Cl)cc3CCc3cccnc32)CC1,62,60.8,True
LOP00001019,Lopac,Cl.c1ccc(C2CN3CCSC3=N2)cc1,62,60.8,True
LOP00001020,Lopac,CCOC(=O)c1ncn2c1C1CCCN1C(=O)c1cc(OC)ccc1-2,63,61.8,True
LOP00001021,Lopac,CCN(CC)C(=O)NC1C=C2c3cccc4[nH]cc(c34)CC2N(C)C1,61,59.8,True
LOP00001022,Lopac,Cl.Cl.Cl.Ic1ccc(N2CCN(Cc3c[nH]c4ncccc34)CC2)cc1,61,59.8,True
LOP00001023,Lopac,OC1(c2ccc(Cl)cc2)CCN(Cc2c[nH]c3ccccc23)CC1,62,60.8,True
LOP00001024,Lopac,Cl.FC(F)(F)c1cc(COC2CCCNC2c2ccccc2)cc(C(F)(F)F)c1,64,62.7,True
LOP00001025,Lopac,Cc1cccc(C)c1OCC(N)C(C)C.I,62,60.8,True
LOP00001026,Lopac,COc1cc(CNC(=O)CCCCCCC(C)C)ccc1O,62,60.8,True
LOP00001027,Lopac,COc1ccc2cc(C(C)C(=O)[O-])ccc2c1.[Na+],62,60.8,True
LOP00001028,Lopac,Cc1cn[nH]c1.Cl,62,60.8,True
LOP00001029,Lopac,COC(=O)Nc1nc2cc(C(=O)c3cccs3)ccc2[nH]1,63,61.8,True
LOP00001030,Lopac,CNCCc1c[nH]c2ccc(O)cc12.O=C(O)C(=O)O,62,60.8,True
LOP00001031,Lopac,COc1nc(C)nc(Cl)c1NC1=NCCN1.Cl,63,61.8,True
LOP00001032,Lopac,CN1CC(O)C(O)C(O)C1CO,62,60.8,True
LOP00001033,Lopac,NC(Cc1ccc(N(CCCl)CCCl)cc1)C(=O)O,62,60.8,True
LOP00001034,Lopac,CC(C)NCC(O)c1cc(O)cc(O)c1.CC(C)NCC(O)c1cc(O)cc(O)c1.O=S(=O)(O)O,62,60.8,True
LOP00001035,Lopac,CCC(C)C(=O)OC1CCC=C2C=CC(C)C(CCC3CC(O)CC(=O)O3)C21,61,59.8,True
LOP00001036,Lopac,COCc1nc2c(=O)n(C)c(=O)n(CC(C)C)c2[nH]1,61,59.8,True
LOP00001037,Lopac,Cc1cccc(C)c1OCC(C)N.Cl,62,60.8,True
LOP00001038,Lopac,CCC(CO)NC(=O)C1C=C2c3cccc4[nH]cc(c34)CC2N(C)C1.O=C(O)/C=C\C(=O)O,62,60.8,True
LOP00001039,Lopac,CCOC(=O)[N-]c1c[n+](N2CCOCC2)no1,63,61.8,True
LOP00001040,Lopac,Cc1nnc2cc(-c3ccc(C(F)(F)F)cc3)cnn12,61,59.8,True
LOP00001041,Lopac,NC(=O)c1ncn(C2OC(CO)C(O)C2O)c1O,63,61.8,True
LOP00001042,Lopac,CC[N+](CC)(CC)COc1ccc(/C=C/c2ccccc2)cc1.[I-],62,60.8,True
LOP00001043,Lopac,COC(=O)C(C)(N)Cc1ccc(O)cc1.Cl,63,61.8,True
LOP00001044,Lopac,CCCCCCCCCCCCCCCCOCC(COCC(F)(F)F)OP(=O)([O-])OCO.[Li+],62,60.8,True
LOP00001045,Lopac,CN(C(=O)Cc1ccc(Cl)c(Cl)c1)C1CCCCC1N1CCCC1.O=C(O)C(O)C(O)C(=O)O,61,59.8,True
LOP00001046,Lopac,CNc1ncnc2c1ncn2C1CC(OP(=O)([O-])O)C(COP(=O)([O-])O)O1.[NH4+].[NH4+],63,61.8,True
LOP00001047,Lopac,O=c1c(O)c(-c2ccc(O)cc2O)oc2cc(O)cc(O)c12,63,61.8,True
LOP00001048,Lopac,Cc1ccc(Cl)c(Nc2ccccc2C(=O)[O-])c1Cl.[Na+],63,61.8,True
LOP00001049,Lopac,CC(=O)Oc1cc(C(C)C)c(OCCN(C)C)cc1C.Cl,62,60.8,True
LOP00001050,Lopac,CS(=N)(=O)CCC(N)C(=O)O,62,60.8,True
LOP00001051,Lopac,COCCc1ccc(OCC(O)CNC(C)C)cc1.COCCc1ccc(OCC(O)CNC(C)C)cc1.O=C(O)C(O)C(O)C(=O)O,62,60.8,True
LOP00001052,Lopac,Cc1cccc(C#Cc2ccccc2)n1.Cl,62,60.8,True
LOP00001053,Lopac,COCC(=O)OC1(CCN(C)CCCc2nc3ccccc3[nH]2)CCc2cc(F)ccc2C1C(C)C.Cl.Cl,62,60.8,True
LOP00001054,Lopac,Cc1ccccc1/C=C/C1=NCCN1.O=C(O)C(=O)O,62,60.8,True
LOP00001055,Lopac,O=C(Nc1ccccc1)c1cc([N+](=O)[O-])ccc1Cl,62,60.8,True
LOP00001056,Lopac,COc1cc2c(cc1O)CCC1C2CCC2(C)C(O)CCC12,63,61.8,True
LOP00001057,Lopac,Cl.Cl.O=C1c2c(O)ccc(O)c2C(=O)c2c(NCCNCCO)ccc(NCCNCCO)c21,64,62.7,True
LOP00001058,Lopac,COc1ccc2[nH]cc(CCN)c2c1.Cl,63,61.8,True
LOP00001059,Lopac,C[Se]CC(N)C(=O)O.Cl,62,60.8,True
LOP00001060,Lopac,CC(C)C(NC(=O)OCc1ccccc1)C(=O)NC(C=O)Cc1ccccc1,62,60.8,True
LOP00001061,Lopac,O=c1c(O)c(-c2cc(O)c(O)c(O)c2)oc2cc(O)cc(O)c12,63,61.8,True
LOP00001062,Lopac,CN1CCC2(CCN3CCc4c(oc5ccccc45)C3C2)N(C)C1=O.Cl,61,59.8,True
LOP00001063,Lopac,CC(N)(Cc1ccc(O)c(O)c1)C(=O)O,62,60.8,True
LOP00001064,Lopac,Cc1nc(/N=N/c2ccc(C(=O)[O-])cc2)c(COP(=O)([O-])[O-])c(C=O)c1O.[Na+].[Na+].[Na+],63,61.8,True
LOP00001065,Lopac,CNc1cc(NS(=O)(=O)c2ccc(N)cc2)nc(NC)n1.Cl.Cl,63,61.8,True
LOP00001066,Lopac,NC(=O)COc1c(F)cc(SCCNS(=O)(=O)c2ccccc2)cc1F,62,60.8,True
LOP00001067,Lopac,CC#CC1(O)CCC2C3CCC4=CC(=O)CCC4=C3C(c3ccc(N(C)C)cc3)CC21C,62,60.8,True
LOP00001068,Lopac,CCOC(=O)C1=C(C)NC(=S)NC1c1cccc(O)c1,63,61.8,True
LOP00001069,Lopac,Cn1ccnc1,63,61.8,True
LOP00001070,Lopac,CN(C)CCN(Cc1cccs1)c1ccccn1.Cl,62,60.8,True
LOP00001071,Lopac,CN(N=O)c1ccc(O)c(O)c1,63,61.8,True
LOP00001072,Lopac,CNCCCC12CCC(c3ccccc31)c1ccccc12.Cl,63,61.8,True
LOP00001074,Lopac,CC1OC(C[N+](C)(C)C)CC1O.[Cl-],62,60.8,True
LOP00001075,Lopac,CS(=O)(=O)O.S=C=Nc1cccc(C2(N3CCCCC3)CCCCC2)c1,61,59.8,True
LOP00001076,Lopac,Cl.[NH-]c1c[n+](N2CCOCC2)no1,63,61.8,True
LOP00001077,Lopac,COc1ccccc1N1CCN(CCN(C(=O)c2ccc(F)cc2)c2ccccn2)CC1.Cl.Cl,61,59.8,True
LOP00001078,Lopac,O=C(O)c1cccnc1Nc1cccc(C(F)(F)F)c1,62,60.8,True
LOP00001079,Lopac,CS(=O)(=O)Nc1ccc([N+](=O)[O-])cc1Oc1ccccc1,62,60.8,True
LOP00001081,Lopac,CC1(C)CCC(NC(=O)C(N)CCC(=O)O)CC1,62,60.8,True
LOP00001082,Lopac,CC(=O)NC(C(=O)O)C(C)(C)SN=O,62,60.8,True
LOP00001083,Lopac,O=C(Nc1ccc([N+](=O)[O-])cc1Cl)c1cc(Cl)ccc1O,62,60.8,True
LOP00001084,Lopac,O=C([O-])/C=C/C(O)c1ccc(Cl)cc1.[Na+],62,60.8,True
LOP00001085,Lopac,NC(CCC(=O)NC(CSN=O)C(=O)NCC(=O)O)C(=O)O,63,61.8,True
LOP00001086,Lopac,O=C([O-])CC1CCCc2ccccc2C1O.[Na+],62,60.8,True
LOP00001087,Lopac,CCn1cc(C(=O)[O-])c(=O)c2ccc(C)nc21.[Na+],62,60.8,True
LOP00001088,Lopac,O=C(Nc1cc(C(=O)Nc2ccc(S(=O)(=O)[O-])cc2S(=O)(=O)[O-])cc(C(=O)Nc2ccc(S(=O)(=O)[O-])cc2S(=O)(=O)[O-])c1)Nc1cc(C(=O)Nc2ccc(S(=O)(=O)[O-])cc2S(=O)(=O)[O-])cc(C(=O)Nc2ccc(S(=O)(=O)[O-])cc2S(=O)(=O)[O-])c1.[Na+].[Na+].[Na+].[Na+].[Na+].[Na+].[Na+].[Na+],63,61.8,True
LOP00001089,Lopac,CC(Cc1ccc(O)c(O)c1)C(C)Cc1ccc(O)c(O)c1,62,60.8,True
LOP00001090,Lopac,CN1CCCC1c1cccnc1.O=C(O)C(O)C(O)C(=O)O.O=C(O)C(O)C(O)C(=O)O,62,60.8,True
LOP00001091,Lopac,Cl.c1ccc2cc(CC3=NCCN3)ccc2c1,63,61.8,True
LOP00001092,Lopac,O=C(O)CC[N+](=O)[O-],63,61.8,True
LOP00001093,Lopac,CCCCN1CCC(n2c(=O)[nH]c3ccccc32)CC1.O=C(O)C(=O)O,62,60.8,True
LOP00001094,Lopac,C[N+](C)(C)CCC(=O)c1cccc2ccccc12.[I-],61,59.8,True
LOP00001095,Lopac,O=Nc1ccc2oc(=O)ccc2c1,63,61.8,True
LOP00001096,Lopac,CC1(C)NC(=O)N(c2ccc([N+](=O)[O-])c(C(F)(F)F)c2)C1=O,61,59.8,True
LOP00001097,Lopac,O=C(Nc1cccc(C(=O)Nc2ccc(S(=O)(=O)[O-])c3cc(S(=O)(=O)[O-])cc(S(=O)(=O)[O-])c23)c1)Nc1cccc(C(=O)Nc2ccc(S(=O)(=O)[O-])c3cc(S(=O)(=O)[O-])cc(S(=O)(=O)[O-])c23)c1.[Na+].[Na+].[Na+].[Na+].[Na+].[Na+],62,60.8,True
LOP00001098,Lopac,Cc1ncc(CNC(=O)N(CCCl)N=O)c(N)n1,61,59.8,True
LOP00001099,Lopac,O=C1OC(=O)C2C3CCC(O3)C12,63,61.8,True
LOP00001100,Lopac,CN1CCCC1c1cccnc1.Cc1ccc(C(=O)OC(C(=O)O)C(OC(=O)c2ccc(C)cc2)C(=O)O)cc1,62,60.8,True
LOP00001101,Lopac,Cl.O=C(CCCN1CCC2(CC1)C(=O)N(CCc1ccc(N=C=S)cc1)CN2c1ccccc1)c1ccc(F)cc1,62,60.8,True
LOP00001102,Lopac,C=CCN1CCC23c4c5ccc(O)c4OC2/C(=N/N=C2\CCC4(O)C6Cc7ccc(O)c8c7C4(CCN6CC=C)C2O8)CCC3(O)C1C5.Cl.Cl,61,59.8,True
LOP00001103,Lopac,CCCCCCCC/C=C\CCCCCCCC(=O)NCCO,62,60.8,True
LOP00001104,Lopac,CCn1cc(C(=O)O)c(=O)c2cc3c(cc21)OCO3,63,61.8,True
LOP00001105,Lopac,CCCCCCC/C=C\CCCCCCCCC(=O)O,62,60.8,True
LOP00001106,Lopac,Cc1cc(C)c(/C=C2\C(=O)Nc3ccccc32)[nH]1,63,61.8,True
LOP00001107,Lopac,NC(=O)C(=O)[O-].[Na+],63,61.8,True
LOP00001108,Lopac,CCN(CC)CC#CCOC(=O)C(O)(c1ccccc1)C1CCCCC1.Cl,62,60.8,True
LOP00001109,Lopac,NC(=O)CN1CC(O)CC1=O,63,61.8,True
LOP00001110,Lopac,CC1OC(OC2CC(O)C3(CO)C4C(O)CC5(C)C(C6=CC(=O)OC6)CCC5(O)C4CCC3(O)C2)C(O)C(O)C1O,62,60.8,True
LOP00001111,Lopac,Cc1ccccc1C(OCCN(C)C)c1ccccc1.Cl,62,60.8,True
LOP00001112,Lopac,CCC1/C=C/C=C/CC(C)C(O)C(C)(O)C(=O)C(C)C(O)C(C)C(=O)C(C)C(O)C(C)/C=C/C(=O)OC2C(C)C(CC1)OC1(CCC(C)C(CC(C)O)O1)C2C,63,61.8,True
LOP00001113,Lopac,CC(C)c1ccc2c(c1)c(SC(C)(C)C)c(CC(C)(C)C(=O)[O-])n2Cc1ccc(Cl)cc1.[Na+],62,60.8,True
LOP00001114,Lopac,CC1COc2c(N3CCN(C)CC3)c(F)cc3c(=O)c(C(=O)O)cn1c23,63,61.8,True
LOP00001115,Lopac,O=C(O)/C=C/C(=O)O.O=C(O)/C=C/C(=O)O.O=C(O)/C=C/C(=O)O.O=C1CCCN1CC#CCN1CCCC1.O=C1CCCN1CC#CCN1CCCC1,62,60.8,True
LOP00001116,Lopac,O=c1[nH]c2ccccc2n1CCCN1CCN(C(c2ccccc2)c2ccccc2)CC1,62,60.8,True
LOP00001117,Lopac,Cn1cc(C2=C(c3ccc(Cl)cc3Cl)C(=O)NC2=O)c2ccccc21,61,59.8,True
LOP00001118,Lopac,O=C(O)CCc1nc(-c2ccccc2)c(-c2ccccc2)o1,62,60.8,True
LOP00001120,Lopac,CC(=O)C1CCC2C3CCC4=CC(=O)CCC4(C)C3CCC12C,62,60.8,True
LOP00001121,Lopac,CCCCCCCCCCCCCCCC(=O)NCCO,62,60.8,True
LOP00001122,Lopac,Oc1cc(O)cc(/C=C/c2ccc(O)c(O)c2)c1,63,61.8,True
LOP00001123,Lopac,C=C1C(=O)OC2C1CC/C(C)=C\CCC1(C)OC21,63,61.8,True
LOP00001124,Lopac,N#Cc1c(-c2ccccc2)no[n+]1[O-],62,60.8,True
LOP00001125,Lopac,CC(=O)OC1CC2CCC3C(CCC4(C)C3CC([N+]3(C)CCCCC3)C4OC(C)=O)C2(C)CC1[N+]1(C)CCCCC1.[Br-].[Br-],63,61.8,True
LOP00001126,Lopac,CC12CCC(O)CC1CCC1C2CCC2(C)C(C(=O)CO)CCC12,62,60.8,True
LOP00001127,Lopac,Cc1ccc(=O)n(-c2ccccc2)c1,62,60.8,True
LOP00001128,Lopac,Cn1c(=O)c2[nH]c(-c3ccccc3)nc2n(C)c1=O,61,59.8,True
LOP00001129,Lopac,Cl.O=C(OCCN1CCOCC1)C1(c2ccccc2)CCCCC1,63,61.8,True
LOP00001130,Lopac,Cc1nc(/N=N\c2cc(S(=O)(=O)[O-])c3cc([N+](=O)[O-])cc(S(=O)(=O)[O-])c3c2)c(COP(=O)([O-])[O-])c(C=O)c1O.[Na+].[Na+].[Na+].[Na+],63,61.8,True
LOP00001131,Lopac,N=C1Sc2ccccc2C2=NCCCN12,63,61.8,True
LOP00001132,Lopac,C[N+]1(CCCCC[N+]2(C)CCCC2)CCCC1.O=C([O-])C(O)C(O)C(=O)O.O=C([O-])C(O)C(O)C(=O)O,62,60.8,True
LOP00001133,Lopac,S=C(Nc1ccccc1)Nc1nccs1,62,60.8,True
LOP00001134,Lopac,C=C/C(C)=C/C1(C)SC(=O)C(C)=C1O,63,61.8,True
LOP00001136,Lopac,CC(C)C(CO)Nc1nc(Nc2cccc(Cl)c2)c2ncn(C(C)C)c2n1,61,59.8,True
LOP00001137,Lopac,CCCCCCCCCCCCCCCC(=O)OC(CC(=O)O)C[N+](C)(C)C.[Cl-],55,53.9,True
LOP00001138,Lopac,O=C(C1CCCCC1)N1CC(=O)N2CCc3ccccc3C2C1,55,53.9,True
LOP00001139,Lopac,CCCNCC(O)COc1ccccc1C(=O)CCc1ccccc1.Cl,56,54.9,True
LOP00001140,Lopac,CC(=O)C1CCC2C3CCC4CC(O)CCC4(C)C3C(=O)CC12C,56,54.9,True
LOP00001141,Lopac,CN1C(C)(C)CCCC1(C)C.O=C(O)C(O)C(O)C(=O)O,55,53.9,True
LOP00001142,Lopac,NC(=O)CN1CCCC1=O,56,54.9,True
LOP00001143,Lopac,CC1OC1P(=O)([O-])[O-].[Na+].[Na+],55,53.9,True
LOP00001144,Lopac,CN1C(C(=O)Nc2ccccn2)=C(O)c2ccccc2S1(=O)=O,56,54.9,True
LOP00001145,Lopac,OCCN1CCN(CCCN2c3ccccc3Sc3ccc(Cl)cc32)CC1,56,54.9,True
LOP00001146,Lopac,C1CCc2nnnn2CC1,56,54.9,True
LOP00001147,Lopac,CCC1C(=O)OCC1Cc1cncn1C.O=[N+]([O-])O,56,54.9,True
LOP00001148,Lopac,CN(C)CCCN1c2ccccc2Sc2ccccc21.Cl,55,53.9,True
LOP00001149,Lopac,NNCCc1ccccc1.O=S(=O)(O)O,55,53.9,True
LOP00001150,Lopac,O=C(O)CP(=O)(O)O,56,54.9,True
LOP00001151,Lopac,C=C(C)C1CC=C(C(=O)O)CC1,56,54.9,True
LOP00001152,Lopac,NC(=O)c1cnccn1,56,54.9,True
LOP00001153,Lopac,CCCCCCCCCC(=O)NC(CN1CCOCC1)C(O)c1ccccc1.Cl,56,54.9,True
LOP00001154,Lopac,Cl.Cl.NCCCCN,56,54.9,True
LOP00001155,Lopac,CCC(=O)c1ccc2c(c1)N(CCCN(C)C)c1ccccc1S2.Cl,54,52.9,True
LOP00001157,Lopac,O=C(CCc1ccc(O)cc1)c1c(O)cc(O)cc1O,56,54.9,True
LOP00001158,Lopac,CCCCCCCCCCCCCC(=O)OC1C(C)C2(O)C(C=C(CO)CC3(O)C(=O)C(C)=CC32)C2C(C)(C)C12OC(C)=O,55,53.9,True
LOP00001159,Lopac,Br.Br.N=C(N)SCCc1cccc(CCSC(=N)N)c1,56,54.9,True
LOP00001160,Lopac,C=CC1=C(C)c2cc3[nH]c(cc4nc(cc5[nH]c(cc1n2)c(C)c5CCC(=O)O)C(CCC(=O)O)=C4C)c(C)c3C=C,56,54.9,True
LOP00001161,Lopac,Br.Br.N=C(N)SCCc1ccc(CCSC(=N)N)cc1,56,54.9,True
LOP00001162,Lopac,COc1ccc(C(=O)NCc2cccnc2)cc1C(=O)NCc1cccnc1,56,54.9,True
LOP00001163,Lopac,CC(C)NCC(O)COc1cccc2ccccc12.Cl,56,54.9,True
LOP00001164,Lopac,S=C([S-])N1CCCC1.[NH4+],56,54.9,True
LOP00001165,Lopac,O=c1[nH]c2ccccc2c2ccccc12,56,54.9,True
LOP00001166,Lopac,CC(=O)C1CCC2C3CCC4CC(O)CCC4(C)C3CCC12C,56,54.9,True
LOP00001167,Lopac,CC(C)[N+](C)(CCOC(=O)C1c2ccccc2Oc2ccccc21)C(C)C.[Br-],56,54.9,True
LOP00001168,Lopac,O=C(O)/C=C\C(=O)O.c1cnc(N2CCN(Cc3ccc4c(c3)OCO4)CC2)nc1,56,54.9,True
LOP00001169,Lopac,NCC1OC(OC2C(CO)OC(OC3C(O)C(N)CC(N)C3OC3OC(CO)C(O)C(O)C3N)C2O)C(N)C(O)C1O.O=S(=O)(O)O,57,55.9,True
LOP00001170,Lopac,c1cnc2c(c1)ccc1cccnc12,56,54.9,True
LOP00001171,Lopac,CCCNC(C)C(=O)Nc1ccccc1C.Cl,56,54.9,True
LOP00001172,Lopac,CCCNCC(O)COc1ccccc1C(=O)CCc1ccccc1.Cl,56,54.9,True
LOP00001173,Lopac,CCN(CC)CCOC(=O)c1ccc(N)cc1.Cl,56,54.9,True
LOP00001174,Lopac,COc1cccc(-c2cc(=O)c3ccccc3o2)c1N,56,54.9,True
LOP00001175,Lopac,CCCN1CCOC2c3cc(O)ccc3OCC21.Cl,56,54.9,True
LOP00001176,Lopac,O=c1c(O)c(-c2ccc(O)c(O)c2)oc2cc(O)cc(O)c12,56,54.9,True
LOP00001177,Lopac,CC1C(=O)N=C2Nc3cccc(Cl)c3CN21,55,53.9,True
LOP00001178,Lopac,CCCN1CCCC2Cc3n[nH]cc3CC21.Cl.Cl,56,54.9,True
LOP00001179,Lopac,CC12CCC(=O)C=C1CCC1C2CCC2(C)C1CCC2(O)C(=O)CO,55,53.9,True
LOP00001181,Lopac,CC(NCCc1ccc(O)cc1)C(O)c1ccc(O)cc1.Cl,56,54.9,True
LOP00001182,Lopac,Cl.O=C(c1ccc(OCCN2CCCCC2)cc1)c1c(-c2ccc(O)cc2)sc2cc(O)ccc12,57,55.9,True
LOP00001183,Lopac,CC1=C(/C=C/C(C)=C/C=C/C(C)=C/C(=O)O)C(C)(C)CCC1,56,54.9,True
LOP00001184,Lopac,[Cl-].[Cl-].[Cl-].[Cl-].[Cl-].[Cl-].[NH3+][Ru]([NH3+])([NH3+])([NH3+])([NH3+])[O][Ru]([NH3+])([NH3+])([NH3+])([NH3+])[O][Ru]([NH3+])([NH3+])([NH3+])([NH3+])[NH3+],56,54.9,True
LOP00001185,Lopac,CC1=C(/C=C/C(C)=C/C=C/C(C)=C\C(=O)O)C(C)(C)CCC1,56,54.9,True
LOP00001186,Lopac,O=c1c2ccccc2nc2n1CCc1c-2[nH]c2ccccc12,56,54.9,True
LOP00001187,Lopac,CCCCCC(O)c1cccc(OCc2ccc3ccccc3n2)c1,56,54.9,True
LOP00001188,Lopac,CC(=O)c1c(O)c(C)c(O)c(Cc2c(O)c3c(c(C(=O)/C=C/c4ccccc4)c2O)OC(C)(C)C=C3)c1O,56,54.9,True
LOP00001189,Lopac,CC(CN1CCC(Cc2ccccc2)CC1)C(O)c1ccc(O)cc1.Cl,56,54.9,True
LOP00001190,Lopac,CC(C)CC(NP(=O)([O-])OC1OC(C)C(O)C(O)C1O)C(=O)NC(Cc1c[nH]c2ccccc12)C(=O)[O-].[Na+].[Na+],56,54.9,True
LOP00001191,Lopac,CCC(CO)Nc1nc(NCc2ccccc2)c2ncn(C(C)C)c2n1,56,54.9,True
LOP00001192,Lopac,C=C(C)C1Cc2c(ccc3c2OC2COc4cc(OC)c(OC)cc4C2C3=O)O1,56,54.9,True
LOP00001193,Lopac,COC1(C2=NCCN2)COc2ccccc2O1.Cl,56,54.9,True
LOP00001194,Lopac,NC(=O)c1ncn(C2OC(CO)C(O)C2O)n1,57,55.9,True
LOP00001195,Lopac,Nc1c(S(=O)(=O)[O-])cc(Nc2ccc(Nc3nc(Cl)nc(Nc4ccc(S(=O)(=O)[O-])cc4)n3)c(S(=O)(=O)[O-])c2)c2c1C(=O)c1ccccc1C2=O.[Na+].[Na+].[Na+],56,54.9,True
LOP00001196,Lopac,COc1ccc(CCNCC(O)c2ccc(O)cc2)cc1OC,56,54.9,True
LOP00001197,Lopac,COc1ccc(NC(=O)c2ccc(-c3ccc(-c4noc(C)n4)cc3C)cc2)cc1N1CCN(C)CC1.Cl,56,54.9,True
LOP00001198,Lopac,CC(C)NCC(O)c1ccc(NS(C)(=O)=O)cc1.Cl,56,54.9,True
LOP00001199,Lopac,COc1ccc(NC(=O)/C=C/c2ccc(Cl)cc2)cc1,56,54.9,True
LOP00001200,Lopac,N#[O+].[C-]#N.[C-]#N.[C-]#N.[C-]#N.[C-]#N.[Fe+2].[Na+].[Na+],55,53.9,True
LOP00001201,Lopac,CNCC(O)c1ccc(O)cc1,56,54.9,True
LOP00001202,Lopac,CC(C)C1NC(=O)C(CCCCN)NC(=O)C(Cc2c[nH]c3ccccc23)NC(=O)C(Cc2ccc(O)cc2)NC(=O)C(C)N(C)C(=O)C(Cc2ccccc2)NC1=O,55,53.9,True
LOP00001203,Lopac,CC1=C(CC(=O)O)c2cc(F)ccc2/C1=C\c1ccc(S(C)(=O)=O)cc1,56,54.9,True
LOP00001204,Lopac,COc1ccccc1N1CCN(CCCCNS(=O)(=O)c2cccc3c(N(C)C)cccc23)CC1.O=C(O)/C=C\C(=O)O,54,52.9,True
LOP00001205,Lopac,CN1CCc2cccc(Cl)c2CC1.Cl,55,53.9,True
LOP00001206,Lopac,COc1ccc(-n2nc(C(F)(F)F)cc2-c2ccc(Cl)cc2)cc1,56,54.9,True
LOP00001207,Lopac,C[N+]1(C)C2CC(OC(=O)C(CO)c3ccccc3)CC1C1OC12.O=[N+]([O-])[O-],56,54.9,True
LOP00001208,Lopac,CCCCCCCCCCCCCCCCCC(=O)OC(CC(=O)O)C[N+](C)(C)C.[Cl-],55,53.9,True
LOP00001209,Lopac,C=CCN1CC(C)N(C(c2ccc(C(=O)N(CC)CC)cc2)c2cccc(OC)c2)CC1C,55,53.9,True
LOP00001210,Lopac,Br.Cc1cccc(C2CN(C)CCc3c2cc(O)c(O)c3Cl)c1,55,53.9,True
LOP00001211,Lopac,Br.CN1CCc2cc(O)c(O)cc2C(c2ccccc2)C1,56,54.9,True
LOP00001212,Lopac,CC(=O)NNC(=O)N1Cc2ccccc2Oc2ccc(Cl)cc21,55,53.9,True
LOP00001213,Lopac,Br.Oc1ccc(C2CNCc3sccc32)cc1O,56,54.9,True
LOP00001214,Lopac,Br.CN1CCc2c(cc(O)c(O)c2Cl)C(c2cccc(Cl)c2)C1,55,53.9,True
LOP00001215,Lopac,CCCCN1CCC(COC(=O)c2cc(Cl)c(N)c3c2OCCO3)CC1.Cl,55,53.9,True
LOP00001216,Lopac,CCCCCCCC/C=C\CCCCCCCC(=O)NCCc1ccc(O)c(O)c1,55,53.9,True
LOP00001217,Lopac,Br.C/N=c1/nc(-c2ccccc2)n(-c2ccccc2)s1,55,53.9,True
LOP00001218,Lopac,O=C(O)CCC(=O)N1CCCC1C(=O)O,57,55.9,True
LOP00001219,Lopac,CC1CCN(CCC2CCCN2S(=O)(=O)c2cccc(O)c2)CC1.Cl,56,54.9,True
LOP00001220,Lopac,CCN1CCCC1CNC(=O)c1cc(S(N)(=O)=O)ccc1OC,56,54.9,True
LOP00001221,Lopac,COc1ccc(CCCOc2cc(CCn3ccnc3)ccc2OC)cc1.Cl,55,53.9,True
LOP00001222,Lopac,CC#CCOC(=O)c1c(C)nc2sc3c(c2c1N)CCC(O)C3,56,54.9,True
LOP00001223,Lopac,CC(C)(C)NCC(O)c1ccc(O)c(CO)c1,55,53.9,True
LOP00001224,Lopac,OCc1cc(C(O)CNCCCCCCOCCCCc2ccccc2)ccc1O,55,53.9,True
LOP00001225,Lopac,C[N+]1(C)C2CC(OC(=O)C(CO)c3ccccc3)CC1C1OC12.[Br-],56,54.9,True
LOP00001226,Lopac,CCc1ccccc1OCC(O)CNC1CCc2ccccc2C1.O=C(O)C(=O)O,56,54.9,True
LOP00001227,Lopac,Cl.O=C(Cc1ccc(Cl)c(Cl)c1)N1CCCCC1CN1CCCC1,57,55.9,True
LOP00001228,Lopac,Cc1ccc(O)c(N=Nc2ccccc2)n1,56,54.9,True
LOP00001229,Lopac,Cc1cccc(/C=C/c2ccccc2)n1,56,54.9,True
LOP00001230,Lopac,COc1ccc(/C=C/C(=O)Nc2ccccc2C(=O)O)cc1OC,56,54.9,True
LOP00001231,Lopac,CCN(CC)CCNC(=O)c1cc(S(C)(=O)=O)ccc1OC.Cl,56,54.9,True
LOP00001232,Lopac,NCCS(=O)(=O)O,56,54.9,True
LOP00001233,Lopac,CCN(CC)C(=S)SSC(=S)N(CC)CC,56,54.9,True
LOP00001234,Lopac,Clc1cnc(Oc2ccc(Oc3ncc(Cl)cc3Cl)cc2)c(Cl)c1,57,55.9,True
LOP00001235,Lopac,CC(C)NP(=O)(NC(C)C)OP(=O)(NC(C)C)NC(C)C,56,54.9,True
LOP00001236,Lopac,Cl.c1ccc(C2CN3CCSC3=N2)cc1,55,53.9,True
LOP00001237,Lopac,CCCCCCCCCCCCCCSCC(=O)O,55,53.9,True
LOP00001238,Lopac,COc1cc2c(cc1OC)-c1c/c(=N\c3c(C)cc(C)cc3C)n(C)c(=O)n1CC2.Cl,56,54.9,True
LOP00001239,Lopac,CC(C)(C)c1cc(/C=C(\C#N)C(N)=S)cc(C(C)(C)C)c1O,55,53.9,True
LOP00001240,Lopac,CC(C)(C)NCC(O)c1cc(O)cc(O)c1.CC(C)(C)NCC(O)c1cc(O)cc(O)c1.O=S(=O)(O)O,55,53.9,True
LOP00001241,Lopac,CN(C)CCCN1c2ccccc2Sc2ccc(C(F)(F)F)cc21.Cl,55,53.9,True
LOP00001242,Lopac,CC(CN(C)C)CN1c2ccccc2CCc2ccccc21.O=C(O)/C=C\C(=O)O,54,52.9,True
LOP00001243,Lopac,N#C/C(=C\c1ccc(O)c(O)c1)C(=O)NCc1ccccc1,56,54.9,True
LOP00001244,Lopac,C/C(=C\c1ccc(C(=O)O)cc1)c1ccc2c(c1)C(C)(C)CCC2(C)C,56,54.9,True
LOP00001246,Lopac,COc1cc2nc(N3CCN(C(=O)OCc4ccccc4)C(C(=O)NC(C)(C)C)C3)nc(N)c2cc1OC,55,53.9,True
LOP00001247,Lopac,COc1cc2ncnc(Nc3cccc(Cl)c3)c2cc1OC,56,54.9,True
LOP00001248,Lopac,Cl.c1ccc2c(c1)CCCC2C1=NCCN1,55,53.9,True
LOP00001249,Lopac,Cc1ccc(S(=O)(=O)NC(Cc2ccccc2)C(=O)CCl)cc1,57,55.9,True
LOP00001250,Lopac,CC(NC(=O)/C(C#N)=C/c1ccc(O)c(O)c1)c1ccccc1,56,54.9,True
LOP00001251,Lopac,O=C1c2c(O)cc(O)cc2OC(c2ccc(O)c(O)c2)C1O,56,54.9,True
LOP00001252,Lopac,COc1cc2nc(N3CCN(C(=O)C4CCCO4)CC3)nc(N)c2cc1OC.Cl,56,54.9,True
LOP00001253,Lopac,N#C/C(=C\c1ccc(O)c(O)c1)C(=O)NCCCNC(=O)/C(C#N)=C/c1ccc(O)c(O)c1,56,54.9,True
LOP00001254,Lopac,N#C/C(=C\c1ccc(O)c(O)c1)C(=O)NCCCc1ccccc1,55,53.9,True
LOP00001255,Lopac,N#C/C(=C\c1ccc(O)c(O)c1)C(=O)NCCc1ccccc1,55,53.9,True
LOP00001256,Lopac,N#C/C(=C\c1c[nH]c2ccccc12)C(=O)c1ccc(O)c(O)c1,56,54.9,True
LOP00001257,Lopac,CC(NC(=O)/C(C#N)=C/c1ccc(O)c(O)c1)c1ccccc1,56,54.9,True
LOP00001258,Lopac,O=C(O)CCCCC1CCSS1,54,52.9,True
LOP00001259,Lopac,O=C(O)CNC(=O)C(CS)Cc1ccccc1,56,54.9,True
LOP00001260,Lopac,CC(C)(C)NCC(O)c1ccccc1Cl.Cl,55,53.9,True
LOP00001261,Lopac,COc1cc(C=C(C#N)C#N)cc(O)c1O,56,54.9,True
LOP00001262,Lopac,CC12C=CC(=O)C=C1CCC1C3CC(O)C(O)(C(=O)CO)C3(C)CC(O)C12F,54,52.9,True
LOP00001263,Lopac,N#CC(C#N)=C(N)/C(C#N)=C/c1ccc(O)cc1,56,54.9,True
LOP00001264,Lopac,COc1ccc(C=C(C#N)C#N)cc1,56,54.9,True
LOP00001265,Lopac,CCSC(=N)Nc1ccc(C(F)(F)F)cc1.Cl,56,54.9,True
LOP00001266,Lopac,Cc1ccc(S(=O)(=O)NC(CCCCN)C(=O)CCl)cc1.Cl,56,54.9,True
LOP00001267,Lopac,N#CC(C#N)=Cc1cc(O)c(O)c(O)c1,56,54.9,True
LOP00001268,Lopac,FC(F)(F)c1ccccc1-n1ccnc1,56,54.9,True
LOP00001269,Lopac,N#C/C(=C/c1ccc(O)c(O)c1)C(N)=S,56,54.9,True
LOP00001270,Lopac,N#CC(C#N)=C/C(N)=C(/C#N)c1cc(O)c(O)c(O)c1,56,54.9,True
LOP00001271,Lopac,COC(=O)c1c(-c2cc(OC)c(OC)c(OC)c2)c2ccc(OCc3ccccn3)cc2c(=O)n1-c1ccc(N)cc1.O=S(=O)(O)O,56,54.9,True
LOP00001272,Lopac,COc1cc(/C=C(\C#N)C(=O)c2ccc(O)c(O)c2)cc(I)c1O,56,54.9,True
LOP00001273,Lopac,N#C/C(=C\c1ccc(O)c(O)c1)C(=O)c1ccc(O)c(O)c1,56,54.9,True
LOP00001274,Lopac,CNCCC(Oc1ccccc1C)c1ccccc1,56,54.9,True
LOP00001275,Lopac,COC(=O)c1c(-c2cc(OC)c(OC)c(OC)c2)c2ccnc(OCc3ncccn3)c2c(=O)n1Cc1ccnc(C)c1.Cl,56,54.9,True
LOP00001276,Lopac,C/C=C(/C)C(=O)OC1C(C)=C2C(C1OC(=O)CCCCCCC)C(C)(OC(C)=O)CC(OC(=O)CCC)C1(O)C2OC(=O)C1(C)O,55,53.9,True
LOP00001277,Lopac,N#CC(C#N)=Cc1ccc([N+](=O)[O-])c(O)c1,56,54.9,True
LOP00001278,Lopac,C[N+]1(C)C2CCC1CC(OC(=O)c1c[nH]c3ccccc13)C2.[I-],56,54.9,True
LOP00001279,Lopac,O=C1CCC(N2C(=O)c3ccccc3C2=O)C(=O)N1,56,54.9,True
LOP00001280,Lopac,CCCCC/C=C\CC(O)/C=C/c1cccc(CC(O)CCCCO)n1,56,54.9,True
LOP00001281,Lopac,O=c1ccn(C2OC(COP(=O)([O-])OP(=O)([O-])O)C(O)C2O)c(=O)[nH]1.[Na+].[Na+],56,54.9,True
LOP00001282,Lopac,CC12C=CC(=O)C=C1CCC1C2=CCC2(C)C(C(=O)CN3CCN(c4cc(N5CCCC5)nc(N5CCCC5)n4)CC3)CCC12.O=C(O)/C=C\C(=O)O,56,54.9,True
LOP00001283,Lopac,Cc1c(C)c2c(c(C)c1O)CCC(C)(CN1CCN(c3cc(N4CCCC4)nc(N4CCCC4)n3)CC1)O2.Cl.Cl,57,55.9,True
LOP00001284,Lopac,O=C(O)/C=C/c1c[nH]cn1,56,54.9,True
LOP00001285,Lopac,CN(C(=O)Cc1ccccc1)C1CCC2(CCCO2)CC1N1CCCC1,57,55.9,True
LOP00001286,Lopac,N#CC(=C(\N)Sc1ccccc1N)/C(C#N)=C(/N)Sc1ccccc1N,56,54.9,True
LOP00001287,Lopac,CCC1(O)CC2CN(CCc3c([nH]c4ccccc34)C(C(=O)OC)(c3cc4c(cc3OC)N(C)C3C(O)(C(=O)OC)C(OC(C)=O)C5(CC)C=CCN6CCC43C65)C2)C1.O=S(=O)(O)O,53,52.0,True
LOP00001288,Lopac,COc1ccccc1NC(=O)Nc1nc(-c2cccnc2)nc2ccccc12,56,54.9,True
LOP00001290,Lopac,CCC1(O)CC2CN(CCc3c([nH]c4ccccc34)C(C(=O)OC)(c3cc4c(cc3OC)N(C=O)C3C(O)(C(=O)OC)C(OC(C)=O)C5(CC)C=CCN6CCC43C65)C2)C1.O=S(=O)(O)O,53,52.0,True
LOP00001291,Lopac,CCCCCCCCC(=O)NCc1ccc(O)c(OC)c1,56,54.9,True
LOP00001292,Lopac,CC(Oc1ccc(Oc2cnc3ccc(Cl)cc3n2)cc1)C(=O)[O][Na],56,54.9,True
LOP00001293,Lopac,COCC1OC(=O)c2coc3c2C1(C)C1=C(C3=O)C2CCC(=O)C2(C)CC1OC(C)=O,57,55.9,True
LOP00001294,Lopac,CC(=N)NCc1cccc(CN)c1.Cl.Cl,56,54.9,True
LOP00001295,Lopac,CS(=O)(=O)O.Cc1c(C(=O)c2cccc3ccccc23)c2cccc3c2n1C(CN1CCOCC1)CO3,57,55.9,True
LOP00001296,Lopac,CC12Cc3cn4c(nc3C=C1CCC1C2CCC2(C)C1CCC2(O)C#N)nc1ccccc14,56,54.9,True
LOP00001297,Lopac,Cc1cc(C(C)(C)C)cc(C)c1CC1=NCCN1.Cl,56,54.9,True
LOP00001298,Lopac,OCc1ccc(-c2nn(Cc3ccccc3)c3ccccc23)o1,56,54.9,True
LOP00001299,Lopac,N=S(=O)([O-])Cc1noc2ccccc12.[Na+],55,53.9,True
LOP00001301,Lopac,COc1cc(-c2ccc(=O)[nH]n2)ccc1OC(F)F,56,54.9,True
LOP00001302,Lopac,CCCCC/C=C\C/C=C\C/C=C\C/C=C\CCCC(=O)NCC(=O)O,55,53.9,True
LOP00001303,Lopac,COc1ccc(CNC(=O)/C=C/c2ccc3[nH]cc(CCN(C)C)c3c2)cc1,56,54.9,True
LOP00001304,Lopac,CCNC(=O)N1CCN(CCCC(c2ccc(F)cc2)c2ccc(F)cc2)CC1.Cl,56,54.9,True
LOP00001305,Lopac,CS(=O)(=O)O.Cn1cc(C(F)(F)F)nc1-c1ccc(OCC(O)CNCCOc2ccc(O)c(C(N)=O)c2)cc1,55,53.9,True
LOP00001306,Lopac,COc1cccc2c1C1CN(CCCCn3c(=O)[nH]c4c(sc5ncc(-c6ccccc6)nc54)c3=O)CC1CO2.Cl,56,54.9,True
LOP00001308,Lopac,CN(CCOc1ccc(CC(Nc2ccccc2C(=O)c2ccccc2)C(=O)O)cc1)c1ccccn1,57,55.9,True
LOP00001309,Lopac,CC(C)(Sc1ccc(CCN(CCCCC2CCCCC2)C(=O)NC2CCCCC2)cc1)C(=O)O,54,52.9,True
LOP00001310,Lopac,CCCCOC(=O)NS(=O)(=O)c1sc(CC(C)C)cc1-c1ccc(Cn2c(CC)nc3c(C)cc(C)nc32)cc1,57,55.9,True
LOP00001311,Lopac,Nc1nnc(-c2cccc(Cl)c2Cl)c(N)n1,56,54.9,True
LOP00001312,Lopac,CCCn1c(=O)c2nc(-c3ccc(OCC(=O)Nc4ccc(C#N)cc4)cc3)[nH]c2n(CCC)c1=O,55,53.9,True
LOP00001313,Lopac,Br.CCCN1CCC2c3cc(O)ccc3CCC21,56,54.9,True
LOP00001314,Lopac,CCCN(CCC)CCc1cccc2c1CC(=O)N2.Cl,56,54.9,True
LOP00001315,Lopac,COc1ccccc1OCC(O)CN1CCN(CC(=O)Nc2c(C)cccc2C)CC1.Cl.Cl,57,55.9,True
LOP00001316,Lopac,Cl.O=C(O)C1CCCN(CCC=C(c2ccccc2)c2ccccc2)C1,57,55.9,True
LOP00001317,Lopac,O=C(NCCNCC(O)COc1ccc(O)cc1)N1CCOCC1.O=C(NCCNCC(O)COc1ccc(O)cc1)N1CCOCC1.O=C(O)/C=C/C(=O)O,56,54.9,True
LOP00001318,Lopac,CCS(=O)(=O)Nc1cccc(C(=C2CCCCC2)c2cnc[nH]2)c1,56,54.9,True
LOP00001319,Lopac,O=C(O)c1ccccc1Nc1cccc(OCc2ccc3ccccc3n2)c1,56,54.9,True
LOP00001320,Lopac,CCN(CC)C(=O)NC1CC2c3cccc4[nH]cc(c34)CC2N(C)C1,56,54.9,True
LOP00001321,Lopac,C#CCN1C(C)=C(C(=O)OC)C(c2cccc([N+](=O)[O-])c2)C(C(=O)OCC)=C1C,56,54.9,True
LOP00001322,Lopac,Cc1cnc(NC(=O)C2=C([O][Na])c3ccccc3S(=O)(=O)N2C)s1,56,54.9,True
LOP00001323,Lopac,CN(C)c1ccc(/C=C2\C(=O)Nc3ccccc32)cc1,56,54.9,True
LOP00001324,Lopac,Cc1ccccc1N1CCN(S(=O)(=O)CC23CCC(CC2NC(=O)C(N)CCS(C)(=O)=O)C3(C)C)CC1.Cl,55,53.9,True
LOP00001325,Lopac,CN1CCc2cc(NC(=O)Nc3cccnc3)ccc21.Cl,56,54.9,True
LOP00001326,Lopac,CP(=O)(O)CCCN.Cl,55,53.9,True
LOP00001327,Lopac,NC/C=C\C(=O)O,55,53.9,True
LOP00001328,Lopac,O=C(O)c1cc(O)c2ccc(Cl)cc2n1,56,54.9,True
LOP00001329,Lopac,Br.COC1CC=C2CCN3CCC4=C(CC(=O)OC4)C23C1,56,54.9,True
LOP00001330,Lopac,Cl.NCCCC(N)(C(=O)O)C(F)F,55,53.9,True
LOP00001331,Lopac,Cc1nc2c(OCc3ccccc3)cccn2c1CC#N,55,53.9,True
LOP00001332,Lopac,CCCN1CCCC(c2cccc(C#N)c2)C1.Cl,56,54.9,True
LOP00001333,Lopac,Cl.Cl.OCCN1CCN(CC/C=C2/c3ccccc3Sc3ccc(C(F)(F)F)cc32)CC1,56,54.9,True
LOP00001334,Lopac,Cc1nc2c([nH]1)c(=O)n(C)c(=O)n2Cc1ccco1,56,54.9,True
LOP00001335,Lopac,COc1[nH]c2ccc(F)cc2c1C(=O)OCC1CCN(CCNS(C)(=O)=O)CC1.NS(=O)(=O)[O-].[H+],56,54.9,True
LOP00001336,Lopac,C=CCN1CCC23CCCCC2C1Cc1ccc(O)cc13.O=C(O)C(O)C(O)C(=O)O,55,53.9,True
LOP00001337,Lopac,CSc1nc(N)c2ncn(C3OC(COP(=O)([O-])OP(=O)([O-])[O-])C(O)C3O)c2n1.[Na+].[Na+].[Na+],55,53.9,True
LOP00001338,Lopac,Cl.O=C(O)C1=CCCN(CCON=C(c2ccccc2)c2ccccc2)C1,56,54.9,True
LOP00001339,Lopac,CN(C)S(=O)(=O)c1ccc2c(c1)/C(=C/c1cc3c([nH]1)CCCC3)C(=O)N2,56,54.9,True
LOP00001340,Lopac,COc1ccc(-c2cc[c+](N)n(CCCC(=O)O)n2)cc1.[Br-],55,53.9,True
LOP00001341,Lopac,CCCN(CCC)C1CCc2c(F)ccc(O)c2C1.Cl,56,54.9,True
LOP00001342,Lopac,CN1CCc2cccc3c2C1Cc1ccc(O)c(O)c1-3.Cl,56,54.9,True
LOP00001343,Lopac,CCC(C)N(C)C(=O)c1cc2ccccc2c(-c2ccccc2Cl)n1,46,45.1,True
LOP00001344,Lopac,O=C1CN(/N=C/c2ccc(-c3ccc([N+](=O)[O-])cc3)o2)C(=O)[N-]1.[Na+],45,44.1,True
LOP00001345,Lopac,Nc1cc(O)nc(N)n1,44,43.1,True
LOP00001346,Lopac,CCOC(=O)c1cnc2c(cnn2CC)c1NN=C(C)C.Cl,45,44.1,True
LOP00001347,Lopac,CC(C(O)c1ccc(O)cc1)N1CCC(Cc2ccccc2)CC1.CC(C(O)c1ccc(O)cc1)N1CCC(Cc2ccccc2)CC1.O=C(O)C(O)C(O)C(=O)O,45,44.1,True
LOP00001348,Lopac,CC(=N)NCCCCC(N)C(=O)O.Cl,46,45.1,True
LOP00001349,Lopac,Cl.O=c1cc(N2CCOCC2)oc2c(-c3ccccc3)cccc12,45,44.1,True
LOP00001350,Lopac,CCCCCCCCCCCCCCCCCCNC(=O)OCC(COP(=O)([O-])OCC[n+]1ccsc1)OC,46,45.1,True
