compound_id,library,smiles,num_active_strains,percent_active,is_selective
SPE01501007,Spectrum,Br.CC(Cc1ccc(O)cc1)NCC(O)c1cc(O)cc(O)c1,49,48.0,True
SPE00211425,Spectrum,Br.CC(N)Cc1ccc(O)cc1,50,49.0,True
SPE01500534,Spectrum,Br.CN1C2CC(OC(=O)C(CO)c3ccccc3)CC1C1OC12,51,50.0,True
SPE01500332,Spectrum,Br.CN1C2CCC1CC(OC(=O)C(O)c1ccccc1)C2,52,51.0,True
SPE01500680,Spectrum,Br.COC(=O)C1=CCCN(C)C1,50,49.0,True
SPE01501014,Spectrum,Br.COc1c2c(cc3c1OCO3)CCN(C)C2,52,51.0,True
SPE01500233,Spectrum,Br.COc1ccc2c(c1)C13CCCCC1C(C2)N(C)CC3,51,50.0,True
SPE01501202,Spectrum,Br.COc1ccc2c3c1OC1CC(O)C=CC31CCN(C)C2,51,50.0,True
SPE01503393,Spectrum,O=C(CCBr)N1CCN(C(=O)CCBr)CC1,49,48.0,True
SPE02300347,Spectrum,C1CCc2nnnn2CC1,51,50.0,True
SPE01503204,Spectrum,C(=C/N1CCN(C(c2ccccc2)c2ccccc2)CC1)\Cc1ccccc1,50,49.0,True
SPE01500490,Spectrum,C1CNCCN1,51,50.0,True
SPE01500394,Spectrum,C1N2CN3CN1CN(C2)C3,49,48.0,True
SPE01504180,Spectrum,c1cc2c(cc1C1OCC3C(c4ccc5c(c4)OCO5)OCC13)OCO2,50,49.0,True
SPE00201281,Spectrum,C=CC(C1=CC(=O)C=CC1=O)c1ccccc1,48,47.1,True
SPE01503620,Spectrum,C=CCc1ccc2c(c1)OCO2,50,49.0,True
SPE01501107,Spectrum,C=C(C)C1C2OC(=O)C1C1(O)CC3OC34C(=O)OC2C14C,49,48.0,True
SPE01502101,Spectrum,C=C(C)C1CC=C(C(=O)O)CC1,51,50.0,True
SPE00501100,Spectrum,C=C(C)C1CCC(C)(O)C2CC3OC3(C)C2C1,50,49.0,True
SPE01504081,Spectrum,C=C(C)C1CCC2(C(=O)O)CCC3C(CCC4C3(C)CCC3C(C)(C)C(O)CCC34C)C12,51,50.0,True
SPE01500815,Spectrum,C=C(C)C1CCC2(CO)CCC3(C)C(CCC4C5(C)CCC(O)C(C)(C)C5CCC43C)C12,51,50.0,True
SPE02300228,Spectrum,C=C(C)C1CNC(C(=O)O)C1CC(=O)O,51,50.0,True
SPE00100540,Spectrum,C=C(C)C1COc2cc3oc(=O)ccc3cc2O1,51,50.0,True
SPE01600587,Spectrum,C=C(C)C1Cc2c(ccc(C(=O)O)c2O)O1,50,49.0,True
SPE00200255,Spectrum,C=C(C)/C=C1/C=CC(=O)C(C)=C1,51,50.0,True
SPE00300007,Spectrum,C=C(C)c1cc2cc(C(C)=O)c(O)cc2o1,49,48.0,True
SPE01502235,Spectrum,CC1=C(/C=C/C(C)=C/C=C/C(C)=C/C=C/C=C(C)/C=C/C=C(C)/C=C/C2=C(C)C(=O)C(O)CC2(C)C)C(C)(C)CC(O)C1=O,51,50.0,True
SPE01501203,Spectrum,CC1=C(/C=C/C(C)=C/C=C/C(C)=C/CO)C(C)(C)CCC1,49,48.0,True
SPE01503921,Spectrum,CC(=O)C1(O)CCC2C3C=C(Cl)C4=CC(=O)C5CC5C4(C)C3CCC21C,50,49.0,True
SPE01701060,Spectrum,CC(=O)C1(O)CCC2C3CCC4=CC(=O)CCC4(C)C3CCC21C,50,49.0,True
SPE00300147,Spectrum,CC(=O)c1c(O)c(C)c(O)c2c1OC1=CC(=O)C(C(C)=O)C(=O)C12C,49,48.0,True
SPE01505219,Spectrum,CC(=O)C1CCC2C3CC(=O)C4=CC(=O)CCC4(C)C3CCC12C,50,49.0,True
SPE01500645,Spectrum,CC(=O)C1CCC2C3CC=C4CC(O)CCC4(C)C3CCC12C,50,49.0,True
SPE01500508,Spectrum,CC(=O)C1CCC2C3CCC4=CC(=O)CCC4(C)C3CCC12C,51,50.0,True
SPE00100652,Spectrum,CC(=O)C1CCC2C3CCC4CC(O)CCC4(C)C3CC(O)C12C,49,48.0,True
SPE00100303,Spectrum,CC(=O)C1CCC2C3CCC4CC(O)CCC4(C)C3CCC12C,52,51.0,True
SPE00300060,Spectrum,CC(=O)/C=C\C1C(C)(O)CCC2C(C)(C)CCCC21C,51,50.0,True
SPE01500613,Spectrum,CC(=O)CC(c1ccccc1)c1c(O)c2ccccc2oc1=O,48,47.1,True
SPE01500224,Spectrum,CC(=O)N(O)CCCCCNC(=O)CCC(=O)N(O)CCCCCNC(=O)CCC(=O)N(O)CCCCCN.CS(=O)(=O)O,50,49.0,True
SPE01500704,Spectrum,CC(=O)N1CCCC1C(=O)O,51,50.0,True
SPE01500362,Spectrum,CC(=O)N1CCN(c2ccc(OCC3COC(Cn4ccnc4)(c4ccc(Cl)cc4Cl)O3)cc2)CC1,51,50.0,True
SPE01502060,Spectrum,CC(=O)NC(C(=O)O)C(C)(C)SN=O,50,49.0,True
SPE01503630,Spectrum,CC(=O)NC(CC(=O)O)C(=O)NC(CCC(=O)O)C(=O)O,51,50.0,True
SPE01504213,Spectrum,CC(=O)NC(CC(=O)O)C(=O)O,50,49.0,True
SPE01500703,Spectrum,CC(=O)NC(CCC(=O)O)C(=O)O,51,50.0,True
SPE01500105,Spectrum,CC(=O)NC(CS)C(=O)O,51,50.0,True
SPE02300147,Spectrum,CC(=O)NC1C(O)CC(O)(C(=O)O)OC1C(O)C(O)CO,48,47.1,True
SPE01503205,Spectrum,CC(=O)NC1SCCC1=O,50,49.0,True
SPE01503045,Spectrum,CC(=O)NCCCCCC(=O)O,51,50.0,True
SPE01500772,Spectrum,CC(=O)NCc1c(I)c(NC(C)=O)c(I)c(C(=O)O)c1I,50,49.0,True
SPE01500103,Spectrum,CC(=O)NO,51,50.0,True
SPE01500545,Spectrum,CC(=O)NS(=O)(=O)c1ccc(N)cc1,51,50.0,True
SPE01504142,Spectrum,CC(=O)Nc1c(I)cc(I)c(C(=O)O)c1I,50,49.0,True
SPE01500616,Spectrum,CC(=O)Nc1cc([As](=O)(O)O)ccc1O,49,48.0,True
SPE01500101,Spectrum,CC(=O)Nc1ccc(O)cc1,50,49.0,True
SPE01501170,Spectrum,CC(=O)Nc1ccc(OC(=O)c2ccccc2O)cc1,51,50.0,True
SPE00211175,Spectrum,CC(=O)Nc1cccc(O)c1,50,49.0,True
SPE01501173,Spectrum,CC(=O)Nc1ccccc1,50,49.0,True
SPE01500102,Spectrum,CC(=O)Nc1nnc(S(N)(=O)=O)s1,51,50.0,True
SPE01504163,Spectrum,CC(=O)OC(C)(C)C1Cc2cc3ccc(=O)oc3cc2O1,49,48.0,True
SPE00307058,Spectrum,CC(=O)OC(C)(CCC=C(C)C)C1CC=C(C)CC1,50,49.0,True
SPE00200488,Spectrum,CC(=O)Oc1cc(C)c2c(c1C(OC(C)=O)OC(C)=O)Oc1c(c(C)c(OC(C)=O)c3c1C(OC(C)=O)OC3=O)OC2=O,50,49.0,True
SPE01500381,Spectrum,CC(=O)OC1(C(C)=O)CCC2C3C=C(C)C4=CC(=O)CCC4(C)C3CCC21C,49,48.0,True
SPE01500438,Spectrum,C#CC1(OC(C)=O)CCC2C3CCC4=CC(=O)CCC4C3CCC21C,50,49.0,True
SPE01503908,Spectrum,CC(=O)OC1C(=O)C2(C)C(O)CC3OCC3(OC(C)=O)C2C(OC(=O)c2ccccc2)C2(O)CC(OC(=O)C(O)C(NC(=O)c3ccccc3)c3ccccc3)C(C)=C1C2(C)C,50,49.0,True
SPE00201584,Spectrum,CC(=O)Oc1c(-c2ccccc2)oc2c(CC=C(C)C)c3c(c(OC(C)=O)c2c1=O)C=CC(C)(C)O3,49,48.0,True
SPE01503804,Spectrum,C=CC1(C)CC(=O)C2(O)C(C)(O1)C(OC(C)=O)C(O)C1C(C)(C)CCC(O)C12C,50,49.0,True
SPE00201662,Spectrum,CC(=O)OC1C2CCC3C(C)(O)C4CC(O)C(C)(C)C4(O)C(O)CC13CC2(C)O,51,50.0,True
SPE00300057,Spectrum,C=CC(C)(O)CCC1C(=C)CC(OC(C)=O)C2C(C)(C)CCCC12C,51,50.0,True
SPE00100585,Spectrum,CC(=O)OC1CC(=O)C2(C)C(CC(=O)C3(C)C2CCC2(C)C(c4ccoc4)OC(=O)C4OC423)C1(C)C,50,49.0,True
SPE00300037,Spectrum,C=C1C(=O)OC2CC1C(OC(C)=O)C/C(C)=C/CC/C(C)=C/CCC2(C)O,50,49.0,True
SPE00100015,Spectrum,CC(=O)OC1CC(O)C(C)(C)C2CC(=O)C3(C)C(CCC4(C)C(c5ccoc5)OC(=O)C5OC543)C12C,50,49.0,True
SPE00100013,Spectrum,CC(=O)OC1CC(O)C(C)(C)C2CC(OC(C)=O)C3(C)C(CCC4(C)C(c5ccoc5)OC(=O)C5OC543)C12C,50,49.0,True
SPE00100475,Spectrum,CC(=O)OC1CC(OC(C)=O)C2(C)C(CC(OC(C)=O)C3(C)C4=CC(=O)OC(=O)C4(C)CCC32)C1(C)C,50,49.0,True
SPE00100049,Spectrum,CC(=O)OC1CC(OC(C)=O)C2(C)C(CC(OC(C)=O)C3(C)C2CCC2(C)C(c4ccoc4)C(=O)C4OC423)C1(C)C,50,49.0,True
SPE00100034,Spectrum,CC(=O)OC1CC(OC(C)=O)C2(C)C(CC(OC(C)=O)C3(C)C2CCC2(C)C(c4ccoc4)CC4OC423)C1(C)C,49,48.0,True
SPE00100447,Spectrum,CC(=O)OC1CC(OC(C)=O)C2(C)C(CC(=O)C3(C)C2CCC2(C)C(C(=O)O)OC(=O)C4OC423)C1(C)C,50,49.0,True
SPE00100048,Spectrum,CC(=O)OC1CC(OC(C)=O)C2(C)C(CC(=O)C3(C)C2CCC2(C)C(c4ccoc4)OC(=O)C4OC423)C1(C)C,50,49.0,True
SPE00100162,Spectrum,CC(=O)OC1CC(OC(C)=O)C2(C)C(CC(OC(C)=O)C3(C)C2CCC2(C)C(c4ccoc4)OC(=O)C4OC423)C1(C)C,50,49.0,True
SPE00100398,Spectrum,CC(=O)OC1CC(OC(C)=O)C2(C)C(CC(OC(C)=O)C3(C)C2CCC2(C)C(c4ccoc4)OC(=O)C4OC423)C1(C)C,50,49.0,True
SPE00100014,Spectrum,CC(=O)OC1CC(OC(C)=O)C2(C)C(CC(O)C3(C)C2CCC2(C)C(c4ccoc4)OC(=O)C4OC423)C1(C)C,50,49.0,True
SPE00100139,Spectrum,CC(=O)OC1CC(OC(C)=O)C2(C)C(CC(OC(C)=O)C3(C)C4=CC(=O)OC(c5ccoc5)C4(C)CCC32)C1(C)C,50,49.0,True
SPE00100005,Spectrum,CC(=O)OC1CC2(C)C(c3ccoc3)CC3OC32C2(C)C(=O)C(O)=C3C(C)(C)C(=O)C=CC3(C)C12,50,49.0,True
SPE00100002,Spectrum,CC(=O)OC1CC2(C)C(c3ccoc3)OC(=O)C3OC32C2(C)C(OC(C)=O)CC3C(C)(C)C(OC(C)=O)CC(OC(C)=O)C3(C)C12,50,49.0,True
SPE00100173,Spectrum,CC(=O)OC1CC2C(C)(C)C(=O)C3OC3C2(C)C2CCC3(C)C(c4ccoc4)OC(=O)C4OC43C12C,50,49.0,True
SPE00100439,Spectrum,CC(=O)OC1CC2C(C)(C)C(=O)C3OC3C2(C)C2CCC3(C)C(=CC(=O)OC3c3ccoc3)C12C,50,49.0,True
SPE00100032,Spectrum,CC(=O)OC1CC2C(C)(C)C(=O)C=CC2(C)C2CCC3(C)C(c4ccoc4)OC(=O)C4OC43C12C,50,49.0,True
SPE00100432,Spectrum,CC(=O)OC1CC2C(C)(C)C(=O)C=CC2(C)C2CCC3(C)C(=CC(=O)OC3c3ccoc3)C12C,51,50.0,True
SPE00100024,Spectrum,CC(=O)OC1CC2C(C)(C)C(=O)CCC2(C)C2CCC3(C)C(c4ccoc4)OC(=O)C4OC43C12C,50,49.0,True
SPE00100434,Spectrum,CC(=O)OC1CC2C(C)(C)C(=O)CCC2(C)C2CCC3(C)C(=CC(=O)OC3c3ccoc3)C12C,50,49.0,True
SPE00100375,Spectrum,CC(=O)OC1CC2C(C)(C)C(O)C=CC2(C)C2CCC3(C)C(c4ccoc4)OC(=O)C4OC43C12C,50,49.0,True
SPE00100190,Spectrum,CC(=O)OC1CC2C(C)(C)C(O)C=CC2(C)C2CCC3(C)C(=CC(=O)OC3c3ccoc3)C12C,50,49.0,True
SPE00100378,Spectrum,CC(=O)OC1CC2C(C)(C)C(O)CC(O)C2(C)C2CCC3(C)C(c4ccoc4)OC(=O)C4OC43C12C,50,49.0,True
SPE00100492,Spectrum,CC(=O)OC1CC2C(C)(C)C(O)CCC2(C)C2CCC3(C)C(c4ccoc4)OC(=O)C4OC43C12C,50,49.0,True
SPE00100567,Spectrum,CC(=O)OC1CC2C(C)(C)C(O)CCC2(C)C2CCC3(C)C(c4ccoc4)OC(=O)C4OC43C12C,50,49.0,True
SPE00102035,Spectrum,CC(=O)OC1CC2C(C)(C)C(O)CCC2(C)C2CCC3(C)C(=CC(=O)OC3c3ccoc3)C12C,51,50.0,True
SPE00100199,Spectrum,CC(=O)OC1C=CC2(C)C(CC(OC(C)=O)C3(C)C4=CC(=O)OC(c5ccoc5)C4(C)CCC23)C1(C)C,50,49.0,True
SPE00100195,Spectrum,CC(=O)OC1CC2C(C)(C)C=CC(=O)C2(C)C2CCC3(C)C(c4ccoc4)OC(=O)C4OC43C12C,50,49.0,True
SPE00100290,Spectrum,CC(=O)OC1CC2C(C)(C)CCC(=O)C2(C)C2CCC3(C)C(c4ccoc4)OC(=O)C4OC43C12C,49,48.0,True
SPE00100198,Spectrum,CC(=O)OC1CC2C(C)(C)CCCC2(C)C2CCC3(C)C(c4ccoc4)OC(=O)C4OC43C12C,50,49.0,True
SPE00100218,Spectrum,CC(=O)OC1CC2C(C)(C)CCCC2(C)C2CCC3(C)C(=CC(=O)OC3c3ccoc3)C12C,51,50.0,True
SPE00300148,Spectrum,C=C1CCC(OC(C)=O)/C(C)=C/CC2C1CC2(C)C,49,48.0,True
SPE00100552,Spectrum,CC(=O)OC1CCC2(C)C(CCC3(C)C2CC=C2C4CC(C)(C)CCC4(C)CCC23C)C1(C)C,50,49.0,True
SPE00102058,Spectrum,CC(=O)OC1CCC2(C)C(CCC3(C)C2CC=C2C4CC(C)(C)CCC4(C(=O)O)CCC23C)C1(C)C,50,49.0,True
SPE00240871,Spectrum,CC(=O)OC1CCC2(C)C(CCC3(C)C2CCC2C4CC(C)(C)CCC4(C(=O)O)CCC23C)C1(C)C,52,51.0,True
SPE00100584,Spectrum,CC(=O)OC1CCC2(C)C(CCC3C2CCC2(C)C(C4=CC(=O)OC4)C(OC(C)=O)CC32O)C1,51,50.0,True
SPE00107113,Spectrum,CC(=O)OC1CCC2(C)C(CCC3C4CCC(=O)C4(C)CCC32)C1,50,49.0,True
SPE00100580,Spectrum,CC(=O)OC1CCC2(C)C(CCC3C4CC=C(C(C)=O)C4(C)C(=O)CC32)C1,49,48.0,True
SPE00270029,Spectrum,CC(=O)OC1CCC2(C)C(=CCC3C4CCC(=O)C4(C)CCC32)C1,49,48.0,True
SPE00100497,Spectrum,CC(=O)OC1CCC2(C)C(CC(OC(C)=O)C3(C)C2CCC2(C)C(c4ccoc4)OC(=O)C4OC423)C1(C)C,50,49.0,True
SPE00100201,Spectrum,CC(=O)OC1CCC2(C)C(CC(OC(C)=O)C3(C)C4=CC(=O)OC(c5ccoc5)C4(C)CCC23)C1(C)C,51,50.0,True
SPE00100205,Spectrum,CC(=O)OC1CCC2(C)C(CC(OC(C)=O)C3(C)C4=CC(=O)OC(c5ccoc5)C4(C)CCC23)C1(C)C,51,50.0,True
SPE00102034,Spectrum,CC(=O)OC1CCC2(C)C(CC(OC(C)=O)C3(C)C4=CC(=O)OC(c5ccoc5)C4(C)CCC23)C1(C)C,51,50.0,True
SPE00300052,Spectrum,CC(=O)OC1CCC2(O)CC1(C)CCC1C2CC1(C)C,51,50.0,True
SPE00100749,Spectrum,CC(=O)OC1CCC23C(=O)OC45CCC(C6=CC(=O)OC6)C4(C)CCC2C5CCC3(O)C1,51,50.0,True
SPE00300133,Spectrum,CC(=O)OC1CCC23CC1(C)CCC2C(C)(C)CC3OC(C)=O,50,49.0,True
SPE01501184,Spectrum,CC(=O)OC1CCC2C3CCc4cc(O)ccc4C3CCC12C,51,50.0,True
SPE01501180,Spectrum,CC(=O)Oc1ccc2c(c1)CCC1C2CCC2(C)C(OC(C)=O)CCC12,52,51.0,True
SPE01504256,Spectrum,CC(=O)Oc1cc(OC(C)=O)c2c(c1)OC(c1ccc(OC(C)=O)c(OC(C)=O)c1)C(OC(C)=O)C2,51,50.0,True
SPE01600537,Spectrum,CC(=O)Oc1cc(OC(C)=O)c2c(c1)OC(c1ccc(OC(C)=O)c(OC(C)=O)c1)C(OC(C)=O)C2,51,50.0,True
SPE01500588,Spectrum,CC(=O)OCC(=O)C1(O)C(OC(C)=O)CC2C3CCC4=CC(=O)C=CC4(C)C3(F)C(O)CC21C,52,51.0,True
SPE01500497,Spectrum,CC(=O)OCC(=O)C1(O)CCC2C3CCC4=CC(=O)C=CC4(C)C3C(O)CC21C,51,50.0,True
SPE01500299,Spectrum,CC(=O)OCC(=O)C1(O)CCC2C3CCC4=CC(=O)CCC4(C)C3(F)C(O)CC21C,52,51.0,True
SPE01500207,Spectrum,CC(=O)OCC(=O)C1(O)CCC2C3CCC4=CC(=O)CCC4(C)C3C(=O)CC21C,52,51.0,True
SPE01500338,Spectrum,CC(=O)OCC(=O)C1(O)CCC2C3CCC4=CC(=O)CCC4(C)C3C(O)CC21C,50,49.0,True
SPE01701049,Spectrum,CC(=O)OCC(=O)C1(O)CCC2C3CCC4CC(OC(C)=O)CCC4(C)C3C(=O)CC21C,52,51.0,True
SPE01500303,Spectrum,CC(=O)OCC(=O)C12OC(C)(C)OC1CC1C3CC(F)C4=CC(=O)C=CC4(C)C3(F)C(O)CC12C,50,49.0,True
SPE01503816,Spectrum,CC(=O)OCC(=O)C12OC3(CCCC3)OC1CC1C3CCC4=CC(=O)C=CC4(C)C3(F)C(O)CC12C,49,48.0,True
SPE00300029,Spectrum,CC(=O)OCC(=O)C1CCC2C3CCC4=CC(=O)CCC4(C)C3CCC12C,51,50.0,True
SPE01505201,Spectrum,CC(=O)OCC(CCn1cnc2cnc(N)nc21)COC(C)=O,51,50.0,True
SPE01500585,Spectrum,CC(=O)OCC(COC(C)=O)OC(C)=O,51,50.0,True
SPE01505235,Spectrum,C#CCCCCCCCCCCCC(=O)CC(O)COC(C)=O,51,50.0,True
SPE00240929,Spectrum,C#CCCCCCCCCCCCC(O)CC(O)COC(C)=O,51,50.0,True
SPE00210025,Spectrum,C#CCCCCCCCCCCCC(O)CC(O)COC(C)=O.C=CCCCCCCCCCCCC(O)CC(O)COC(C)=O,50,49.0,True
SPE00240437,Spectrum,CC(=O)OCC(OC(C)=O)C(OC(C)=O)C(OC(C)=O)C(OC(C)=O)C(COC(C)=O)OC(C)=O,51,50.0,True
SPE01504238,Spectrum,CC(=O)OCC1(C)CCC2(C)CCC3(C)C4=CCc5c(cc(OC(C)=O)c(OC(C)=O)c5C)C4(C)CCC3(C)C2C1,51,50.0,True
SPE01503986,Spectrum,CC(=O)OCC1(O)CC23CCC4c5ccoc5CCC4(C)C2CCC1C3,51,50.0,True
SPE01503051,Spectrum,CC(=O)OC/C=C(C)/C=C/C=C(C)/C=C/C1=C(C)CCCC1(C)C,50,49.0,True
SPE00330006,Spectrum,CC(=O)[O][Cd][O]C(C)=O,50,49.0,True
SPE01500644,Spectrum,CC(=O)[O][Hg][c]1ccccc1,49,48.0,True
SPE01401414,Spectrum,CC(=O)Oc1c(C)cccc1C(=O)O,49,48.0,True
SPE01400422,Spectrum,CC(=O)Oc1c(Cl)c(C)c2c(c1Cl)OC(=O)c1c(C)c(Cl)c(OC(C)=O)c(Cl)c1O2,49,48.0,True
SPE00240574,Spectrum,CC(=O)Oc1cc(OC(C)=O)c2c(=O)c(-c3ccccc3)coc2c1,49,48.0,True
SPE00211012,Spectrum,CC(=O)Oc1cc(-c2coc3cc(OC(C)=O)c(OC(C)=O)c(OC(C)=O)c3c2=O)cc(OC(C)=O)c1OC(C)=O,50,49.0,True
SPE01504241,Spectrum,CC(=O)Oc1cc2c(c(C)c1OC(C)=O)CC1OC13C2(C)CCC1(C)C2CC(C)(C(=O)O)CCC2(C)CCC13C,51,50.0,True
SPE01503341,Spectrum,CC(=O)Oc1ccc(Cl)c2cccnc12,51,50.0,True
SPE00240740,Spectrum,CC(=O)Oc1ccc(O)cc1,51,50.0,True
SPE01500147,Spectrum,CC(=O)Oc1ccc(C(c2ccc(OC(C)=O)cc2)c2ccccn2)cc1,50,49.0,True
SPE01504041,Spectrum,CC(=O)Oc1ccc(/C=C/c2cc(OC(C)=O)cc(OC(C)=O)c2)cc1,51,50.0,True
SPE01501181,Spectrum,CC(=O)Oc1ccc2c(c1)CCC1C2CCC2(C)C(=O)CCC12,50,49.0,True
SPE00240944,Spectrum,CC(=O)Oc1ccc2c(c1OC(C)=O)OCC1(O)Cc3c(cc(OC(C)=O)c(OC(C)=O)c3OC(C)=O)C21,50,49.0,True
SPE01503032,Spectrum,CC(=O)Oc1cccc(C(=O)O)c1OC(C)=O,49,48.0,True
SPE01503500,Spectrum,CC(=O)Oc1cccc(O)c1,50,49.0,True
SPE01502010,Spectrum,CC(=O)Oc1cccc2c1C(=O)c1c(OC(C)=O)cc(C(=O)O)cc1C2=O,51,50.0,True
SPE01504209,Spectrum,CC(=O)Oc1ccccc1C(=O)Oc1ccccc1C(=O)O,50,49.0,True
SPE00211363,Spectrum,CC(=O)Oc1ccccc1C(=O)O,49,48.0,True
SPE01500539,Spectrum,CC(=O)SC1CC2=CC(=O)CCC2(C)C2CCC3(C)C(CCC34CCC(=O)O4)C12,51,50.0,True
SPE00211118,Spectrum,CC(=O)c1c(O)c(C)c(O)c2c1oc1c(C(C)=O)c(O)c(C)c(O)c12,50,49.0,True
SPE00300061,Spectrum,CC(=O)c1cc2c(cc1O)OC(C)(C)C=C2,49,48.0,True
SPE01500308,Spectrum,CC(C(=O)O)c1ccc(-c2ccccc2)c(F)c1,50,49.0,True
SPE01501161,Spectrum,CC(C(=O)O)c1ccc(C(=O)c2cccs2)cc1,51,50.0,True
SPE01500351,Spectrum,CC(C(=O)O)c1ccc(N2Cc3ccccc3C2=O)cc1,49,48.0,True
SPE01501011,Spectrum,CC(C(=O)O)c1cccc(Oc2ccccc2)c1,50,49.0,True
SPE01501215,Spectrum,CC(C(=O)O)c1cccc(C(=O)c2ccccc2)c1,49,48.0,True
SPE02300220,Spectrum,CC(C(O)c1ccccc1)N(C)C,49,48.0,True
SPE01503206,Spectrum,CC(C)(C)CC(C)(C)c1ccc(O)c(Cc2ccc(Cl)cc2Cl)c1,50,49.0,True
SPE01503260,Spectrum,CC(C)(C)NCC(O)COc1cccc2c1CC(O)C(O)C2,51,50.0,True
SPE01500578,Spectrum,CC(C)(C)NCC(O)COc1nsnc1N1CCOCC1.O=C(O)/C=C\C(=O)O,51,50.0,True
SPE01500558,Spectrum,CC(C)(C)NCC(O)c1cc(O)cc(O)c1.O=S(=O)(O)O,49,48.0,True
SPE01500677,Spectrum,CC(C)(C)NCC(O)c1ccc(O)c(CO)c1,49,48.0,True
SPE01501109,Spectrum,CC(C)(Sc1cc(C(C)(C)C)c(O)c(C(C)(C)C)c1)Sc1cc(C(C)(C)C)c(O)c(C(C)(C)C)c1,49,48.0,True
SPE00330067,Spectrum,C#CCOS(=O)OC1CCCCC1Oc1ccc(C(C)(C)C)cc1,49,48.0,True
SPE00100346,Spectrum,CC(C)(O)C1C2OC(=O)C1C1(O)CC3OC34C(=O)OC2C14C,49,48.0,True
SPE01800055,Spectrum,CC(C)(O)C1CCC2(C)C1CCC1(C)C2CCC2C3(C)CCCC(C)(C)C3C(O)CC21C,49,48.0,True
SPE01504162,Spectrum,CC(C)(O)C1Cc2cc3ccc(=O)oc3cc2O1,49,48.0,True
SPE01504228,Spectrum,CC(C)(O)CCC(O)C(C)(O)C1CCC2(O)C3=CC(=O)C4CC(O)C(O)CC4(C)C3CCC12C,50,49.0,True
SPE01504164,Spectrum,CC(C)(OC(=O)c1ccccc1)C1Cc2cc3ccc(=O)oc3cc2O1,49,48.0,True
SPE01504124,Spectrum,CC(C)(C#N)OC1OC(CO)C(O)C(O)C1O,49,48.0,True
SPE01502046,Spectrum,CC(C)(Oc1ccc(CCNC(=O)c2ccc(Cl)cc2)cc1)C(=O)O,50,49.0,True
SPE01500195,Spectrum,CC(C)(Oc1ccc(Cl)cc1)C(=O)O,51,50.0,True
SPE01500464,Spectrum,CC(C)(S)C(N)C(=O)O,50,49.0,True
SPE01504098,Spectrum,CC(C)=CC1C(C(=O)OCc2cccc(Oc3ccccc3)c2)C1(C)C,48,47.1,True
SPE01504800,Spectrum,CC(C)=CC1C(C(=O)O)C1(C)C,51,50.0,True
SPE00300566,Spectrum,CC(C)=CC1C(CO)C1(C)C,51,50.0,True
SPE00307057,Spectrum,CC(C)=CCC(O)C1CC=C(C)CC1,50,49.0,True
SPE00240497,Spectrum,CC(C)=CCc1c(O)cc(C)oc1=O,51,50.0,True
SPE01501212,Spectrum,C=CC(C)(O)CCC=C(C)C,51,50.0,True
SPE01502251,Spectrum,C=CC(C)(O)CC/C=C(\C)CCC=C(C)C,51,50.0,True
SPE01501132,Spectrum,CC(C)=CCC/C(C)=C/CO,51,50.0,True
SPE00201540,Spectrum,CC(C)=CCCC1(C)C=Cc2c(O)c3c(c(CC=C(C)C)c2O1)OC12C(CC4CC1C(C)(C)OC2(C/C=C(/C)C(=O)O)C4O)C3=O,50,49.0,True
SPE00201539,Spectrum,CC(C)=CCCC1(C)C=Cc2c(O)c3c(c(CC=C(C)C)c2O1)OC12C(=CCCC1C(C)(C)OC2(C/C=C(\C)C(=O)O)C(=O)O)C3=O,50,49.0,True
SPE00201522,Spectrum,CC(C)=CCCC1(C)C=Cc2c(O)c3c(c(CC=C(C)C)c2O1)OC12C(=CC4CC1C(C)(C)OC2(C/C=C(\C)C(N)=O)C4=O)C3=O,49,48.0,True
SPE00200007,Spectrum,CC(C)=CCCC1(C)C=Cc2c(O)c3c(c(CC=C(C)C)c2O1)OC12C(=CC4CC1C(C)(C)OC2(C/C=C(/C)C(=O)O)C4=O)C3=O,49,48.0,True
SPE00201524,Spectrum,CC(C)=CCCC1(C)C=Cc2c(O)c3c(c(CC=C(C)C)c2O1)OC12C(=CC4CC1C(C)(C)OC2(C/C=C(/C)C(=O)O)C4O)C3=O,49,48.0,True
SPE00102076,Spectrum,CC(C)=CCOc1c2occc2cc2ccc(=O)oc12,50,49.0,True
SPE00100101,Spectrum,CC(C)=CCOc1cc2oc(=O)ccc2cc1O,51,50.0,True
SPE01501204,Spectrum,CC(C)=CCC1=C(O)C(=O)c2ccccc2C1=O,51,50.0,True
SPE00201580,Spectrum,CC(C)=CCc1c2c(c3occ(-c4ccc(O)c(O)c4)c(=O)c3c1O)C=CC(C)(C)O2,50,49.0,True
SPE00201595,Spectrum,CC(C)=CCc1c2c(c3occ(-c4ccc(O)cc4)c(=O)c3c1O)C=CC(C)(C)O2,50,49.0,True
SPE00100528,Spectrum,CC(C)=CCc1c(O)cc2oc(C)cc(=O)c2c1O,51,50.0,True
SPE00201650,Spectrum,CC(C)=CCc1c(O)cc2occ(-c3ccc4c(c3)OCO4)c(=O)c2c1O,45,44.1,True
SPE00201581,Spectrum,CC(C)=CCc1c2c(c(O)c3c(=O)c(O)c(-c4ccccc4)oc13)C=CC(C)(C)O2,46,45.1,True
SPE00203032,Spectrum,CC(=O)c1cc(CC=C(C)C)c(O)c(CC=C(C)C)c1,45,44.1,True
SPE00203029,Spectrum,CC(=O)c1ccc(O)c(CC=C(C)C)c1,45,44.1,True
SPE01500276,Spectrum,C=C1CCC(O)C/C1=C/C=C1\CCCC2(C)C1CCC2C(C)/C=C/C(C)C(C)C,46,45.1,True
SPE00200744,Spectrum,CC(=O)OC1CCC2(C)C(=CC=C3C2CCC2(C)C3CCC2C(C)/C=C/C(C)C(C)C)C1(C)C,46,45.1,True
SPE00200743,Spectrum,CC(C)C(C)/C=C/C(C)C1CCC2C3=CC=C4CC(O)CCC4(C)C3CCC21C,46,45.1,True
SPE01800109,Spectrum,CC(C)C(C)/C=C/C(C)C1CCC2C3=CCC4CC(=O)CCC4(C)C3CCC21C,46,45.1,True
SPE00100117,Spectrum,CC(C)/C(O)=C1/C(=O)OC(c2ccoc2)C2(C)C(O)C(O)C34OC5(C)OC3(C12)C(O)C1(O)C(O)C2(C)CC1(O5)C4(C)C2CC(=O)O,46,45.1,True
SPE01504006,Spectrum,CC(C)C12OC1C1OC13C1(C)CCC4=C(COC4=O)C1CC1OC13C2=O,46,45.1,True
SPE01502249,Spectrum,Cc1ccc(C(C)C)cc2c(C)ccc1-2,46,45.1,True
SPE00307056,Spectrum,CC1=CC2C(CC1=O)C(C)=CCC2C(C)C,45,44.1,True
SPE00300055,Spectrum,CC1=CC2C(C(C)C)CCC(C)(O)C2CC1,45,44.1,True
SPE00300564,Spectrum,CC1CCC(C(C)C)C(=O)C1,45,44.1,True
SPE01503134,Spectrum,CC1CCC(C(C)C)C(O)C1,46,45.1,True
SPE01504258,Spectrum,CC(C)C1CCC(C(=O)NC(Cc2ccccc2)C(=O)O)CC1,46,45.1,True
SPE01502229,Spectrum,CC(C)C1=CC2=CCC3C(C)(C(=O)O)CCCC3(C)C2CC1,46,45.1,True
SPE00100543,Spectrum,CC(C)C1COc2cc3oc(=O)ccc3cc2O1,45,44.1,True
SPE00330001,Spectrum,Cc1c2oc3c(C)ccc(C(=O)NC4C(=O)NC(C(C)C)C(=O)C5CCCC5C(=O)N(C)CC(=O)N(C)C(C(C)C)C(=O)OC4C)c3nc-2c(C(=O)NC2C(=O)NC(C(C)C)C(=O)C3CCCC3C(=O)N(C)CC(=O)N(C)C(C(C)C)C(=O)OC2C)c(N)c1=O,45,44.1,True
SPE01504161,Spectrum,CC(=O)OC1c2c(ccc3ccc(=O)oc23)OC(C)(C)C1OC(=O)CC(C)C,45,44.1,True
SPE01504034,Spectrum,Cc1c(O)c(C(=O)CC(C)C)c2oc3c(C(=O)CC(C)C)c(O)c(C)c(O)c3c2c1O,45,44.1,True
SPE01502178,Spectrum,CC(C)CC(NC(=O)C(Cc1ccccc1)NC(=O)CNC(=O)CNC(=O)C(N)Cc1ccc(O)cc1)C(=O)O,45,44.1,True
SPE01503642,Spectrum,CC(C)CC(NC(=O)OCC1c2ccccc2-c2ccccc21)C(=O)O,45,44.1,True
SPE01502001,Spectrum,CC(=O)NC(CC(C)C)C(=O)O,45,44.1,True
SPE01500603,Spectrum,CC(C)CC1NC(=O)C(CCCN)NC(=O)C(C(C)C)NC(=O)C(Cc2ccc(O)cc2)NC(=O)C(CCC(=O)O)NC(=O)C(CC(=O)O)NC(=O)C(Cc2ccccc2)NC(=O)C(Cc2ccccc2)NC(=O)C2CCCN2C(=O)C(Cc2ccccc2)NC1=O,45,44.1,True
SPE01500319,Spectrum,CC(C)CC1NC(=O)C(CCCN)NC(=O)C(C(C)C)NC(=O)C2CCCN2C(=O)C(Cc2ccccc2)NC(=O)C(CC(C)C)NC(=O)C(CCCN)NC(=O)C(C(C)C)NC(=O)C2CCCN2C(=O)C(Cc2ccccc2)NC1=O,46,45.1,True
SPE01502180,Spectrum,CC(C)CC1NC(=O)CNC1=O,45,44.1,True
SPE00240449,Spectrum,CC(C)CCCC(C)C1CCC2(C)C3=C(CCC12C)C1(C)CCC(O)C(C)(C)C1CC3,46,45.1,True
SPE01500843,Spectrum,CC(C)CCCC(C)C1CCC2C3=CCC4CC(O)CCC4(C)C3CCC21C,46,45.1,True
SPE00307035,Spectrum,CC(=O)OC1CCC2(C)C(=CC(=O)C3C2CCC2(C)C(C(C)CCCC(C)C)CCC32)C1,45,44.1,True
SPE01500854,Spectrum,CC(C)CCCC(C)C1CCC2C3C(=O)C=C4CC(O)CCC4(C)C3CCC12C,45,44.1,True
SPE00270090,Spectrum,CC(C)CCCC(C)C1CCC2C3C(O)CC4(O)CC(O)CCC4(C)C3CCC12C,45,44.1,True
SPE00270083,Spectrum,CC(C)CCCC(C)C1CCC2C3CC(=O)C4CC(O)CCC4(C)C3CCC12C,45,44.1,True
SPE01500849,Spectrum,CC(C)CCCC(C)C1CCC2C3CC=C4CC(=O)CCC4(C)C3CCC12C,46,45.1,True
SPE00307031,Spectrum,CC(=O)OC1CCC2(C)C(=CCC3C2CCC2(C)C(C(C)CCCC(C)C)CCC32)C1,45,44.1,True
SPE01500847,Spectrum,CC(C)CCCC(C)C1CCC2C3CC=C4CC(O)CCC4(C)C3CCC12C,45,44.1,True
SPE00270088,Spectrum,CC(C)CCCC(C)C1CCC2C3CCC4CC(=O)CCC4(C)C3CCC12C,45,44.1,True
SPE00270078,Spectrum,CC(C)CCCC(C)C1CCC2C3CCC4CC(O)CCC4(C)C3CCC12C,45,44.1,True
SPE01504056,Spectrum,CC(C)CCCC(C)C1CCC2C3CCC4CC(O)CCC4(C)C3CCC12C,45,44.1,True
SPE00300015,Spectrum,CC(C)CCCC(C)C1CCC2C3CCC4CCCCC4(C)C3CCC12C,45,44.1,True
SPE00310021,Spectrum,C/C(=C\CO)CCC(C)CCCC(C)CCCC(C)C,46,45.1,True
SPE00310039,Spectrum,Cc1c(C)c2c(c(C)c1O)CCC(C)(CCCC(C)CCCC(C)CCCC(C)C)O2,46,45.1,True
SPE00310040,Spectrum,CC(=O)Oc1c(C)c(C)c2c(c1C)CCC(C)(CCCC(C)CCCC(C)CCCC(C)C)O2,45,44.1,True
SPE01500347,Spectrum,CC(C)Cc1ccc(C(C)C(=O)O)cc1,45,44.1,True
SPE00330052,Spectrum,CC(C)N(C(=O)CCl)c1ccccc1,45,44.1,True
SPE00330054,Spectrum,CC(C)N(C(=O)SCC(Cl)=C(Cl)Cl)C(C)C,46,45.1,True
SPE01500261,Spectrum,CC(C)N(CCC(C(N)=O)(c1ccccc1)c1ccccn1)C(C)C.O=P(O)(O)O,46,45.1,True
SPE00330039,Spectrum,CC(C)N1C(=O)c2ccccc2NS1(=O)=O,45,44.1,True
SPE01505211,Spectrum,Cc1cccc(Nc2ccncc2S(=O)(=O)NC(=O)NC(C)C)c1,46,45.1,True
SPE01501127,Spectrum,CC(C)NCC(O)COc1ccc(CC(N)=O)cc1,45,44.1,True
SPE01503632,Spectrum,CC(=O)Nc1ccc(OCC(O)CNC(C)C)cc1,45,44.1,True
SPE01500390,Spectrum,CC(C)NCC(O)c1cc(O)cc(O)c1,46,45.1,True
SPE01500634,Spectrum,CC(C)NNC(=O)c1ccncc1.O=S(=O)(O)O,46,45.1,True
SPE00330026,Spectrum,CC(C)Nc1nc(Cl)nc(NC(C)C)n1,46,45.1,True
SPE01501010,Spectrum,CC(C)OC(=O)C(C)(C)Oc1ccc(C(=O)c2ccc(Cl)cc2)cc1,45,44.1,True
SPE00330051,Spectrum,CC(C)OC(=O)Nc1cccc(Cl)c1,45,44.1,True
SPE01400010,Spectrum,CC(C)Oc1ccc2c(=O)cc(-c3ccccc3)oc2c1,45,44.1,True
SPE01504019,Spectrum,Cc1cc2c(C(C)C)c(O)c(O)c(C=O)c2c(O)c1-c1c(C)cc2c(C(C)C)c(O)c(O)c(C=O)c2c1O,45,44.1,True
SPE01502099,Spectrum,CC(=O)O.Cc1cc2c(C(C)C)c(O)c(O)c(C=O)c2c(O)c1-c1c(C)cc2c(C(C)C)c(O)c(O)c(C=O)c2c1O,45,44.1,True
SPE00100286,Spectrum,CC(C)c1c(O)c(-c2cc3c(c(C(C)C)c2O)CCC2C(C)(C)CCCC32C)cc2c1CCC1C(C)(C)CCCC21C,45,44.1,True
SPE00100287,Spectrum,CC(C)c1c(O)ccc2c1CCC1C(C)(C)CCCC21C,44,43.1,True
SPE00100271,Spectrum,CC(C)c1c(O)ccc2c1CCC1C(C)(C=O)CCCC21C,45,44.1,True
SPE00100280,Spectrum,CC(C)c1c(O)ccc2c1CCC1C(C)(CO)CCCC21C,44,43.1,True
SPE00100267,Spectrum,CC(=O)Oc1ccc2c(c1C(C)C)CCC1C(C)(C)CCCC21C,44,43.1,True
SPE00310299,Spectrum,CC1=CC(=O)C(C(C)C)=CC1=O,45,44.1,True
SPE01504120,Spectrum,CC(C)c1cc2c(c(O)c1O)C1(C(=O)O)CCCC(C)(C)C1CC2,45,44.1,True
SPE00231017,Spectrum,Cc1ccc(C(C)C)c(O)c1C(=O)O,46,45.1,True
SPE00307050,Spectrum,CC(C)c1ccc2c(c1)CCC1C(C)(C(N)=O)CCCC21C,46,45.1,True
SPE01504234,Spectrum,CC(C)c1ccc2c(c1)CCC1C(C)(CN)CCCC21C.O=S(=O)(O)O,46,45.1,True
SPE01504005,Spectrum,CC(C)c1ccc2c(c1O)CCC1C3=C(CCC21C)C(=O)OC3,45,44.1,True
SPE01505213,Spectrum,CC(C)c1nc(N(C)S(C)(=O)=O)nc(-c2ccc(F)cc2)c1/C=C/C(O)CC(O)CC(=O)O,46,45.1,True
SPE00100093,Spectrum,CC(C1OC(C)(C)C(O)C1O)C1CCC2(C)C3=CCC4C(C)(C)C(=O)CCC4(C)C3CCC12C,46,45.1,True
SPE00300050,Spectrum,C=C/C(C)=C\CC1C(C)(O)CCC2C(C)(C)CCCC21C,45,44.1,True
SPE01502234,Spectrum,CC1=CC(=O)CC(C)(C)C1(O)/C=C/C(C)=C\C(=O)O,45,44.1,True
SPE00100090,Spectrum,CC(CC(O)C1OC1(C)C)C1CCC2(C)C3=CCC4C(C)(C)C(=O)CCC4(C)C3CCC12C,44,43.1,True
SPE01500840,Spectrum,CC(CCC(=O)O)C1CCC2C3C(O)CC4CC(O)CCC4(C)C3CC(O)C12C,46,45.1,True
SPE01500605,Spectrum,CC(CCC(=O)O)C1CCC2C3C(O)CC4CC(O)CCC4(C)C3CCC12C,45,44.1,True
SPE01500837,Spectrum,CC(CCC(=O)O)C1CCC2C3C(O)CC4CC(O)CCC4(C)C3CCC12C,45,44.1,True
SPE00270049,Spectrum,CC(CCC(=O)O)C1CCC2C3CC(O)C4CC(O)CCC4(C)C3CCC12C,45,44.1,True
SPE01500856,Spectrum,CC(CCC(=O)O)C1CCC2C3CCC4CC(=O)CCC4(C)C3C=CC12C,45,44.1,True
SPE00100566,Spectrum,CC(CCC(=O)O)C1CCC2C3CCC4CC(O)CCC4(C)C3CC(O)C12C,45,44.1,True
SPE01500906,Spectrum,CC(CCC(=O)O)C1CCC2C3CCC4CC(O)CCC4(C)C3CCC12C,45,44.1,True
SPE01500835,Spectrum,CC(CCC(=O)O)C1CCC2C3CCC4CCCCC4(C)C3CCC12C,45,44.1,True
SPE00100583,Spectrum,CC(=O)OC1CCC2(C)C3=C(CCC2C1(C)C)C1(C)CCC(C(C)CCC=C(C)C)C1(C)CC3,46,45.1,True
SPE00201697,Spectrum,CC(C)=CCCC(C)C1CCC2(C)C3=C(CCC12C)C1(C)CCC(O)C(C)(C)C1CC3,46,45.1,True
SPE00240470,Spectrum,CC(C)=CCCC(C)C1CCC2(C)C3=C(CCC12C)C1(C)CCC(O)C(C)(C)C1CC3,46,45.1,True
SPE00310030,Spectrum,CC(=O)OCCC(C)CCC=C(C)C,46,45.1,True
SPE01503117,Spectrum,CC(CN(C)C)CN1c2ccccc2CCc2ccccc21.O=C(O)/C=C\C(=O)O,45,44.1,True
SPE01500593,Spectrum,CC(CN(C)C)CN1c2ccccc2Sc2ccccc21.O=C(O)C(O)C(O)C(=O)O,44,43.1,True
SPE01500682,Spectrum,CC(CS)C(=O)N1CCCC1C(=O)O,45,44.1,True
SPE01502150,Spectrum,CC(Cc1ccc(O)c(O)c1)(NN)C(=O)O,45,44.1,True
SPE01502206,Spectrum,CC(Cc1ccc(O)c(O)c1)C(C)Cc1ccc(O)c(O)c1,45,44.1,True
SPE01500403,Spectrum,CC(N)(Cc1ccc(O)c(O)c1)C(=O)O,45,44.1,True
SPE01504136,Spectrum,CC(N)C(=O)OC(C)(C)Cc1ccc(Cl)cc1,45,44.1,True
SPE01500365,Spectrum,CC(N)C(O)c1ccc(O)c(O)c1,46,45.1,True
SPE01503251,Spectrum,CC(N)C(O)c1cccc(O)c1.O=C(O)C(O)C(O)C(=O)O,46,45.1,True
SPE02300253,Spectrum,CC(N)C(O)c1ccccc1,46,45.1,True
SPE02300270,Spectrum,CC(N/C(=N/C#N)Nc1ccncc1)C(C)(C)C,46,45.1,True
SPE00300058,Spectrum,C=CC(C)(O)CCC1C(=C)CCC2C(C)(CO)CCCC12C,46,45.1,True
SPE01500322,Spectrum,CC(=O)O.N=C(N)N/N=C\c1c(Cl)cccc1Cl,46,45.1,True
SPE01502181,Spectrum,CC(=O)O.N=C(N)NCCCC(NC(=O)C(N)Cc1ccc(O)cc1)C(=O)O,46,45.1,True
SPE01502182,Spectrum,CC(=O)O.N=C(N)NCCCC(NC(=O)C(N)Cc1ccc(O)cc1)C(=O)O,46,45.1,True
SPE01502186,Spectrum,CC(=O)O.NCCCCC(N)C(=O)NC(Cc1ccc(O)cc1)C(=O)NC(CCCCN)C(=O)O,44,43.1,True
SPE00100009,Spectrum,CC1(C)C(=O)C=CC2(C)C1=C(O)C(=O)C1(C)C2CCC2(C)C(c3ccoc3)CC3OC321,46,45.1,True
SPE00330075,Spectrum,CC1(C)C(C(Cl)Cl)C2(Cl)C(Cl)C(Cl)C1(Cl)C2(Cl)Cl,45,44.1,True
SPE01503606,Spectrum,CC1(C)C(C=C(Cl)Cl)C1C(=O)OC(C#N)c1cccc(Oc2ccccc2)c1,45,44.1,True
SPE00100129,Spectrum,CC1(C)C(=O)C2CC3(O)C4=CC(=O)OC(c5ccoc5)C4(C)CCC3C(C)(C2=O)C1CC(=O)O,45,44.1,True
SPE01500991,Spectrum,CC1(C(=O)O)CCC2(C)CCC3C(=CC(=O)C4C3(C)CCC3C(C)(C)C(OC5OC(C(=O)O)C(OC6OC(C(=O)O)C(O)C(O)C6O)C(O)C5O)CCC34C)C2C1,46,45.1,True
SPE00100901,Spectrum,CC1(C)C(O)C=CC2(C)C1CC(=O)C1(C)C2CCC2(C)C(c3ccoc3)OC(=O)C3OC321,45,44.1,True
SPE00100194,Spectrum,CC12CCC3C(C)(OC(=O)CC4C(C)(C)C(O)C=CC34C)C1=CC(=O)OC2c1ccoc1,46,45.1,True
SPE00100358,Spectrum,CC1(C)C(O)CC(=O)C2(C)C1CC(=O)C1(C)C2CCC2(C)C(c3ccoc3)OC(=O)C3OC321,45,44.1,True
SPE00100562,Spectrum,CC1(C)C(O)CC(=O)C2(C)C1CC(O)C1(C)C2CCC2(C)C(c3ccoc3)OC(=O)C3OC321,45,44.1,True
SPE00100099,Spectrum,CC1(C)C(O)CC(O)C2(C)C1CC(O)C1(C)C2CCC2(C)C(c3ccoc3)CC3OC321,46,45.1,True
SPE00300600,Spectrum,CC1(C)C(O)CC(O)C2(C)C1CC(=O)C1(C)C2CCC2(C)C(C(=O)O)OC(=O)C3OC321,45,44.1,True
SPE00100355,Spectrum,CC1(C)C(O)CC(O)C2(C)C1CC(=O)C1(C)C2CCC2(C)C(c3ccoc3)OC(=O)C3OC321,45,44.1,True
SPE00100576,Spectrum,CC1(C)C(O)CC(O)C2(C)C1CC(O)C1(C)C2CCC2(C)C(c3ccoc3)OC(=O)C3OC321,45,44.1,True
SPE01500989,Spectrum,CC1(C(=O)O)CCC2(C)CCC3(C)C(=CC(=O)C4C5(C)CCC(O)C(C)(C)C5CCC43C)C2C1,46,45.1,True
SPE01500990,Spectrum,CC1(C(=O)O)CCC2(C)CCC3(C)C(=CC(=O)C4C5(C)CCC(O)C(C)(C)C5CCC43C)C2C1,46,45.1,True
SPE00330079,Spectrum,CC1(C)C2(Cl)C(Cl)C(Cl)C(Cl)(C(Cl)Cl)C1(Cl)C2Cl,46,45.1,True
SPE00100146,Spectrum,CC1(C)C(=O)C=CC2(C)C1C=CC1(C)C2CCC2(C)C(c3ccoc3)OC(=O)C3OC312,45,44.1,True
SPE00100047,Spectrum,CC1(C)C(=O)C=CC2(C)C1CC(=O)C1(C)C2CCC2(C)C(c3ccoc3)OC(=O)C3OC321,45,44.1,True
SPE00100368,Spectrum,CC1(C)C(=O)C2OC2C2(C)C1CC(=O)C1(C)C3=CC(=O)OC(c4ccoc4)C3(C)CCC12,46,45.1,True
SPE00100140,Spectrum,CC1(C)C(=O)C=CC2(C)C1CC(=O)C1(C)C3=CC(=O)OC(c4ccoc4)C3(C)CCC12,46,45.1,True
SPE00100223,Spectrum,CC1(C)C(=O)C2OC2C2(C)C1CC(O)C1(C)C2CCC2(C)C(c3ccoc3)OC(=O)C3OC321,45,44.1,True
SPE00100012,Spectrum,CC1(C)C(=O)C=CC2(C)C1CC(O)C1(C)C2CCC2(C)C(c3ccoc3)OC(=O)C3OC321,45,44.1,True
SPE00100458,Spectrum,CC1(C)C(=O)CCC2(C)C1CC(O)C1(C)C3=CC(=O)OC(c4ccoc4)C3(C)CCC21,46,45.1,True
SPE00100098,Spectrum,CC1(C)C(=O)C=CC2(C)C3CCC4(C)C(c5ccoc5)CC5OC54C3C(O)CC12,46,45.1,True
SPE01500156,Spectrum,CC12CCC(CC1=O)C2(C)C,45,44.1,True
SPE00100423,Spectrum,CC1(C)C=CC(=O)C2(C)C1CC(=O)C1(C)C2CCC2(C)C(c3ccoc3)OC(=O)C3OC321,45,44.1,True
SPE00300110,Spectrum,CC1(C)CC23C(=O)CCC(O)C2(C)CCC13,46,45.1,True
SPE00410012,Spectrum,CC1(C)CC2C1(O)CCC1(C)C=CC(O)C21CO,45,44.1,True
SPE00300049,Spectrum,C=C1CCC2C(CC2(C)C)C(=C)CC/C1=N/O,46,45.1,True
SPE00300117,Spectrum,C=C1CCC2C(CC2(C)C)C(=O)CCC1O,46,45.1,True
SPE00300104,Spectrum,C=C1CCC(C2CC(=O)OC2=O)C(=O)CCC2C1CC2(C)C,46,45.1,True
SPE00300105,Spectrum,CC12CCCC(O)(C1)C1CC(C)(C)C1CC2,46,45.1,True
SPE01500832,Spectrum,C=C1CC2OC2(C)CCC2C1CC2(C)C,46,45.1,True
SPE00300119,Spectrum,CC1(C)CC2C1CCC1(C)OC1CCC2(C)O,46,45.1,True
SPE00300048,Spectrum,CC1(C)CC2C(=O)CCC3OC3(C)CCC21,46,45.1,True
SPE00300132,Spectrum,CC12CCC3C(CC3(C)C)C(C)(CCC1=O)O2,45,44.1,True
SPE00300118,Spectrum,CC1(C)CC2C1CCC1(C)OC2(C)CCC1O,46,45.1,True
SPE00300053,Spectrum,CC1(C)CC2C1CCC1(CBr)CCC3C(CC(=O)O)C(=O)OC32C1,45,44.1,True
SPE01800123,Spectrum,CC1(C)CCC2(C(=O)O)C(O)CC3(C)C(=CCC4C5(C)CCC(O)C(C)(C)C5CCC43C)C2C1,45,44.1,True
SPE00100360,Spectrum,CC1(C)CCC2(C)CCC3(C)C(=CCC4C5(C)CCC(O)C(C)(C)C5CCC43C)C2C1,45,44.1,True
SPE00100550,Spectrum,CC1(C)CCC2(C(=O)O)CCC3(C)C(=CCC4C5(C)CCC(O)C(C)(C)C5CCC43C)C2C1,46,45.1,True
SPE01504016,Spectrum,CC1(C)CCC2(C(=O)O)CCC3(C)C(=CCC4C5(C)CCC(O)C(C)(CO)C5CCC43C)C2C1,45,44.1,True
SPE00300056,Spectrum,C=CC(C)(O)CCC1C(=C)CC(O)C2C(C)(C)CCCC12C,45,44.1,True
SPE00100066,Spectrum,CC1(C)OC(=O)C=CC2(C)C1CC(O)C1(C)C2CCC2(C)C(c3ccoc3)OC(=O)C3OC321,45,44.1,True
SPE01500253,Spectrum,CC1(C)OC(=O)NC1=O,46,45.1,True
SPE01800018,Spectrum,CC1(C)OC2CC(=O)OCC23C1CC(=O)C1(C)C3CCC2(C)C(c3ccoc3)OC(=O)C3OC321,45,44.1,True
SPE00210837,Spectrum,CC1(C)OC2CC(O)(C(N)=O)CC(O)C2O1,45,44.1,True
SPE01500302,Spectrum,CC1(C)OC2CC3C4CC(F)C5=CC(=O)C=CC5(C)C4(F)C(O)CC3(C)C2(C(=O)CO)O1,45,44.1,True
SPE01501187,Spectrum,CC1(C)OC2CC3C4CC(F)C5=CC(=O)C=CC5(C)C4C(O)CC3(C)C2(C(=O)CO)O1,45,44.1,True
SPE01501175,Spectrum,CC1(C)OC2CC3C4CC(F)C5=CC(=O)CCC5(C)C4C(O)CC3(C)C2(C(=O)CO)O1,46,45.1,True
SPE01500587,Spectrum,CC1(C)OC2CC3C4CCC5=CC(=O)C=CC5(C)C4(F)C(O)CC3(C)C2(C(=O)CO)O1,45,44.1,True
SPE01503237,Spectrum,CC1(C)OC2CC3C4CCC5=CC(=O)CCC5(C)C4(F)C(O)CC3(C)C2(C(=O)CCl)O1,44,43.1,True
SPE00200107,Spectrum,C=CC(C)(C)c1c2c(c(O)c3c(=O)c4ccc(O)c(O)c4oc13)C=CC(C)(C)O2,46,45.1,True
SPE00100609,Spectrum,CC1(C)C=Cc2cc3ccc(=O)oc3cc2O1,45,44.1,True
SPE00210454,Spectrum,CC1(C)C=Cc2c(cc3occ(-c4ccc5c(c4)OCO5)c(=O)c3c2O)O1,45,44.1,True
SPE01504158,Spectrum,CC1(C)Oc2ccc3ccc(=O)oc3c2CC1O,46,45.1,True
SPE01500120,Spectrum,CC1(C)SC2C(NC(=O)C(N)c3ccc(O)cc3)C(=O)N2C1C(=O)O,45,44.1,True
SPE00300532,Spectrum,C=C1CCC2C(C)(CO)C(O)CCC2(C)C1C/C=C1/C(=O)OCC1O,45,44.1,True
SPE00400011,Spectrum,CC1(O)/C=C/C=C(\CO)C2CC(C)(C)C2(O)CC1,46,45.1,True
SPE00300021,Spectrum,C=C1CC23CC1(O)CCC2C12C=CC(O)C(C)(C(=O)O1)C2C3C(=O)O,46,45.1,True
SPE01500814,Spectrum,CC12C(=O)OC(=O)C1(C)C1CCC2O1,45,44.1,True
SPE01500499,Spectrum,CC12C=CC(=O)C=C1CCC1C2C(=O)CC2(C)C1CCC2(O)C(=O)CO,45,44.1,True
SPE01500586,Spectrum,CC12C=CC(=O)C=C1CCC1C3CC(O)C(O)(C(=O)CO)C3(C)CC(O)C12F,45,44.1,True
SPE01500496,Spectrum,CC12C=CC(=O)C=C1CCC1C2C(O)CC2(C)C1CCC2(O)C(=O)CO,45,44.1,True
SPE01505248,Spectrum,CC12CCC(=O)C=C1C=CC1C2CCC2(C)C1CCC21CCC(=O)O1,45,44.1,True
SPE01503221,Spectrum,C#CC1(O)CCC2C3CCC4=CC(=O)CCC4(C)C3CCC21C,45,44.1,True
SPE01701028,Spectrum,CC12CCC(=O)C=C1CCC1C2C(=O)CC2(C)C1CCC2(O)C(=O)CO,45,44.1,True
SPE00300024,Spectrum,CC12CCC(=O)C=C1CCC1C2C(O)CC2(C)C1CCC2(O)C(=O)CO,44,43.1,True
SPE01500339,Spectrum,CC12CCC(=O)C=C1CCC1C2C(O)CC2(C)C1CCC2(O)C(=O)COC(=O)CCC(=O)O,44,43.1,True
SPE00100620,Spectrum,CC12CCC(=O)C=C1CCc1ccc(O)cc12,46,45.1,True
SPE00107108,Spectrum,CC12CCC3C(CCC4CC(=O)CCC43C)C1CCC2=O,45,44.1,True
SPE01500294,Spectrum,CC12CCC(CC1)C(C)(C)O2,46,45.1,True
SPE00100586,Spectrum,CC12CCC3C(CCC4CC(Cl)CCC43C)C1CCC2=O,45,44.1,True
SPE00100682,Spectrum,CC12CCC(O)CC1CCC1C2C(O)CC2(C)C(C3=CC(=O)OC3)CCC12O,45,44.1,True
SPE00100688,Spectrum,CC12CCC(O)CC1CCC1C2CC(O)C2(C)C(C3=CC(=O)OC3)CCC12O,46,45.1,True
SPE00100687,Spectrum,CC12CCC(O)CC1CCC1C2CCC2(C)C(C3=CC(=O)OC3)C(O)CC12O,45,44.1,True
SPE00310009,Spectrum,CC12CCC3C(CCC4CC(O)CCC43C)C1CCC2=O,45,44.1,True
SPE01701047,Spectrum,CC12CCC(O)CC1CCC1C2C(=O)CC2(C)C1CCC2(O)C(=O)CO,45,44.1,True
SPE00100618,Spectrum,CC12CCC(O)CC1CCc1ccccc12,46,45.1,True
SPE01500275,Spectrum,CC12CCC3C(=CCc4cc(O)ccc43)C1CCC2=O,46,45.1,True
SPE00100582,Spectrum,CC12CCC3C(CC=C4CC(O)CCC43C)C1CCC2=O,46,45.1,True
SPE00100731,Spectrum,CC12CCC3C(CCC4(O)CC(O)CCC34/C=N/NC(N)=O)C1(O)CCC2C1=CC(=O)OC1,46,45.1,True
SPE00100291,Spectrum,CC12CCC3C(CCC4(O)CC(O)CCC34C=O)C1(O)CCC2C1=CC(=O)OC1,45,44.1,True
SPE01701001,Spectrum,CC12C=CC(=O)C=C1CCC1C2CCC2(C)C(=O)CCC12,45,44.1,True
SPE01500437,Spectrum,C#CC1(O)CCC2C3CCC4=CC(=O)CCC4C3CCC21C,45,44.1,True
SPE00307023,Spectrum,CC12CCC(=O)C=C1CCC1C2CCC2(C)C(O)CCC12,45,44.1,True
SPE01500439,Spectrum,C#CC1(O)CCC2C3CCC4=C(CCC(=O)C4)C3CCC21C,45,44.1,True
SPE00107093,Spectrum,CC12CCC3C(CCC4CC(O)CCC43C)C1CCC2O,45,44.1,True
SPE00107100,Spectrum,CC12CCC3C(CCC4CC(O)CCC43C)C1CCC2O,45,44.1,True
SPE01500285,Spectrum,CC12CCC3c4ccc(O)cc4CCC3C1CC(O)C2O,45,44.1,True
SPE01500291,Spectrum,C#CC1(O)CCC2C3CCc4cc(O)ccc4C3CCC21C,46,45.1,True
SPE01500286,Spectrum,CC12CCC3c4ccc(O)cc4CCC3C1CCC2=O,46,45.1,True
SPE01500282,Spectrum,CC12CCC3c4ccc(O)cc4CCC3C1CCC2O,46,45.1,True
SPE01500283,Spectrum,CC12CCC3c4ccc(O)cc4CCC3C1CCC2OC(=O)CCC1CCCC1,45,44.1,True
SPE01503676,Spectrum,CC12CCC3c4ccc(OC(=O)CCC(=O)O)cc4CCC3C1CCC2=O,44,43.1,True
SPE00307123,Spectrum,CC12CCC3c4ccc(OC(=O)c5ccccc5)cc4CCC3C1CCC2=O,45,44.1,True
SPE01501182,Spectrum,CC12CCC3c4ccc(OC(=O)c5ccccc5)cc4CCC3C1CCC2O,45,44.1,True
SPE01501191,Spectrum,CC12CCC3c4ccc(OCc5ccccc5)cc4CCC3C1CC(O)C2O,56,54.9,True
SPE01500220,Spectrum,C#CC1(O)CCC2C3CCC4=Cc5oncc5CC4(C)C3CCC21C,58,56.9,True
SPE01500556,Spectrum,CC1=C(CC(=O)O)c2cc(F)ccc2/C1=C\c1ccc(S(C)=O)cc1,56,54.9,True
SPE00300003,Spectrum,CC1=CC(=O)C2C(C)(C)CCCC2(C)C1(O)CCc1ccoc1,57,55.9,True
SPE01500189,Spectrum,Cc1cc(C2CCCCC2)n(O)c(=O)c1.NCCO,57,55.9,True
SPE01500730,Spectrum,Cc1cc(=O)oc2c(O)c(O)ccc12,57,55.9,True
SPE01500729,Spectrum,Cc1cc(=O)oc2cc(O)c(O)cc12,57,55.9,True
SPE00100686,Spectrum,CC1=CCC2C3(C)C1=CC(=O)OC3CC1C(C)(C)CC(O)C(O)C12C,56,54.9,True
SPE01502109,Spectrum,Cc1cn(C2CC(N=[N+]=[N-])C(CO)O2)c(=O)[nH]c1=O,58,56.9,True
SPE00208014,Spectrum,Cc1coc2ccccc2c1=O,56,54.9,True
SPE01504116,Spectrum,CC1=C2CCC3C4CCC(=O)C4(C)CCC3C2(C)CCC1=O,57,55.9,True
SPE00100551,Spectrum,CC1C(=O)CCC2C1(C)CCC1C2(C)CCC2(C)C3CC(C)(C)CCC3(C)CCC12C,57,55.9,True
SPE01500984,Spectrum,CC1C(=O)OC2C(O)C34C5OC(=O)C3(OC3OC(=O)C(O)C34C(C(C)(C)C)C5O)C12O,57,55.9,True
SPE01502252,Spectrum,CC1C(=O)OC2CCN3CC=C(COC(=O)C(C)(O)C1(C)O)C23,57,55.9,True
SPE01504071,Spectrum,CC1C(O)CC2C(C(=O)O)=COC(OC3OC(CO)C(O)C(O)C3O)C21,56,54.9,True
SPE01500311,Spectrum,CC(=O)OC1CC2(C)C(CC(O)C3C4(C)CCC(O)C(C)C4CCC32C)/C1=C(/CCC=C(C)C)C(=O)O,56,54.9,True
SPE01504139,Spectrum,CC1=CC(=O)C2=C(C)CC(O)C3C(C)C(=O)OC3C12,57,55.9,True
SPE01500659,Spectrum,CC1=C2C(C)(C=CC1=O)CC(O)C1C(C)C(=O)OC21C,57,55.9,True
SPE00300160,Spectrum,CC1/C(=N/O)CC2CC1C2(C)C,56,54.9,True
SPE01504149,Spectrum,CC1=CC(=O)C2=C(C)CCC3C(C)C(=O)OC3C12,57,55.9,True
SPE00300542,Spectrum,CC1=C2C3OC(=O)C(C)C3CCC2(C)C=CC1=O,55,53.9,True
SPE00211031,Spectrum,CC1C(=O)OC2C1CCC1(C)C=CC(=O)C3(C)OC213,58,56.9,True
SPE00500019,Spectrum,CC1C(=O)OC2C1CCC1(C)C=CC(=O)C3(C)OC213,58,56.9,True
SPE01503990,Spectrum,CC1C2CCC3C4CC=C5CC(N(C)C)CCC5(C)C4CCC32CN1C,56,54.9,True
SPE01503635,Spectrum,CC1=NN(c2ccccc2)C(=O)C1,58,56.9,True
SPE01502112,Spectrum,CC1CC(C)C(=O)C(C(O)CC2CC(=O)NC(=O)C2)C1,58,56.9,True
SPE01504135,Spectrum,CC1CC(Cl)CCC1C(=O)OC(C)(C)C,57,55.9,True
SPE01503674,Spectrum,CC1=C(/C=C/C(C)=C/C=C/C(C)=C/C=C/C=C(C)/C=C/C=C(C)/C=C/C23OC2(C)CC(O)CC3(C)C)C(C)(C)CC(O)C1,56,54.9,True
SPE01500379,Spectrum,CC(=O)OC1(C(C)=O)CCC2C3CC(C)C4=CC(=O)CCC4(C)C3CCC21C,57,55.9,True
SPE01501196,Spectrum,CC1CC2C3CC(F)C4=CC(=O)C=CC4(C)C3(F)C(O)CC2(C)C1(O)C(=O)CO,56,54.9,True
SPE01500300,Spectrum,CC1CC2C3CC(F)C4=CC(=O)C=CC4(C)C3(F)C(O)CC2(C)C1(O)C(=O)COC(=O)C(C)(C)C,56,54.9,True
SPE01503299,Spectrum,CC1CC2C3CC(F)C4=CC(=O)C=CC4(C)C3(F)C(O)CC2(C)C1C(=O)COC(=O)C(C)(C)C,57,55.9,True
SPE01500380,Spectrum,CC(=O)C1CCC2C3CC(C)C4=CC(=O)CCC4(C)C3C(O)CC12C,57,55.9,True
SPE01500406,Spectrum,CC1CC2C(C(O)CC3(C)C2CCC3(O)C(=O)CO)C2(C)C=CC(=O)C=C12,56,54.9,True
SPE01503254,Spectrum,CC(=O)OCC(=O)C1(O)CCC2C3CC(C)C4=CC(=O)C=CC4(C)C3C(O)CC21C,56,54.9,True
SPE01500304,Spectrum,CC(=O)C1(O)CCC2C3CC(C)C4=CC(=O)C=CC4(C)C3(F)C(O)CC21C,56,54.9,True
SPE01500144,Spectrum,CC1CC2C3CCC4=CC(=O)C=CC4(C)C3(F)C(O)CC2(C)C1(O)C(=O)CO,56,54.9,True
SPE01500231,Spectrum,CC(=O)OCC(=O)C1(O)C(C)CC2C3CCC4=CC(=O)C=CC4(C)C3(F)C(O)CC21C,56,54.9,True
SPE00500071,Spectrum,CC1CC2CC(=O)C3CCCN4CCCC2C34C1.[O-][Cl+3]([O-])([O-])O,57,55.9,True
SPE01800005,Spectrum,CC1CCC(C(C)C)C(OC(=O)c2ccccc2)C1,56,54.9,True
SPE01503422,Spectrum,CC1CCC(NC(=O)N(CCCl)N=O)CC1,56,54.9,True
SPE00307045,Spectrum,CC(=O)OC1CCC2(C)C(CCC3(C)C2C(=O)C=C2C4C(C)C(C)CCC4(C(=O)O)CCC23C)C1(C)C,56,54.9,True
SPE01505250,Spectrum,CC1CCC2(C(=O)O)CCC3(C)C(=CCC4C5(C)CC(O)C(O)C(C)(CO)C5C(O)CC43C)C2C1C,56,54.9,True
SPE01800031,Spectrum,CC1CCC2(C(=O)O)CCC3(C)C(=CCC4C5(C)CCC(O)C(C)(C)C5CCC43C)C2C1C,56,54.9,True
SPE01504073,Spectrum,CC1CCC2(CO)CCC3(C)C(=CCC4C5(C)CCC(O)C(C)(C)C5CCC43C)C2C1C,56,54.9,True
SPE01504079,Spectrum,CC1CCC2(NC1)OC1C3CCC4CC(OC5OC(CO)C(OC6OC(CO)C(O)C(OC7OCC(O)C(O)C7OC7OC(CO)C(O)C(O)C7O)C6O)C(O)C5O)CCC4(C)C3CCC1(C)C2C,58,56.9,True
SPE00100537,Spectrum,CC1CCC2(NC1)OC1CC3C4CC=C5CC(O)CCC5(C)C4CCC3(C)C1C2C,58,56.9,True
SPE00100325,Spectrum,CC1CCC2(OC1)OC1C(O)C3C4CCC5CC(OC6OC(CO)C(OC7OC(CO)C(O)C(OC8OCC(O)C(O)C8O)C7OC7OC(CO)C(O)C(OC8OC(CO)C(O)C(O)C8O)C7O)C(O)C6O)C(O)CC5(C)C4CCC3(C)C1C2C,55,53.9,True
SPE00100318,Spectrum,CC1CCC2(OC1)OC1CC3C4CC=C5CC(O)CCC5(C)C4CCC3(C)C1C2C,57,55.9,True
SPE00107015,Spectrum,CC1CCC2(OC1)OC1CC3C4CCC5CC(=O)CCC5(C)C4CCC3(C)C1C2C,56,54.9,True
SPE00107005,Spectrum,CC(=O)OC1CCC2(C)C(CCC3C2C(=O)C(OC(C)=O)C2(C)C3CC3OC4(CCC(C)CO4)C(C)C32)C1,56,54.9,True
SPE00100310,Spectrum,CC(=O)OC1CCC2(C)C(CCC3C2CC(=O)C2(C)C3CC3OC4(CCC(C)CO4)C(C)C32)C1,57,55.9,True
SPE00100296,Spectrum,CC(=O)OC1CCC2(C)C(CCC3C2CCC2(C)C3CC3OC4(CCC(C)CO4)C(C)C32)C1,58,56.9,True
SPE00100298,Spectrum,CC(=O)OC1CCC2(C)C(CCC3C2CCC2(C)C3CC3OC4(CCC(C)CO4)C(C)C32)C1,58,56.9,True
SPE00100305,Spectrum,CC1CCC2(OC1)OC1CC3C4CCC5CC(O)CCC5(C)C4=CCC3(C)C1C2C,57,55.9,True
SPE01500760,Spectrum,CC1CCC2(OC1)OC1CC3C4CCC5CC(O)CCC5(C)C4CC(=O)C3(C)C1C2C,57,55.9,True
SPE00100315,Spectrum,CC1CCC2(OC1)OC1CC3C4CCC5CC(O)CCC5(C)C4CCC3(C)C1C2C,57,55.9,True
SPE00107013,Spectrum,CC1CCC2(OC1)OC1CC3C4CCC5CC(O)CCC5(C)C4CCC3(C)C1C2C,57,55.9,True
SPE00307047,Spectrum,CC1CCC23CCC4(C)C5(C)CCC6C(C)(C)C(=O)CCC6(C)C5C=CC4(OC2=O)C3C1C,57,55.9,True
SPE00307043,Spectrum,CC1CCC23CCC4(C)C5(C)CCC6C(C)(C)C(O)CCC6(C)C5C=CC4(OC2=O)C3C1C,57,55.9,True
SPE00307059,Spectrum,CC1CCC2C(C)(C)C3CC12CCC3(C)O,56,54.9,True
SPE00310015,Spectrum,CC(=O)OC1(C)CCC23CC1C(C)(C)C2CCC3C,56,54.9,True
SPE01504024,Spectrum,CC1CCC2C(C)(CO)C(O)CCC2(C)C12CCC(CO)(CCO)O2,57,55.9,True
SPE01504143,Spectrum,CC1CCC2C(C)C(=O)OC3OC(C)(O)CCC1C32O,56,54.9,True
SPE01503042,Spectrum,CC1CCC2C(C)C(=O)OC3OC4(C)CCC1C32OO4,57,55.9,True
SPE01500842,Spectrum,C=C1C/C=C(\C)CCC2C1CC2(C)C,56,54.9,True
SPE00307055,Spectrum,C=C1CCC(=O)C(C)CCC2C1CC2(C)C,57,55.9,True
SPE00300166,Spectrum,C/C1=C\CCC(=O)C2CC(C)(C)C2CC1,57,55.9,True
SPE01503640,Spectrum,C=C1C(=O)OC2C1CC/C(C)=C/CCC1(C)OC21,56,54.9,True
SPE00100455,Spectrum,CC1=C2C(O)C(=O)OC3CC4C(C)(C)C(=O)C=CC4(C)C(CC1)C23C,58,56.9,True
SPE00300101,Spectrum,C/C1=C\CC(C)(C)/C=C/CC2(C)OC2CC1,57,55.9,True
SPE01501210,Spectrum,C/C1=C/CC(C)(C)/C=C/C/C(C)=C/CC1,57,55.9,True
SPE01504252,Spectrum,C=C1C(C)C2C(Cc3ccccc3)NC(=O)C23OC(=O)/C=C/C(=O)CCCC(C)C/C=C/C3C1O,56,54.9,True
SPE01502013,Spectrum,CC1=C(/C=C/C(C)=C/C=C/C(C)=C\C(=O)O)C(C)(C)CCC1,57,55.9,True
SPE01502016,Spectrum,CC1=C(/C=C/C(C)=C/C=C/C(C)=C/C(=O)O)C(C)(C)CCC1,57,55.9,True
SPE01500143,Spectrum,CC1=C(/C=C/C(C)=C/C=C/C(C)=C/C=C/C=C(C)/C=C/C=C(C)/C=C/C2=C(C)CCCC2(C)C)C(C)(C)CCC1,57,55.9,True
SPE01503919,Spectrum,CC1CCCC(C)N1NC(=O)c1ccc(Cl)c(S(N)(=O)=O)c1,56,54.9,True
SPE01504253,Spectrum,C=C1C(C)C2C(Cc3ccccc3)NC(=O)C23OC(=O)/C=C/C(O)CCCC(C)C/C=C/C3C1O,55,53.9,True
SPE00310010,Spectrum,C=C1C(=O)OC2CC3(C)CCCC(C)C3=CC12,56,54.9,True
SPE00100719,Spectrum,Cc1cc(=O)c2c(O)c3c(cc2o1)OCC(C)CC3,57,55.9,True
SPE01500992,Spectrum,CC1CCc2cc(F)cc3c(=O)c(C(=O)O)cn1c23,56,54.9,True
SPE00100304,Spectrum,CC(=O)OC1CCC2(C)C3=CC(=O)C4(C)C(CC5OC6(OCC(C)CC6Br)C(C)C54)C3CCC2C1,57,55.9,True
SPE01502044,Spectrum,CC1COc2c(N3CCN(C)CC3)c(F)cc3c(=O)c(C(=O)O)cn1c23,56,54.9,True
SPE01504260,Spectrum,CC1COc2c(N3CCN(C)CC3)c(F)cc3c(=O)c(C(=O)O)cn1c23,56,54.9,True
SPE00100513,Spectrum,CC1=CCc2c(cc3oc(C)cc(=O)c3c2O)OC1,57,55.9,True
SPE01500168,Spectrum,CC1=C(C(=O)O)N2C(=O)C(NC(=O)C(N)C3=CCC=CC3)C2SC1,56,54.9,True
SPE01500163,Spectrum,CC1=C(C(=O)O)N2C(=O)C(NC(=O)C(N)c3ccc(O)cc3)C2SC1,55,53.9,True
SPE01502028,Spectrum,CC1=C(C(=O)O)N2C(=O)C(NC(=O)C(N)c3ccccc3)C2SC1,56,54.9,True
SPE01500349,Spectrum,CC1Cc2ccccc2N1NC(=O)c1ccc(Cl)c(S(N)(=O)=O)c1,56,54.9,True
SPE01504188,Spectrum,Cc1nc2ccccn2c(=O)c1CCN1CCC(C(=O)c2ccc(F)cc2)CC1,57,55.9,True
SPE01503421,Spectrum,Cc1nc2sccn2c(=O)c1CCN1CCC(=C(c2ccc(F)cc2)c2ccc(F)cc2)CC1,55,53.9,True
SPE02300116,Spectrum,CC1NC(=O)NC1=O,57,55.9,True
SPE01500408,Spectrum,Cc1cc(=O)[nH]c(=S)[nH]1,56,54.9,True
SPE02300325,Spectrum,Cc1ccccc1N1C(=O)c2cc(S(N)(=O)=O)c(Cl)cc2NC1C,55,53.9,True
SPE01600759,Spectrum,Cc1cc(O)cc(=O)o1,57,55.9,True
SPE01500446,Spectrum,CC1/C=C/C=C/CC/C=C/C=C/C=C/C=C/C(OC2OC(C)C(O)C(N)C2O)CC2OC(O)(CC(O)C(O)CCC(O)CC(O)CC(O)CC(=O)OC(C)C(C)C1O)CC(O)C2C(=O)O,58,56.9,True
SPE01501189,Spectrum,CC1OC(n2cc(F)c(=O)[nH]c2=O)C(O)C1O,57,55.9,True
SPE01500247,Spectrum,CC1OC(OC2C(O)CC(OC3C(O)CC(OC4CCC5(C)C(CCC6C5CC(O)C5(C)C(C7=CC(=O)OC7)CCC65O)C4)OC3C)OC2C)CC(O)C1O,57,55.9,True
SPE01500986,Spectrum,CC1OC(OC2C(O)CC(OC3C(O)CC(OC4CCC5(C)C(CCC6C5CCC5(C)C(C7=CC(=O)OC7)C(O)CC65O)C4)OC3C)OC2C)CC(O)C1O,57,55.9,True
SPE01500246,Spectrum,CC1OC(OC2C(O)CC(OC3C(O)CC(OC4CCC5(C)C(CCC6C5CCC5(C)C(C7=CC(=O)OC7)CCC65O)C4)OC3C)OC2C)CC(O)C1O,58,56.9,True
SPE01501205,Spectrum,CC(=O)OC1CC(OC2C(O)CC(OC3C(O)CC(OC4CCC5(C)C(CCC6C5CC(O)C5(C)C(C7=CC(=O)OC7)CCC65O)C4)OC3C)OC2C)OC(C)C1OC1OC(CO)C(O)C(O)C1O,58,56.9,True
SPE01500752,Spectrum,CC1OC(Oc2c(-c3ccc(O)c(O)c3)oc3cc(O)cc(O)c3c2=O)C(O)C(O)C1O,56,54.9,True
SPE01504075,Spectrum,CC1OC(OC2C(Oc3cc(O)c4c(=O)cc(-c5ccc(O)cc5)oc4c3)OC(CO)C(O)C2O)C(O)C(O)C1O,56,54.9,True
SPE01500765,Spectrum,CC1OC(OC2C(Oc3cc(O)c4c(c3)OC(c3ccc(O)cc3)CC4=O)OC(CO)C(O)C2O)C(O)C(O)C1O,56,54.9,True
SPE01504018,Spectrum,CC1OC(OC2C(CO)OC(OCC3OC(OC(=O)C45CCC(C)(C)CC4C4=CCC6C7(C)CCC(OC8OCC(O)C(O)C8OC8OC(C)C(O)C(O)C8O)C(C)(CO)C7CCC6(C)C4(C)CC5)C(O)C(O)C3O)C(O)C2O)C(O)C(O)C1O,54,52.9,True
SPE01504017,Spectrum,CC1OC(OC2C(OC3CCC4(C)C(CCC5(C)C4CC=C4C6CC(C)(C)CCC6(C(=O)O)CCC45C)C3(C)CO)OCC(O)C2O)C(O)C(O)C1O,54,52.9,True
SPE01500676,Spectrum,CC1OC(OC2CC(O)C3(CO)C4C(O)CC5(C)C(C6=CC(=O)OC6)CCC5(O)C4CCC3(O)C2)C(O)C(O)C1O,56,54.9,True
SPE01500122,Spectrum,CC1/C=C/C=C/C=C/C=C/C=C/C=C/C=C/C(OC2OC(C)C(O)C(N)C2O)CC2OC(O)(CC(O)CC(O)C(O)CCC(O)CC(O)CC(=O)OC(C)C(C)C1O)CC(O)C2C(=O)O,58,56.9,True
SPE01504059,Spectrum,CC1OC(OC2CCC3(C)C(CCC4(C)C3CC=C3C5CC(C)(C)CCC5(C(=O)OC5OCC(O)C(O)C5OC5OC(C)C(OC6OC(CO)C(O)C(O)C6O)C(O)C5O)C(O)CC34C)C2(C)C)C(O)C(O)C1OC1OCC(O)C(O)C1O,58,56.9,True
SPE01503994,Spectrum,CC1OC(OC2CCC3(C=O)C4CCC5(C)C(C6=CC(=O)OC6)CCC5(O)C4CCC3(O)C2)C(O)C(O)C1O,56,54.9,True
SPE01505245,Spectrum,CC1OC(OCC2OC(Oc3c(-c4ccc(OCCO)c(OCCO)c4)oc4cc(OCCO)cc(O)c4c3=O)C(O)C(O)C2O)C(O)C(O)C1O,55,53.9,True
SPE00300607,Spectrum,CC1OC(OCC2OC(OC3=C(c4ccc(O)c(O)c4)Oc4cc(O)cc(O)c4C3O)C(O)C(O)C2O)C(O)C(O)C1O,56,54.9,True
SPE01800168,Spectrum,Cc1cc(=O)c2c(o1)-c1c(cc(O)c(O)c1C(=O)O)OC2,58,56.9,True
SPE01504091,Spectrum,Cc1occc(=O)c1/C=C/O,55,53.9,True
SPE00310025,Spectrum,Cc1occc(=O)c1O,57,55.9,True
SPE00210186,Spectrum,CC1=C2C(=COC(C)C2C)C(O)=C(C(=O)O)C1=O,56,54.9,True
SPE00200449,Spectrum,Cc1cc(=O)c2c(O)cc(O)c(C)c2o1,58,56.9,True
SPE00200447,Spectrum,Cc1cc(=O)c2c(O)c(C)c(O)cc2o1,58,56.9,True
SPE00100531,Spectrum,Cc1cc(=O)c2c(O)c3c(cc2o1)OC(C)(C)CC3,57,55.9,True
SPE01504160,Spectrum,C/C=C(\C)C(=O)OC1c2c(ccc3ccc(=O)oc23)OC(C)(C)C1OC(C)=O,56,54.9,True
SPE01504030,Spectrum,C/C=C(/C)C(=O)OC1C(OC(C)=O)C2(CO)C(O)CC3(C)C(=CCC4C5(C)CCC(OC6OC(C(=O)O)C(OC7OC(CO)C(O)C(O)C7O)C(O)C6OC6OC(CO)C(O)C(O)C6O)C(C)(CO)C5CCC43C)C2CC1(C)C,57,55.9,True
SPE01503815,Spectrum,C/C=C(/C)C(=O)OC1CCC2(C)C3CCC4C5(O)CC(O)C6(O)C(CN7CC(C)CCC7C6(C)O)C5(O)CC42OC13O,56,54.9,True
SPE00310300,Spectrum,C/C=C(/C)C(=O)OC1CCC2(C)C3CCC4C5(O)CC(O)C6(O)C(CN7CC(C)CCC7C6(C)O)C5(O)CC42OC13O.O=S(=O)(O)O,56,54.9,True
SPE01504159,Spectrum,C/C=C(/C)C(=O)OC1Cc2c(ccc3ccc(=O)oc23)OC1(C)C,56,54.9,True
SPE01500241,Spectrum,C/C=C(C(=C/C)/c1ccc(O)cc1)\c1ccc(O)cc1,56,54.9,True
SPE01505255,Spectrum,C/C=C1\C2C=C(C)CC1(N)c1ccc(=O)[nH]c1C2,56,54.9,True
SPE00300533,Spectrum,C/C=C/c1ccc2c(c1)OCO2,56,54.9,True
SPE01500287,Spectrum,C=C(CC)C(=O)c1ccc(OCC(=O)O)c(Cl)c1Cl,56,54.9,True
SPE00330027,Spectrum,CCC(=O)Nc1ccc(Cl)c(Cl)c1,55,53.9,True
SPE01503918,Spectrum,CCC(=O)OC1(C(=O)CCl)C(C)CC2C3CCC4=CC(=O)C=CC4(C)C3(F)C(O)CC21C,56,54.9,True
SPE00100103,Spectrum,CCC(=O)OC1C2CC3=C4CC(=O)OC(c5ccoc5)C4(C)CCC3C(C)(C2=O)C(CC(=O)OC)C1(C)C,55,53.9,True
SPE00300034,Spectrum,CCC(=O)OC1CCC2C3CCC4=CC(=O)CCC4(C)C3CCC12C,57,55.9,True
SPE01501179,Spectrum,CCC(=O)OC1CCC2C3CCc4cc(O)ccc4C3CCC12C,56,54.9,True
SPE01500136,Spectrum,CCC(=O)OCC(=O)C1(OC(=O)CC)C(C)CC2C3CCC4=CC(=O)C=CC4(C)C3(Cl)C(O)CC21C,56,54.9,True
SPE01503210,Spectrum,CCC(=O)OCC(=O)C1(OC(=O)CC)C(C)CC2C3CCC4=CC(=O)C=CC4(C)C3(F)C(O)CC21C,56,54.9,True
SPE01500629,Spectrum,CCC(=O)c1c(O)cc(O)cc1O,57,55.9,True
SPE01500512,Spectrum,CCC(=O)c1ccc2c(c1)N(CC(C)N(C)C)c1ccccc1S2.O=C(O)/C=C\C(=O)O,57,55.9,True
SPE01500632,Spectrum,CCC(c1ccc(O)cc1)C(CC)c1ccc(O)cc1,57,55.9,True
SPE01504223,Spectrum,CCC(C(N)=O)c1ccccc1,57,55.9,True
SPE01504236,Spectrum,CCC(C)(C)C(=O)OC1CC(C)C=C2C=CC(C)C(CCC3CC(O)CC(=O)O3)C21,57,55.9,True
SPE01500938,Spectrum,CCC(C)C(=O)OC1C(O)C2C(CN3CC(C)CCC3C2(C)O)C2CC34OC5(O)C(OC(=O)C(C)(O)C(C)O)CCC3(C)C5C(OC(C)=O)C(OC(C)=O)C4C21O,56,54.9,True
SPE01500909,Spectrum,CCC(C)C(=O)OC1C(O)C2C(CN3CC(C)CCC3C2(C)O)C2CC34OC5(O)C(OC(=O)C(C)(O)CC)CCC3(C)C5C(OC(C)=O)C(OC(C)=O)C4C21O,56,54.9,True
SPE00100050,Spectrum,CCC(C)C(=O)OC1C2CC3=C4CC(=O)OC(c5ccoc5)C4(C)CCC3C(C)(C2=O)C(CC(=O)OC)C1(C)C,56,54.9,True
SPE01503977,Spectrum,CCC(C)C(=O)OC1CC(C)C=C2C=CC(C)C(CCC3CC(O)CC(=O)O3)C21,57,55.9,True
SPE00100007,Spectrum,CCC(C)C(=O)OC1CC2(C)C(c3ccoc3)OC(=O)CC23OC2(C)OC34C(OC(=O)C(C)C)C3(O)C(OC(=O)C5(C)OC5C)C5(C)CC3(O)C(C)(C5C(=O)OC)C14O2,55,53.9,True
SPE00100517,Spectrum,CCC(C)C(=O)OC1CC2(C)C(c3ccoc3)OC(=O)CC23OC2(C)OC34C(OC(=O)C(C)C)C3(O)C(OC(=O)C5(C)OC5C)C5(C)CC3(O)C(C)(C5CC(=O)OC)C14O2,55,53.9,True
SPE00100081,Spectrum,CCC(C)C(=O)OC1CC2(C)C(c3ccoc3)OC(=O)CC23OC2(C)OC34C(OC(C)=O)C3(O)C(OC(=O)C5(C)OC5C)C5(C)CC3(O)C(C)(C5CC(=O)OC)C14O2,55,53.9,True
SPE01601000,Spectrum,CCC(C)C(=O)OC1CCC=C2C=CC(C)C(CCC3CC(O)CC(=O)O3)C21,56,54.9,True
SPE01504119,Spectrum,CCC(C)C(=O)c1c(O)c(C)c2oc3c(C)c(O)c(C(=O)C(C)CC)c(O)c3c2c1O,57,55.9,True
SPE01400136,Spectrum,CCC(C)C(NC)C(=O)O,56,54.9,True
SPE00100068,Spectrum,C=C1C(C2(C)C(OC(C)=O)CC(=O)OC(C)(COC(C)=O)C2CC(=O)OC)C(OC=O)C(OC(=O)C(O)C(C)CC)C2(C)C(c3ccoc3)CC(=O)C12O,56,54.9,True
SPE00100035,Spectrum,CCC(C)C(OC(C)=O)C(=O)OC1C(O)C2C3(C)C=CC(=O)C(C)(C)C3CC(OC(=O)C(O)C(C)C)C2(C)C23OC2CC(c2ccoc2)C13C,57,55.9,True
SPE00100069,Spectrum,C=C1C(C2(C)C(OC(C)=O)CC(=O)OC(C)(COC(C)=O)C2CC(=O)OC)C(OC=O)C(OC(=O)C(OC(C)=O)C(C)CC)C2(C)C(c3ccoc3)CC(=O)C12O,56,54.9,True
SPE00210863,Spectrum,CCC(C)c1cnc(CC(C)C)c(=O)n1O,57,55.9,True
SPE01502260,Spectrum,CCC(C)C1OC2(C=CC1C)CC1CC(C/C=C(\C)C(OC3CC(OC)C(OC4CC(OC)C(O)C(C)O4)C(C)O3)C(C)/C=C/C=C3\COC4C(O)C(C)=CC(C(=O)O1)C34O)O2,57,55.9,True
SPE01500492,Spectrum,CCC(C)CCCCC(=O)NC(CCN)C(=O)NC(C(=O)NC(CCN)C(=O)NC1CCNC(=O)C(C(C)O)NC(=O)C(CCN)NC(=O)C(CCN)NC(=O)C(CC(C)C)NC(=O)C(Cc2ccccc2)NC(=O)C(CCN)NC1=O)C(C)O.O=S(=O)(O)O,56,54.9,True
SPE01502035,Spectrum,CCC(C(=O)O)C1OC(C(C)C(O)C(C)C(=O)C(CC)C2OC3(C=CC(O)C4(CCC(C)(C5CCC(O)(CC)C(C)O5)O4)O3)C(C)CC2C)C(C)CC1C,57,55.9,True
SPE01504051,Spectrum,CCC(/C=C/C(C)C1CCC2C3CC=C4CC(O)CCC4(C)C3CCC12C)C(C)C,56,54.9,True
SPE00270067,Spectrum,CCC(/C=C/C(C)C1CCC2C3CCC4=CC(=O)CCC4(C)C3CCC12C)C(C)C,57,55.9,True
SPE00107023,Spectrum,CCC(CCC(C)C1CCC2C3CC=C4CC(OC(C)=O)CCC4(C)C3CCC12C)C(C)C,57,55.9,True
SPE00107022,Spectrum,CCC(CCC(C)C1CCC2C3CC=C4CC(O)CCC4(C)C3CCC12C)C(C)C,56,54.9,True
SPE01504053,Spectrum,CCC(CCC(C)C1CCC2C3CCC4CC(O)CCC4(C)C3CCC12C)C(C)C,56,54.9,True
SPE01503923,Spectrum,CCC(Cc1c(I)cc(I)c(N)c1I)C(=O)O,57,55.9,True
SPE01500244,Spectrum,CC/C(=C(/CC)c1ccc(O)cc1)c1ccc(O)cc1,56,54.9,True
SPE01500557,Spectrum,CC/C(=C(\c1ccccc1)c1ccc(OCCN(C)C)cc1)c1ccccc1.O=C(O)CC(O)(CC(=O)O)C(=O)O,57,55.9,True
SPE01500501,Spectrum,CCC1(c2ccccc2)C(=O)NCNC1=O,57,55.9,True
SPE01502196,Spectrum,CCC1(C)CC(=O)NC1=O,57,55.9,True
SPE01503085,Spectrum,CCC1(CC)C(=O)C=CNC1=O,57,55.9,True
SPE01500115,Spectrum,CCC1(c2ccc(N)cc2)CCC(=O)NC1=O,57,55.9,True
SPE01504123,Spectrum,CCC1(O)C(=O)OCc2c1cc1n(c2=O)Cc2cc3cc(O)ccc3nc2-1,57,55.9,True
SPE01502232,Spectrum,CCC1(O)C(=O)OCc2c1cc1n(c2=O)Cc2cc3ccccc3nc2-1,58,56.9,True
SPE00201606,Spectrum,CCC1(O)CC(O)c2c(cc3c(c2O)C(=O)c2c(O)ccc(O)c2C3=O)C1C(=O)OC,57,55.9,True
SPE00201604,Spectrum,CCC1(O)CC(OC2CC(N(C)C)C(O)C(C)O2)c2c(cc3c(c2O)C(=O)c2c(O)ccc(O)c2C3=O)C1C(=O)OC,57,55.9,True
SPE01503072,Spectrum,CCC1(O)CC(OC2CC(N(C)C)C(OC3CC(O)C(OC4CCC(=O)C(C)O4)C(C)O3)C(C)O2)c2c(cc3c(c2O)C(=O)c2c(O)cccc2C3=O)C1C(=O)OC,57,55.9,True
SPE01500441,Spectrum,C#CC1(O)CCC2C3CCC4=CC(=O)CCC4C3CCC21CC,57,55.9,True
SPE01502239,Spectrum,CCC12CCCN3CCc4c(n(c5ccccc45)C(=O)C1)C32,57,55.9,True
SPE01500647,Spectrum,CCC12CCCN3CCc4c(n(c5ccccc45)C(O)(C(=O)OC)C1)C32,57,55.9,True
SPE01503214,Spectrum,CCc1cn(C2OCC(O)C2CO)c(=O)nc1O,57,55.9,True
SPE01500656,Spectrum,CCC1C2CC3C4N(C)c5ccccc5C45CC(C2C5O)N3C1O,56,54.9,True
SPE00350011,Spectrum,CCC1C2CC3C4N(C)c5ccccc5C45CC(C2C5OC(C)=O)N3C1OC(C)=O,56,54.9,True
SPE01500657,Spectrum,CCC1CN2CCC1CC2C(O)c1ccnc2ccc(OC)cc12,57,55.9,True
SPE01502202,Spectrum,C/C=C/CC(C)C(O)C1C(=O)NC(CC)C(=O)N(C)CC(=O)N(C)C(CC(C)C)C(=O)NC(C(C)C)C(=O)N(C)C(CC(C)C)C(=O)NC(C)C(=O)NC(C)C(=O)N(C)C(CC(C)C)C(=O)N(C)C(CC(C)C)C(=O)N(C)C(C(C)C)C(=O)N1C,57,55.9,True
SPE01505265,Spectrum,CCC1OC(=O)C(C)C(=O)C(C)C(OC2OC(C)CC(N(C)C)C2O)C(C)(OC)C2(CCCn3cnc(-c4cccnc4)c3)CC(C)C(=O)C(C)C3N(C2)C(=O)OC13C,58,56.9,True
SPE01504231,Spectrum,CCC1OC(=O)C(C)C(OC2CC(C)(OC)C(O)C(C)O2)C(C)C(OC2OC(C)CC(N(C)C)C2O)C(C)(OC)CC(C)C(=O)C(C)C(O)C1(C)O,56,54.9,True
SPE01503276,Spectrum,CCC1OC(=O)C(C)C(OC2CC(C)(OC)C(O)C(C)O2)C(C)C(OC2OC(C)CC(N(C)C)C2O)C(C)(O)CC(C)/C(=N\OCOCCOC)C(C)C(O)C1(C)O,57,55.9,True
SPE01504144,Spectrum,CCC1OC(=O)C(C)C(OC2CC(C)(OC)C(O)C(C)O2)C(C)C(OC2OC(C)CC(N(C)C)C2O)C(C)(O)CC(C)C2NC(COCCOC)OC(C2C)C1(C)O,57,55.9,True
SPE01503679,Spectrum,CCC1OC(=O)C(C)C(OC2CC(C)(OC)C(O)C(C)O2)C(C)C(OC2OC(C)CC(N(C)C)C2O)C(C)(O)CC(C)CN(C)C(C)C(O)C1(C)O,57,55.9,True
SPE01503043,Spectrum,CCCC(=O)Nc1ncnc2c1ncn2C1OC2COP(=O)(O)OC2C1OC(=O)CCC,57,55.9,True
SPE01503273,Spectrum,CCCC(=O)OC1(C(=O)CO)CCC2C3CCC4=CC(=O)CCC4(C)C3C(O)CC21C,58,56.9,True
SPE01500162,Spectrum,CCCC(C)(COC(N)=O)COC(=O)NC(C)C,56,54.9,True
SPE01900006,Spectrum,CCCC(C)C1(CC)C(=O)N=C(O)NC1=O,57,55.9,True
SPE01505212,Spectrum,CC(C)(C)N.CCCC(NC(C)C(=O)N1C(C(=O)O)CC2CCCCC21)C(=O)OCC,56,54.9,True
SPE01800172,Spectrum,CCCC1CC2=C(CC(CC)CC3=C1C(=O)OC3=O)C(=O)OC2=O,56,54.9,True
SPE01500515,Spectrum,CCCc1cc(=O)[nH]c(=S)[nH]1,57,55.9,True
SPE01500813,Spectrum,CCCC1OC2CC3C4CCC5=CC(=O)C=CC5(C)C4C(O)CC3(C)C2(C(=O)CO)O1,57,55.9,True
SPE01504090,Spectrum,CCCc1occc(=O)c1/C=C/O,56,54.9,True
SPE01800170,Spectrum,CCC/C=C/C=C/C1CC(O)C(O)C(=O)C1C=O,56,54.9,True
SPE01504029,Spectrum,CCC/C=C1\OC(=O)C2=C1CCC=C2,57,55.9,True
SPE01500145,Spectrum,CCCCC(=O)OC1(C(=O)CO)C(C)CC2C3CCC4=CC(=O)C=CC4(C)C3(F)C(O)CC21C,56,54.9,True
SPE01500284,Spectrum,CCCCC(=O)OC1CCC2C3CCc4cc(O)ccc4C3CCC12C,57,55.9,True
SPE01500633,Spectrum,CCCCC(CC)CN1CN(CC(CC)CCCC)CC(C)(N)C1,47,46.1,True
SPE01501157,Spectrum,CCCCC1(COC(=O)CCC(=O)O)C(=O)N(c2ccccc2)N(c2ccccc2)C1=O,49,48.0,True
SPE01500455,Spectrum,CCCCC1C(=O)N(c2ccccc2)N(c2ccc(O)cc2)C1=O,47,46.1,True
SPE01500482,Spectrum,CCCCC1C(=O)N(c2ccccc2)N(c2ccccc2)C1=O,47,46.1,True
SPE01500343,Spectrum,CCCCCC(=O)OC1(C(C)=O)CCC2C3CCC4=CC(=O)CCC4(C)C3CCC21C,48,47.1,True
SPE01500601,Spectrum,CCCCCC(C)N.O=S(=O)(O)O,47,46.1,True
SPE00210477,Spectrum,CCCCCC(CC(=O)NO)C(=O)NC(C(=O)N1CCCC1CO)C(C)C,48,47.1,True
SPE01503216,Spectrum,CCCCCC(O)C1C(=O)OC(C)C(O)/C=C/C=C/C=C/C=C/C=C(\C)C(O)CC(O)CC(O)CC(O)CC(O)CC(O)CC1O,47,46.1,True
SPE01504910,Spectrum,CCCCCC1C(=O)CCC1CC(=O)OC,47,46.1,True
SPE01504104,Spectrum,CCCCCC1C(=O)CCC1CC(=O)O,47,46.1,True
SPE01502108,Spectrum,CCCCCC1C(=O)OC(C)C(NC(=O)c2cccc(NC=O)c2O)C(=O)OC(C)C1OC(=O)CC(C)C,47,46.1,True
SPE01504138,Spectrum,CCCCC/C=C\C/C=C\C/C=C\C/C=C\CCCC(=O)O,47,46.1,True
SPE00330049,Spectrum,CCCCCCC(C)OC(=O)COc1cc(Cl)c(Cl)cc1Cl,47,46.1,True
SPE00330048,Spectrum,CCCCCCC(C)OC(=O)COc1ccc(Cl)cc1Cl,46,45.1,True
SPE01505247,Spectrum,CCCCCC/C=C\CCCCCCCc1cccc(O)c1C(=O)O,46,45.1,True
SPE02300192,Spectrum,CCCCCCCCC(=O)NCc1ccc(O)c(OC)c1,48,47.1,True
SPE01504300,Spectrum,CCCCCCCCCCCC(CC1OC(=O)C1CCCCCC)OC(=O)C(CC(C)C)NC=O,47,46.1,True
SPE00200428,Spectrum,CCCCCCCCCCCCC(C(=O)O)C(C)C(=O)O,48,47.1,True
SPE00330004,Spectrum,CCCCCCCCCCCCCC(=O)OC1C(C)C2(O)C(C=C(CO)CC3(O)C(=O)C(C)=CC32)C2C(C)(C)C12OC(C)=O,47,46.1,True
SPE01503604,Spectrum,CCCCCCCCCCCCCCCC(=O)OC/C=C(C)/C=C/C=C(C)/C=C/C1=C(C)CCCC1(C)C,47,46.1,True
SPE01500281,Spectrum,CCC1OC(=O)C(C)C(OC2CC(C)(OC)C(O)C(C)O2)C(C)C(OC2OC(C)CC(N(C)C)C2O)C(C)(O)CC(C)C(=O)C(C)C(O)C1(C)O.CCCCCCCCCCCCCCCCCCCC(=O)O,49,48.0,True
SPE01503983,Spectrum,CCCCCCCCCCCCCCCCCCOCC(O)CO,48,47.1,True
SPE01501176,Spectrum,CCC(=O)OC1C(OC2C(C)C(OC3CC(C)(OC)C(O)C(C)O3)C(C)C(=O)OC(CC)C(C)(O)C(O)C(C)C(=O)C(C)CC2(C)O)OC(C)CC1N(C)C.CCCCCCCCCCCCOS(=O)(=O)O,50,49.0,True
SPE01504074,Spectrum,CCCCCCCCCCCC1=C(O)C(=O)C=C(O)C1=O,47,46.1,True
SPE00330085,Spectrum,CCCCCCCCCc1ccc(O)cc1,47,46.1,True
SPE01501153,Spectrum,CCCCCCCCNC(C)C(O)c1ccc(SC(C)C)cc1,47,46.1,True
SPE01503403,Spectrum,CCCCCCOc1ccccc1C(N)=O,47,46.1,True
SPE01500330,Spectrum,CCCCCCc1ccc(O)cc1O,47,46.1,True
SPE01504218,Spectrum,CCCCCCc1ccc(O)cc1O.Nc1c2ccccc2nc2ccccc12,47,46.1,True
SPE00300018,Spectrum,CCCCCc1c2c(cc(O)c1C(=O)O)OC(=O)c1c(cc(OC)cc1C(=O)CCCC)O2,48,47.1,True
SPE01503914,Spectrum,CCCCN(CCCC)CCCOC(=O)c1ccc(N)cc1,48,47.1,True
SPE01500581,Spectrum,CCCCNC(=O)NS(=O)(=O)c1ccc(C)cc1,47,46.1,True
SPE01502004,Spectrum,CCCCNc1cc(C(=O)O)cc(S(N)(=O)=O)c1Oc1ccccc1,47,46.1,True
SPE01500767,Spectrum,CCCCOC(=O)c1ccc(N)cc1,48,47.1,True
SPE00330086,Spectrum,CCCCOC(=O)c1ccccc1C(=O)OCCCC,47,46.1,True
SPE00330087,Spectrum,CCCCOC(=O)c1ccccc1C(=O)OCc1ccccc1,47,46.1,True
SPE01502003,Spectrum,CCCCOc1ccc(CC(=O)NO)cc1,47,46.1,True
SPE00330053,Spectrum,CCCCSP(=O)(SCCCC)SCCCC,47,46.1,True
SPE01501119,Spectrum,CCCN(CCC)C(=O)C(CCC(=O)O)NC(=O)c1ccccc1,47,46.1,True
SPE01500502,Spectrum,CCCN(CCC)S(=O)(=O)c1ccc(C(=O)O)cc1,48,47.1,True
SPE01500185,Spectrum,CCCNC(=O)NS(=O)(=O)c1ccc(Cl)cc1,48,47.1,True
SPE00330065,Spectrum,CCCSP(=O)(OCC)SCCC,47,46.1,True
SPE01505261,Spectrum,CCCc1nc2c(C)cc(-c3nc4ccccc4n3C)cc2n1Cc1ccc(-c2ccccc2C(=O)O)cc1,46,45.1,True
SPE01504099,Spectrum,CCCc1nn(C)c2c(=O)[nH]c(-c3cc(S(=O)(=O)N4CCN(C)CC4)ccc3OCC)nc12,47,46.1,True
SPE01500242,Spectrum,CCN(CC)C(=O)N1CCN(C)CC1.O=C(O)CC(O)(CC(=O)O)C(=O)O,46,45.1,True
SPE01601020,Spectrum,CCN(CC)C(=O)c1cccc(C)c1,47,46.1,True
SPE01500262,Spectrum,CCN(CC)C(=S)SSC(=S)N(CC)CC,47,46.1,True
SPE01500179,Spectrum,CCN(CC)CCCC(C)Nc1ccnc2cc(Cl)ccc12.O=P(O)(O)O.O=P(O)(O)O,46,45.1,True
SPE01503108,Spectrum,CCN(CC)CCNC(=O)c1cc(Br)c(N)cc1OC,47,46.1,True
SPE01503239,Spectrum,CCN(CC)CCNc1ccc(CO)c2sc3ccccc3c(=O)c12,48,47.1,True
SPE01503419,Spectrum,CCN(CC)CCOC(=O)C(Cc1cccc2ccccc12)CC1CCCO1.O=C(O)C(=O)O,48,47.1,True
SPE01500196,Spectrum,CCN(CC)CCOc1ccc(/C(=C(\Cl)c2ccccc2)c2ccccc2)cc1.O=C(O)CC(O)(CC(=O)O)C(=O)O,48,47.1,True
SPE02300009,Spectrum,CCN(CC)CCOc1ccc2c(c1)C(=O)c1cc(OCCN(CC)CC)ccc1-2,48,47.1,True
SPE01500109,Spectrum,CC(CC(=O)O)(CC(=O)O)C(=O)O.CCN(CCCc1ccccc1)CCCc1ccccc1,46,45.1,True
SPE01503978,Spectrum,CCN(CCO)CCCC(C)Nc1ccnc2cc(Cl)ccc12,47,46.1,True
SPE01500599,Spectrum,CCN(Cc1ccncc1)C(=O)C(CO)c1ccccc1,46,45.1,True
SPE01500440,Spectrum,CCn1cc(C(=O)O)c(=O)c2cc(F)c(N3CCNCC3)cc21,47,46.1,True
SPE01503215,Spectrum,CCn1cc(C(=O)O)c(=O)c2cc(F)c(N3CCNCC3)nc21,47,46.1,True
SPE01502030,Spectrum,CCn1cc(C(=O)O)c(=O)c2cc3c(cc21)OCO3,46,45.1,True
SPE01500756,Spectrum,CCn1cc(C(=O)O)c(=O)c2ccc(C)nc21,48,47.1,True
SPE01502045,Spectrum,CCn1cc(C(=O)O)c(=O)c2cnc(N3CCCC3)nc21,48,47.1,True
SPE01502024,Spectrum,CCn1cc(C(=O)O)c(=O)c2cnc(N3CCNCC3)nc21,47,46.1,True
SPE01504205,Spectrum,CCN1CC2(C)CCC(OC)C34C2C(O)C2(OCOC25CC(OC)C2CC3(O)C5C2O)C14,48,47.1,True
SPE01500655,Spectrum,CCN1CC2(COC)C(O)CC(OC)C34C5CC6(O)C(OC)C(O)C(OC(C)=O)(C5C6OC(=O)c5ccccc5)C(C(OC)C23)C14,49,48.0,True
SPE01501150,Spectrum,CCN1CCC(CNC(=O)c2cc(S(N)(=O)=O)ccc2OC)C1,46,45.1,True
SPE01500190,Spectrum,CCn1nc(C(=O)O)c(=O)c2cc3c(cc21)OCO3,48,47.1,True
SPE01505254,Spectrum,CCNC(=O)CCC(N)C(=O)O,46,45.1,True
SPE00330029,Spectrum,CCNc1nc(Cl)nc(NC(C)C)n1,47,46.1,True
SPE00330028,Spectrum,CCNc1nc(Cl)nc(NCC)n1,47,46.1,True
SPE00200141,Spectrum,CCOC(=O)C(=O)C1(C(=O)OCC)Oc2cc(OC)cc(OC)c2C(=O)C1c1ccccc1,47,46.1,True
SPE01503429,Spectrum,CCOC(=O)C(C)(C)Oc1ccc(Cl)cc1,47,46.1,True
SPE01505214,Spectrum,CCOC(=O)C(CCc1ccccc1)NC(C)C(=O)N1C(C(=O)O)CC2CCCC21,46,45.1,True
SPE01505264,Spectrum,CCOC(=O)C(CCc1ccccc1)NC(C)C(=O)N1C(C(=O)O)CC2CCCCC21,46,45.1,True
SPE01501214,Spectrum,CCOC(=O)C(CCc1ccccc1)NC(C)C(=O)N1CCCC1C(=O)O.O=C(O)/C=C\C(=O)O,46,45.1,True
SPE01500695,Spectrum,CCOC(=O)C(Cc1ccc(O)cc1)NC(C)=O,47,46.1,True
SPE00200183,Spectrum,CCOC(=O)C1(O)Oc2cc(OC)cc(OC)c2C(=O)C1c1ccccc1,47,46.1,True
SPE01503115,Spectrum,CCOC(=O)C1=CC2(CC)CCCN3CCc4c(n1c1ccccc41)C32,48,47.1,True
SPE00310019,Spectrum,CCOC(=O)C1C(C=C(C)C)C1(C)C,47,46.1,True
SPE01505202,Spectrum,CCOC(=O)C1=C(COCCN)NC(C)=C(C(=O)OC)C1c1ccccc1Cl.O=S(=O)(O)c1ccccc1,48,47.1,True
SPE02300078,Spectrum,CCOC(=O)C1=C(O)C(=O)N(Cc2ccccc2)C1,47,46.1,True
SPE00330015,Spectrum,CCOC(=O)/C=C(\C)OP(=O)(OC)OC,47,46.1,True
SPE00330021,Spectrum,CCOC(=O)CC(SP(=S)(OC)OC)C(=O)OCC,47,46.1,True
SPE01500279,Spectrum,CCOC(=O)CCC(=O)OC1C(OC2C(C)C(OC3CC(C)(OC)C(O)C(C)O3)C(C)C(=O)OC(CC)C(C)(O)C(O)C(C)C(=O)C(C)CC2(C)O)OC(C)CC1N(C)C,50,49.0,True
SPE00310017,Spectrum,CCOC(=O)CCCCCCCCCCCCC1C=CCC1,47,46.1,True
SPE01503712,Spectrum,CCOC(=O)N1CCC(=C2c3ccc(Cl)cc3CCc3cccnc32)CC1,46,45.1,True
SPE01503998,Spectrum,CCOC(=O)NC1=C(C2CC2)C(=O)C(NC(=O)OCC)=C(C2CC2)C1=O,48,47.1,True
SPE00310050,Spectrum,C=CC1CN2CCC1CC2C(OC(=O)OCC)c1ccnc2ccc(OC)cc12,47,46.1,True
SPE01500673,Spectrum,CCOC(=O)[N-]c1c[n+](N2CCOCC2)no1,48,47.1,True
SPE00210072,Spectrum,CCOC(=O)c1c(C)cc(O)c(C)c1O,47,46.1,True
SPE00205071,Spectrum,CCOC(=O)c1c(C)cc(O)c(C=O)c1O,47,46.1,True
SPE00200002,Spectrum,CCOC(=O)c1c(C)cc(O)cc1O,47,46.1,True
SPE00211009,Spectrum,CCOC(=O)c1c(C)cc(OC)cc1O,47,46.1,True
SPE01500139,Spectrum,CCOC(=O)c1ccc(N)cc1,47,46.1,True
SPE01503304,Spectrum,CCOC(N)=O,47,46.1,True
SPE00330089,Spectrum,CCOCN(C(=O)CCl)c1c(C)cccc1CC,46,45.1,True
SPE00330017,Spectrum,CCOP(=S)(OCC)Oc1cc(C)nc(C(C)C)n1,47,46.1,True
SPE00330012,Spectrum,CCOP(=S)(OCC)Oc1ccc2c(C)c(Cl)c(=O)oc2c1,48,47.1,True
SPE00330058,Spectrum,CCOP(=S)(OCC)Oc1nc(Cl)c(Cl)cc1Cl,48,47.1,True
SPE00330014,Spectrum,CCOP(=S)(OCC)SCCSCC,47,46.1,True
SPE00330022,Spectrum,CCOP(=S)(OCC)SCn1c(=O)oc2cc(Cl)ccc21,47,46.1,True
SPE00330024,Spectrum,CCOP(=S)(OCC)SCSCC,48,47.1,True
SPE00330011,Spectrum,CCOP(=S)(OCC)SCSP(=S)(OCC)OCC,48,47.1,True
SPE01500642,Spectrum,CCOc1ccc(NC(C)=O)cc1,47,46.1,True
SPE00210599,Spectrum,CCOc1ccc(C(=O)c2cc(O)c(OC)c(OC)c2O)cc1,48,47.1,True
SPE00200424,Spectrum,CCOc1ccc(C(=O)c2ccc(O)c(O)c2O)cc1,48,47.1,True
SPE01500998,Spectrum,CCOc1ccc2c(c1)C(C)=CC(C)(C)N2,48,47.1,True
SPE00240429,Spectrum,CCOc1cccc(C(=O)c2ccc(O)c(O)c2O)c1,48,47.1,True
SPE00330019,Spectrum,CCS(=O)CCSP(=O)(OC)OC,47,46.1,True
SPE01500292,Spectrum,CCc1cc(C(N)=S)ccn1,47,46.1,True
SPE00201605,Spectrum,CCc1ccc2c(O)c3c(cc2c1C(=O)OC)C(=O)c1c(O)ccc(O)c1C3=O,46,45.1,True
SPE00330035,Spectrum,CCc1cccc(C)c1N(C(=O)CCl)C(C)COC,47,46.1,True
SPE00330043,Spectrum,CCc1cccc(CC)c1N(COC)C(=O)CCl,47,46.1,True
SPE01500520,Spectrum,CCc1nc(N)nc(N)c1-c1ccc(Cl)cc1,47,46.1,True
SPE01503279,Spectrum,CN(C(=O)CN(CCO)CC(=O)N(C)C(C)(C)Cc1ccccc1)C(C)(C)Cc1ccccc1,47,46.1,True
SPE01500583,Spectrum,Cc1cccc(N(C)C(=S)Oc2ccc3ccccc3c2)c1,48,47.1,True
SPE00330030,Spectrum,CN(C)C(=O)Nc1ccc(Cl)c(Cl)c1,47,46.1,True
SPE01503322,Spectrum,CN(C)C(=S)SSC(=S)N(C)C,47,46.1,True
SPE01501118,Spectrum,C=C1c2c(Cl)ccc(O)c2C(=O)C2=C(O)C3(O)C(=O)C(C(N)=O)=C(O)C(N(C)C)C3C(O)C12.O=C(O)c1cc(S(=O)(=O)O)ccc1O,47,46.1,True
SPE01500186,Spectrum,CN(C)C1C(O)=C(C(N)=O)C(=O)C2(O)C(O)=C3C(=O)c4c(O)ccc(Cl)c4C(C)(O)C3CC12,48,47.1,True
SPE01503985,Spectrum,CN(C)CCC(c1ccc(Br)cc1)c1ccccn1.O=C(O)/C=C\C(=O)O,47,46.1,True
SPE01500183,Spectrum,CN(C)CCC(c1ccc(Cl)cc1)c1ccccn1.O=C(O)/C=C\C(=O)O,47,46.1,True
SPE01500478,Spectrum,CN(C)CCC(c1ccccc1)c1ccccn1.O=C(O)/C=C\C(=O)O,46,45.1,True
SPE01505216,Spectrum,CN(C)CCCC1(c2ccc(F)cc2)OCc2cc(C#N)ccc21.O=C(O)C(=O)O,48,47.1,True
SPE01500184,Spectrum,CN(C)CCCN1c2ccccc2Sc2ccc(Cl)cc21,47,46.1,True
SPE01500597,Spectrum,CN(C)CCN(Cc1ccccc1)c1ccccn1.O=C(O)CC(O)(CC(=O)O)C(=O)O,47,46.1,True
SPE01500267,Spectrum,CN(C)CCOC(C)(c1ccccc1)c1ccccn1.O=C(O)CCC(=O)O,48,47.1,True
SPE01500161,Spectrum,CN(C)CCOC(c1ccc(Cl)cc1)c1ccccn1.O=C(O)/C=C\C(=O)O,48,47.1,True
SPE01500447,Spectrum,Cc1ccccc1C(OCCN(C)C)c1ccccc1.O=C(O)CC(O)(CC(=O)O)C(=O)O,47,46.1,True
SPE01503065,Spectrum,CN(C)c1nc(N(C)C)nc(N(C)C)n1,47,46.1,True
SPE01500375,Spectrum,CN(CCCl)CCCl,47,46.1,True
SPE01504263,Spectrum,CN(CCOc1ccc(CC2SC(=O)NC2=O)cc1)c1ccccn1,48,47.1,True
SPE01500398,Spectrum,CN(Cc1cnc2nc(N)nc(N)c2n1)c1ccc(C(=O)NC(CCC(=O)O)C(=O)O)cc1,48,47.1,True
SPE01500543,Spectrum,CN(N=O)C(=O)NC1C(O)OC(CO)C(O)C1O,48,47.1,True
SPE01900003,Spectrum,CN1C(=O)CN=C(c2ccccc2)c2cc(Cl)ccc21,47,46.1,True
SPE01500269,Spectrum,Cn1c(=O)c2c(ncn2CC(O)CO)n(C)c1=O,48,47.1,True
SPE02300318,Spectrum,Cn1c(=O)c2c(ncn2CCCl)n(C)c1=O,49,48.0,True
SPE02300357,Spectrum,Cn1c(=O)c2c(ncn2CCO)n(C)c1=O,49,48.0,True
SPE01503242,Spectrum,Cc1cc(NC(=O)C2=C(O)c3ccccc3S(=O)(=O)N2C)no1,47,46.1,True
SPE01500491,Spectrum,CN1C(C(=O)Nc2ccccn2)=C(O)c2ccccc2S1(=O)=O,47,46.1,True
SPE01503142,Spectrum,CN1C(C(=O)Nc2ccccn2)=C(O)c2sccc2S1(=O)=O,46,45.1,True
SPE01504150,Spectrum,Cc1cnc(NC(=O)C2=C(O)c3ccccc3S(=O)(=O)N2C)s1,46,45.1,True
SPE01503383,Spectrum,CN1C(C)(C)CCCC1(C)C.O=C(O)C(O)C(O)C(=O)O,47,46.1,True
SPE01500208,Spectrum,CN1C(=O)CCC1c1cccnc1,47,46.1,True
SPE02300062,Spectrum,CN1C(=O)CCS(=O)(=O)C1c1ccc(Cl)cc1,47,46.1,True
SPE00300047,Spectrum,CN1C2CC(OC(=O)C(CO)c3ccccc3)CC1C(O)C2,48,47.1,True
SPE00310038,Spectrum,CN1C2CC3CC1C(O3)C2O,47,46.1,True
SPE01500346,Spectrum,CN1C2CCC1CC(OC(=O)C(CO)c1ccccc1)C2,47,46.1,True
SPE01500131,Spectrum,CN1C2CCC1CC(OC(=O)C(CO)c1ccccc1)C2.O=S(=O)(O)O,48,47.1,True
SPE01500142,Spectrum,CN1C2CCC1CC(OC(c1ccccc1)c1ccccc1)C2.O=S(=O)(O)O,48,47.1,True
SPE02300334,Spectrum,CN1C2CCC1CC(OC(c1ccccc1)c1ccccc1N)C2,47,46.1,True
SPE01500396,Spectrum,Cn1cc[nH]c1=S,47,46.1,True
SPE01600300,Spectrum,CN1CC(=O)NC1=N,48,47.1,True
SPE00300565,Spectrum,CN1CC(CNC(=O)OCc2ccccc2)CC2c3cccc4c3c(cn4C)CC21,47,46.1,True
SPE01503267,Spectrum,CN1Cc2c(N)cccc2C(c2ccccc2)C1.O=C(O)/C=C\C(=O)O,47,46.1,True
SPE01500668,Spectrum,CN1CCC(=C2c3ccccc3CC(=O)c3sccc32)CC1.O=C(O)/C=C/C(=O)O,46,45.1,True
SPE01501114,Spectrum,CN1CCC(=C2c3ccccc3Sc3ccccc32)CC1.O=C(O)/C=C\C(=O)O,47,46.1,True
SPE01500191,Spectrum,CN1CCCC1CCOC(C)(c1ccccc1)c1ccc(Cl)cc1.O=C(O)/C=C/C(=O)O,47,46.1,True
SPE02300259,Spectrum,CN1CCCC1c1cccnc1.O=C(O)C(O)C(O)C(=O)O.O=C(O)C(O)C(O)C(=O)O,46,45.1,True
SPE01500517,Spectrum,CN1CCCN=C1/C=C/c1cccs1.O=C(O)c1cc2ccccc2c(Cc2c(O)c(C(=O)O)cc3ccccc23)c1O,47,46.1,True
SPE01503931,Spectrum,Cc1ccsc1/C=C/C1=NCCCN1C.O=C(O)CC(O)(CC(=O)O)C(=O)O,46,45.1,True
SPE01500211,Spectrum,CN1CCN(C(c2ccccc2)c2ccccc2)CC1,47,46.1,True
SPE01500685,Spectrum,CN1CCN(C2=Nc3cc(Cl)ccc3Nc3ccccc32)CC1,46,45.1,True
SPE02300242,Spectrum,CN1CCN(C2=Nc3ccccc3Oc3ccc(Cl)cc32)CC1.O=C(O)CCC(=O)O,47,46.1,True
SPE01500576,Spectrum,CN1CCN(CC/C=C2\c3ccccc3Sc3ccc(S(=O)(=O)N(C)C)cc32)CC1,47,46.1,True
SPE01500505,Spectrum,CN1CCN(CCCN2c3ccccc3Sc3ccc(Cl)cc32)CC1.O=S(=O)(O)CCS(=O)(=O)O,47,46.1,True
SPE01501137,Spectrum,CN1CCOC(c2ccccc2)c2ccccc2C1,48,47.1,True
SPE01501116,Spectrum,CN1CCc2c(c3ccccc3n2Cc2ccccc2)C1.O=S(=O)(O)c1cccc2c(S(=O)(=O)O)cccc12,48,47.1,True
SPE01500824,Spectrum,CN1Cc2c(ccc3c2OCO3)C2C(O)Cc3cc4c(cc3C21)OCO4,47,46.1,True
SPE01500128,Spectrum,Cc1cc(=O)n(-c2ccccc2)n1C,47,46.1,True
SPE01500621,Spectrum,Cc1c(N)c(=O)n(-c2ccccc2)n1C,47,46.1,True
SPE01503230,Spectrum,Cc1c(NC(=O)c2cccnc2)c(=O)n(-c2ccccc2)n1C,46,45.1,True
SPE01503252,Spectrum,CC(=O)/N=c1\sc(S(N)(=O)=O)nn1C,49,48.0,True
SPE01502194,Spectrum,CC(=O)O.CNC(=N)NCCCC(N)C(=O)O,47,46.1,True
SPE00330020,Spectrum,CNC(=O)CSP(=S)(OC)OC,47,46.1,True
SPE00330031,Spectrum,CNC(=O)N(C)c1nnc(C(C)(C)C)s1,48,47.1,True
SPE00330060,Spectrum,CNC(=O)O/N=C(/C)SC,48,47.1,True
SPE00330061,Spectrum,CNC(=O)O/N=C/C(C)(C)SC,47,46.1,True
SPE01500753,Spectrum,CNC(=O)Oc1ccc2c(c1)C1(C)CCN(C)C1N2C,48,47.1,True
SPE01500486,Spectrum,CNC(=O)Oc1ccc2c(c1)C1(C)CCN(C)C1N2C.O=C(O)c1ccccc1O,46,45.1,True
SPE02300067,Spectrum,CNC(=O)Oc1ccc2c(c1)C1(C)CCN(C)C1N2C.O=S(=O)(O)O,48,47.1,True
SPE00330057,Spectrum,CNC(=O)Oc1cccc2c1OC(C)(C)C2,47,46.1,True
SPE00330063,Spectrum,CNC(=O)Oc1cccc2c1OC(C)(C)O2,47,46.1,True
SPE00330066,Spectrum,CNC(=O)Oc1ccccc1OC(C)C,47,46.1,True
SPE01503250,Spectrum,CNC(C)(C)Cc1ccccc1.O=S(=O)(O)O,48,47.1,True
SPE01500314,Spectrum,CNC(C)C1CCC(N)C(OC2C(N)CC(N)C(OC3OCC(C)(O)C(NC)C3O)C2O)O1.O=S(=O)(O)O,47,46.1,True
SPE01503636,Spectrum,CNC(CC(=O)O)C(=O)O,46,45.1,True
SPE01500541,Spectrum,CNC1C(OC2C(OC3C(O)C(O)C(NC(=N)N)C(O)C3NC(=N)N)OC(C)C2(O)C=O)OC(CO)C(O)C1O.O=S(=O)(O)O,49,48.0,True
SPE01500249,Spectrum,CNC1C(OC2C(OC3C(O)C(O)C(NC(=N)N)C(O)C3NC(=N)N)OC(C)C2(O)CO)OC(CO)C(O)C1O.O=S(=O)(O)O,49,48.0,True
SPE01500536,Spectrum,CNC1C(O)C(OC2C(N)CC(N)C(OC3OC(CN)=CCC3N)C2O)OCC1(C)O.O=S(=O)(O)O,48,47.1,True
SPE01505249,Spectrum,CNC1C(OC2OC(CO)C(N)C(O)C2O)OC2CC(N)C(OC3C(N)CC(N)C(O)C3O)OC2C1O,48,47.1,True
SPE01500274,Spectrum,CNCC(O)c1ccc(O)c(O)c1.O=C(O)C(O)C(O)C(=O)O,47,46.1,True
SPE01500442,Spectrum,CNCCC=C1c2ccccc2CCc2ccccc21,47,46.1,True
SPE01503432,Spectrum,CNc1ccc(C(=O)CC(O)CCC(C)C2OC(=O)CC(O)CC(=O)CC(O)CC(O)CC(O)CC(O)CC3(O)CC(O)C(C(=O)OC)C(CC(OC4OC(C)C(O)C(N)C4O)/C=C/C=C/C=C/C=C/C=C/C=C/C=C/C2C)O3)cc1,48,47.1,True
SPE01600964,Spectrum,CNc1ccccc1C(=O)O,46,45.1,True
SPE00200031,Spectrum,COC(=O)/C(C)=C\CC12OC(C)(C)C3CC(C=C4C(=O)c5c(O)c6c(c(CCC(C)(C)Cl)c5OC431)OC1(C)CCC(=C(C)C)C6C1)C2=O,47,46.1,True
SPE10100009,Spectrum,COC(=O)/C(C)=C\CC12OC(C)(C)C3CC(C=C4C(=O)c5c(OC)c6c(c(CC=C(C)C)c5OC431)OC(C)(CCC=C(C)C)C=C6)C2=O,47,46.1,True
SPE01500779,Spectrum,COC(=O)C(C)c1ccc(C(=O)c2cccs2)cc1,47,46.1,True
SPE00100058,Spectrum,C=C1C2CCC3(C)C(c4ccoc4)OC(=O)CC13OC1CC(=O)C(C)(C)C(C(O)C(=O)OC)C12C,49,48.0,True
SPE00100076,Spectrum,C/C=C(\C)C(=O)OC1C2C=C3C4CC(=O)OC(c5ccoc5)C4(C)CCC3C(C)(C2=O)C(C(O)C(=O)OC)C1(C)C,48,47.1,True
SPE00100094,Spectrum,COC(=O)C(O)C1C(C)(C)C(OC(C)=O)C2CC3=C4CC(=O)OC(c5ccoc5)C4(C)CCC3C1(C)C2=O,48,47.1,True
SPE00201466,Spectrum,COC(=O)C(O)c1ccccc1,44,43.1,True
SPE00100056,Spectrum,C=C1C2CCC3(C)C(c4ccoc4)OC(=O)CC13OC1CC(=O)C(C)(C)C(C(OC(C)=O)C(=O)OC)C12C,44,43.1,True
SPE00300146,Spectrum,COC(=O)/C(=C1\OC(=O)C(c2ccccc2)C1=O)c1ccccc1,45,44.1,True
SPE01504181,Spectrum,COC(=O)C1(C)CCC2(C)CCC3(C)C4=CC=C5C(=CC(=O)C(O)=C5C)C4(C)CCC3(C)C2C1,44,43.1,True
SPE01504207,Spectrum,COC(=O)C1(C)CCC2(C)CCC3(C)C4=CCc5c(cc(O)c(O)c5C)C4(C)CCC3(C)C2C1,44,43.1,True
SPE01502023,Spectrum,COC(=O)C1(C)CCCC2(C)c3ccc(C(C)C)cc3C(=O)CC12,46,45.1,True
SPE00100612,Spectrum,COC(=O)C1(C)CCCC2(C)c3ccc(O)c(C(C)C)c3CCC12,45,44.1,True
SPE01503802,Spectrum,C/C=C(\C)C(=O)OC1CC(OC(C)=O)C2(C(=O)OC)COC3C2C12COC(O)(C(=O)OC)C2C(C)(C12OC1(C)C1CC2OC2OC=CC21O)C3O,44,43.1,True
SPE01504066,Spectrum,COC(=O)C1=COC(OC2OC(CO)C(O)C(O)C2O)C2C1CC(O)C2C,44,43.1,True
SPE00201505,Spectrum,COC(=O)c1cc(O)c(=O)c2c(O)c(O)ccc2c1,45,44.1,True
SPE00210522,Spectrum,COC(=O)c1cc(OC)c(=O)c2c(OC)c(OC)ccc2c1,44,43.1,True
SPE00100470,Spectrum,COC(=O)C1OC(=O)C2OC23C1(C)CCC1C2(C)C(OC(C)=O)CC(OC(C)=O)C(C)(C)C2CC(=O)C13C,45,44.1,True
SPE00100638,Spectrum,COC(=O)C1OC(=O)C2OC23C1(C)CCC1C2(C)C(OC(C)=O)CC(OC(C)=O)C(C)(C)C2CC(O)C13C,45,44.1,True
SPE00100650,Spectrum,COC(=O)C1OC(=O)C2OC23C1(C)CCC1C2(C)C(OC(C)=O)CC(OC(C)=O)C(C)(C)C2CC(O)C13C,45,44.1,True
SPE00100489,Spectrum,COC(=O)C1OC(=O)C2OC23C1(C)CCC1C2(C)CCC(=O)C(C)(C)C2CC(OC(C)=O)C13C,44,43.1,True
SPE00100655,Spectrum,COC(=O)C1OC(=O)C2OC23C1(C)CCC1C2(C)CCC(=O)C(C)(C)C2CC(OC(C)=O)C13C,44,43.1,True
SPE10101011,Spectrum,COC(=O)/C=C/C(C)=C/C=C/C(C)=C/C=C/C=C(C)/C=C/C=C(C)/C=C/C(=O)O,45,44.1,True
SPE00100156,Spectrum,COC(=O)CC1C(C)(C)C(=O)C2CC3(O)C4=CC(=O)OC(c5ccoc5)C4(C)CCC3C1(C)C2=O,46,45.1,True
SPE00100102,Spectrum,COC(=O)CC1C(C)(C)C(=O)C2CC3=C(CCC4(C)C3=CC(=O)OC4c3ccoc3)C1(C)C2=O,45,44.1,True
SPE00100008,Spectrum,COC(=O)CC1C(C)(C)C(=O)C2CC3C4=CC(=O)OC(c5ccoc5)C4(C)CCC3C1(C)C2=O,44,43.1,True
SPE00100060,Spectrum,COC(=O)CC1C(C)(C)C(=O)C2CC3=C4CC(=O)OC(c5ccoc5)C4(C)CCC3C1(C)C2=O,44,43.1,True
SPE00100003,Spectrum,C=C1C(C2(C)C=CC(=O)C(C)(C)C2CC(=O)OC)CCC2(C)C(c3ccoc3)OC(=O)C3OC132,43,42.2,True
SPE00100016,Spectrum,C=C1C2=CC(=O)OC(c3ccoc3)C2(C)CCC1C1(C)C=CC(=O)C(C)(C)C1CC(=O)OC,45,44.1,True
SPE00100054,Spectrum,C=C1C2CCC3(C)C(c4ccoc4)OC(=O)CC13OC1CC(=O)C(C)(C)C(CC(=O)OC)C12C,44,43.1,True
SPE00100651,Spectrum,C=C1C2CCC3(C)C(c4ccoc4)OC(=O)CC13OC1CC(OC(C)=O)C(C)(C)C(CC(=O)OC)C12C,44,43.1,True
SPE00100359,Spectrum,COC(=O)CC1C(C)(C)C(O)C2CC3=C4CC(O)OC(c5ccoc5)C4(C)CCC3C1(C)C2=O,44,43.1,True
SPE00100435,Spectrum,COC(=O)CC1C(C)(C)C(O)C2CC3=C4CC(O)OC(c5ccoc5)C4(C)CCC3C1(C)C2=O,44,43.1,True
SPE00100222,Spectrum,COC(=O)CC1C(C)(C)C(O)C2CC3=C4C=C(OC)OC(c5ccoc5)C4(C)CCC3C1(C)C2=O,44,43.1,True
SPE00100096,Spectrum,C=C1C2CCC3(C)C(c4ccoc4)OC(=O)CC13OC1CC(O)C(C)(C)C(CC(=O)OC)C12C,44,43.1,True
SPE00100114,Spectrum,C=C1C2CCC3(C)C(c4ccoc4)OC(=O)CC13OC1CC(O)C(C)(C)C(CC(=O)OC)C12C,44,43.1,True
SPE00100088,Spectrum,COC(=O)CC1C(C)(C)C(OC(C)=O)C2(O)C=C3C4CC(=O)OC(c5ccoc5)C4(C)CCC3C1(C)C2=O,43,42.2,True
SPE00100424,Spectrum,COC(=O)CC1C(C)(C)C(OC(C)=O)C2C(OC(C)=O)C34OC2(O)C1(C)C3CCC1(C)C4=CC(=O)OC1c1ccoc1,44,43.1,True
SPE00100031,Spectrum,COC(=O)CC1C(C)(C)C(OC(C)=O)C2CC3=C4CC(=O)OC(c5ccoc5)C4(C)CCC3C1(C)C2=O,44,43.1,True
SPE00100465,Spectrum,COC(=O)CC1C(C)(C)C(OC(C)=O)C2CC3C4CC(=O)OC(c5ccoc5)C4(C)CCC3C1(C)C2=O,43,42.2,True
SPE00100126,Spectrum,COC(=O)CC1C2(C)C(=O)C3CC4(OC3(Cl)C1(C)C)C1=CC(=O)OC(c3ccoc3)C1(C)CCC42,44,43.1,True
SPE00100105,Spectrum,COC(=O)CC1C2(C)C(=O)C3CC4(OC3(O)C1(C)C)C1=CC(=O)OC(c3ccoc3)C1(C)CCC42,44,43.1,True
SPE00100006,Spectrum,COC(=O)CC1C2(C)CC34OC5(C)OC6(C7/C(=C(/O)C(C)C)C(=O)OC(c8ccoc8)C7(C)C(OC(C)=O)C(OC(C)=O)C6(O5)C13C)C(OC(C)=O)C4(O)C2OC(=O)C(C)C,44,43.1,True
SPE00100326,Spectrum,COC(=O)CCC(=O)OC1CCC2(C)C(CCC3C2C(=O)C(O)C2(C)C3CC3OC4(CCC(C)CO4)C(C)C32)C1,44,43.1,True
SPE01500904,Spectrum,COC(=O)CCC(C)C1CCC2C3C(O)CC4CC(O)CCC4(C)C3CC(O)C12C,44,43.1,True
SPE00270051,Spectrum,COC(=O)CCC(C)C1CCC2C3CCC4CC(O)CCC4(C)C3CC(O)C12C,44,43.1,True
SPE00330045,Spectrum,COC(=O)CCCOc1ccc(Cl)cc1Cl,45,44.1,True
SPE00330046,Spectrum,COC(=O)COc1cc(Cl)c(Cl)cc1Cl,45,44.1,True
SPE00330044,Spectrum,COC(=O)COc1ccc(Cl)cc1Cl,45,44.1,True
SPE01503974,Spectrum,COC(=O)NC(=S)Nc1ccccc1NC(=S)NC(=O)OC,45,44.1,True
SPE00200033,Spectrum,COC(=O)c1c(C)c2c(c(C)c1O)OC(=O)c1c(C)c(Cl)c(O)c(Cl)c1O2,44,43.1,True
SPE00200035,Spectrum,COC(=O)c1c(OC)cc2c(c1C)Oc1c(Cl)c(O)c(Cl)c(C)c1C(=O)O2,44,43.1,True
SPE00300222,Spectrum,COC(=O)c1c(OC)cc2c(c1C)Oc1c(Cl)c(OC(C)=O)c(Cl)c(C)c1C(=O)O2,44,43.1,True
SPE00241150,Spectrum,COC(=O)c1c(C)c2c(c(C)c1OC)OC(=O)c1c(C)c(Cl)c(OC)c(Cl)c1O2,44,43.1,True
SPE01405001,Spectrum,COC(=O)c1c(C)cc(OC(=O)c2c(C)c(Cl)c(O)c(C=O)c2O)c(C)c1O,47,46.1,True
SPE00200034,Spectrum,COC(=O)c1c(C)cc(OC(=O)c2c(C)cc(O)c(C=O)c2O)c(C)c1O,44,43.1,True
SPE00210924,Spectrum,COC(=O)c1c(C)cc(OC)cc1O,44,43.1,True
SPE00330025,Spectrum,COC(=O)c1c(Cl)c(Cl)c(C(=O)OC)c(Cl)c1Cl,44,43.1,True
SPE01504100,Spectrum,COC(C)(C)CCCC(C)C/C=C/C(C)=C/C(=O)OC(C)C,44,43.1,True
SPE00300111,Spectrum,COC1(C)CCC2OC2(C)CCC2C1CC2(C)C,44,43.1,True
SPE00330002,Spectrum,COC12C(COC(N)=O)C3=C(C(=O)C(C)=C(N)C3=O)N1CC1NC12,44,43.1,True
SPE01501133,Spectrum,COC12CC(COC(=O)c3cncc(Br)c3)CN(C)C1Cc1cn(C)c3cccc2c13,45,44.1,True
SPE01800177,Spectrum,C=C(C)C1(O)OC(=O)C=C1OC,44,43.1,True
SPE00310028,Spectrum,COC1=CC(C)C2CC3OC(=O)CC4C(C)=C(OC)C(=O)C(C2(C)C1=O)C34C,46,45.1,True
SPE01500826,Spectrum,COC1=CC23CCCN2CCc2cc4c(cc2C3C1O)OCO4,45,44.1,True
SPE01505253,Spectrum,COC1=CC2C3Cc4ccc(OC)c(O)c4C2(CCN3C)CC1=O,44,43.1,True
SPE01500205,Spectrum,COc1cc2c(c(OC)c1OC)-c1ccc(OC)c(=O)cc1C(NC(C)=O)CC2,44,43.1,True
SPE00240889,Spectrum,COc1cc2cccc(OC)c(=O)c2c(OC)c1OC,45,44.1,True
SPE01501136,Spectrum,COC1C(O)C(C)OC(OC2CCC3(C)C(CCC4C3CCC3(C)C(C5=CC(=O)OC5)CCC43O)C2)C1O,44,43.1,True
SPE01501113,Spectrum,COC1C(O)C(C)OC(OC2CCC3(C=O)C(CCC4C3CCC3(C)C(C5=CC(=O)OC5)CCC43O)C2)C1O,44,43.1,True
SPE01502261,Spectrum,COC1C(O)C(O)C(O)C(O)C1O,44,43.1,True
SPE00100568,Spectrum,COC1C(O)C(OC2CCC3(C=O)C4C(OC(C)=O)CC5(C)C(C6=CC(=O)OC6)CCC5(O)C4CCC3(O)C2)OC(C)C1OC(C)=O,44,43.1,True
SPE01503423,Spectrum,COC1C(O)CC(=O)OC(C)C/C=C/C=C/C(OC2CCC(N(C)C)C(C)O2)C(C)CC(CC=O)C1OC1OC(C)C(OC2CC(C)(O)C(O)C(C)O2)C(N(C)C)C1O,44,43.1,True
SPE00100010,Spectrum,COC(=O)CC1C2(C)CC34OC5(C)OC6(C7/C(=C(/O)C(C)C)C(=O)OC(c8ccoc8)C7(C)C(OC(=O)C(C)C)C(OC)C6(O5)C13C)C(OC)C4(OC)C2OC(C)=O,43,42.2,True
SPE00100615,Spectrum,COC(=O)CC1C2(C)CC34OC5(C)OC6(C7/C(=C(/OC)C(C)C)C(=O)OC(c8ccoc8)C7(C)C(OC(=O)C(C)C)C(OC)C6(O5)C13C)C(OC)C4(OC)C2OC(C)=O,44,43.1,True
SPE01500529,Spectrum,COC1/C=C/OC2(C)Oc3c(C)c(O)c4c(O)c(c(C=NN5CCN(C)CC5)c(O)c4c3C2=O)NC(=O)/C(C)=C\C=C\C(C)C(O)C(C)C(O)C(C)C(OC(C)=O)C1C,47,46.1,True
SPE00240485,Spectrum,COC1=CC(=O)OC(CCc2ccc(OC)c(OC)c2)C1,45,44.1,True
SPE01500675,Spectrum,COC1CC(OC2C(C)C(=O)OC(C)C(C)C(O)C(C)C(=O)C3(CO3)CC(C)C(OC3OC(C)CC(N(C)C)C3O)C2C)OC(C)C1O.O=P(O)(O)O,44,43.1,True
SPE01503720,Spectrum,COC1CC(OC2/C(C)=C/CC3CC(CC4(CCC(C)C(C5CCCCC5)O4)O3)OC(=O)C3C=C(C)CC4OC/C(=C\C=C\C2C)C43O)OC(C)C1O,44,43.1,True
SPE00100588,Spectrum,COC1CC(OC2CCC3(C)C4CCC5(C)C(C6=CC(=O)OC6)CCC5(O)C4CCC3(O)C2)OC(C)C1O,45,44.1,True
SPE00100698,Spectrum,COC1CC(OC2CCC3(C=O)C4CCC5(C)C(C6=CC(=O)OC6)CCC5(O)C4CCC3(O)C2)OC(C)C1O,44,43.1,True
SPE01502203,Spectrum,COC1CC(OC2C(C)C(=O)OC(C)C(C)C(OC(C)=O)C(C)C(=O)C3(CO3)CC(C)C(OC3OC(C)CC(N(C)C)C3OC(C)=O)C2C)OC(C)C1OC(C)=O,43,42.2,True
SPE00100158,Spectrum,COC(=O)CC1C(C)(C)C(=O)C2CC3=C4CC(OC)OC(c5ccoc5)C4(C)CCC3C1(C)C2=O,45,44.1,True
SPE00100530,Spectrum,COc1c2c(cc3c1OCO3)C13C=CC(OC)CC1N(C2)CC3O,46,45.1,True
SPE00100525,Spectrum,COC1C=CC23c4cc5c(cc4CN(CC2O)C3C1)OCO5,45,44.1,True
SPE00100563,Spectrum,COCC12CN(C=O)C3C4C(OC)C1C3(C(OC)CC2O)C1CC2(O)C(OC)C(O)C4(OC(C)=O)C1C2OC(=O)c1ccccc1,44,43.1,True
SPE01500411,Spectrum,COCCc1ccc(OCC(O)CNC(C)C)cc1.O=C(O)C(O)C(O)C(=O)O,44,43.1,True
SPE00330059,Spectrum,COP(=O)(NC(C)=O)SC,45,44.1,True
SPE00330016,Spectrum,COP(=O)(OC)OC(Br)C(Cl)(Cl)Br,45,44.1,True
SPE00330018,Spectrum,COP(=O)(OC)OC=C(Cl)Cl,44,43.1,True
SPE00330064,Spectrum,COP(=S)(OC)Oc1ccc(SC)c(C)c1,44,43.1,True
SPE00330013,Spectrum,COP(=S)(OC)SCn1nnc2ccccc2c1=O,44,43.1,True
SPE00330023,Spectrum,COP(N)(=O)SC,44,43.1,True
SPE00330003,Spectrum,COS(C)(=O)=O,44,43.1,True
SPE01504013,Spectrum,COC1=C(OC)C(=O)C(C/C=C(\C)CC/C=C(\C)CC/C=C(\C)CC/C=C(/C)CC/C=C(\C)CC/C=C(\C)CC/C=C(\C)CC/C=C(\C)CC/C=C(\C)CCC=C(C)C)=C(C)C1=O,44,43.1,True
SPE00240828,Spectrum,C=CC(C1=CC(=O)C(OC)=C(OC)C1=O)c1ccccc1,45,44.1,True
SPE01500674,Spectrum,COc1c(C)c2c(c(O)c1C/C=C(\C)CCC(=O)O)C(=O)OC2,45,44.1,True
SPE00300391,Spectrum,COc1c(C)c2c(c(C)c1Cl)Oc1c(Cl)c(OC)c(Cl)c(C)c1C(=O)O2,44,43.1,True
SPE00210203,Spectrum,COc1c(CC(=O)c2cc3c(cc2O)OC(C)(C)C(O)C3)ccc2c1C=CC(C)(C)O2,45,44.1,True
SPE00300348,Spectrum,COc1c(CC=C(C)C)c2c(c3oc(=O)c(-c4ccc(O)cc4)c(O)c13)C=CC(C)(C)O2,45,44.1,True
SPE00211566,Spectrum,COc1c(CC=C(C)C)c2c(c3oc(=O)c(-c4ccc(OC(C)=O)cc4)c(OC(C)=O)c13)C=CC(C)(C)O2,45,44.1,True
SPE00330032,Spectrum,COc1c(Cl)ccc(Cl)c1C(=O)O,44,43.1,True
SPE01504272,Spectrum,COc1c(N2CCNC(C)C2)c(F)cc2c(=O)c(C(=O)O)cn(C3CC3)c12,44,43.1,True
SPE00200759,Spectrum,COc1c(O)cc(O)cc1O,45,44.1,True
SPE01500819,Spectrum,COc1c(O)cc2c(c1O)C1OC(CO)C(O)C(O)C1OC2=O,44,43.1,True
SPE01504015,Spectrum,COc1c(O)cc2oc3cc(O)c(CC=C(C)C)c(O)c3c(=O)c2c1CC=C(C)C,46,45.1,True
SPE00240862,Spectrum,COc1c(O)cc2c(-c3ccccc3)cc(=O)oc2c1OC,44,43.1,True
SPE00211066,Spectrum,COc1c(O)cccc1O,44,43.1,True
SPE00300013,Spectrum,COc1c(OC)c2occc2c2oc(=O)ccc12,45,44.1,True
SPE01504020,Spectrum,COc1c2ccoc2nc2c(OC)c(OCC(O)C(C)(C)O)ccc12,45,44.1,True
SPE01504168,Spectrum,COc1c(C(C)C)oc2cc3oc(=O)ccc3cc12,45,44.1,True
SPE00300228,Spectrum,COc1c2c(c(CC=C(C)C)c3oc(=O)c(-c4ccc(O)cc4)c(O)c13)OC(C)(C)C=C2,45,44.1,True
SPE01401401,Spectrum,COc1c2c(cc3occ(-c4ccc5c(c4)OCO5)c(=O)c13)OC(C)(C)C=C2,45,44.1,True
SPE00211531,Spectrum,COc1c(C(=O)O)ccc2c1CCC(C)(C)O2,45,44.1,True
SPE00210201,Spectrum,COc1c(C2COc3cc4c(cc3C2=O)CC(O)C(C)(C)O4)ccc2c1CCC(C)(C)O2,45,44.1,True
SPE00300546,Spectrum,COc1c2ccoc2cc2oc(=O)ccc12,44,43.1,True
SPE00310041,Spectrum,COc1c2ccoc2cc2oc(C)cc(=O)c12,44,43.1,True
SPE00100541,Spectrum,COc1c2ccccc2nc2occc12,44,43.1,True
SPE00210866,Spectrum,COc1c2occc2c(OC)c2c(=O)cc(C)oc12,44,43.1,True
SPE00300012,Spectrum,COc1c2ccoc2c(OC)c2oc(=O)ccc12,44,43.1,True
SPE01500400,Spectrum,COc1c2occc2cc2ccc(=O)oc12,45,44.1,True
SPE00200798,Spectrum,C=CC(C1=CC(=O)C(OC)=CC1=O)c1ccc(O)cc1,44,43.1,True
SPE00201092,Spectrum,C=CC(C1=CC(=O)C(OC)=CC1=O)c1ccccc1,44,43.1,True
SPE00200413,Spectrum,COC1=CC(=O)C=C(OC)C1=O,45,44.1,True
SPE00210738,Spectrum,COc1cc(C(=O)O)c(O)c2c1OCO2,45,44.1,True
SPE01504106,Spectrum,COc1cc(C(=O)O)c2c(c1C)OC(=O)c1c(C)cc(O)c(C(O)O)c1O2,45,44.1,True
SPE00200040,Spectrum,COc1cc(C(=O)O)c2c(c1C)OC(=O)c1c(C)cc(O)c(C=O)c1O2,44,43.1,True
SPE01504118,Spectrum,COc1cc(C)c(C(=O)Oc2cc(C)c(C(=O)O)c(O)c2C)c(OC)c1C,44,43.1,True
SPE01505218,Spectrum,COc1cc(C)c(C(=O)Oc2cc(C)c(O)c(C(=O)O)c2C)c(O)c1C=O,45,44.1,True
SPE01400666,Spectrum,COc1cc(C)c2c(=O)cc(-c3ccccc3)oc2c1,44,43.1,True
SPE00300006,Spectrum,COc1cc(C)c2c(c1C=O)Oc1c(c(C)c(O)c3c1C(O)OC3=O)OC2=O,44,43.1,True
SPE00240642,Spectrum,COc1cc(C)c2c(=O)c3c(O)cc(O)cc3oc2c1,45,44.1,True
SPE00240609,Spectrum,COc1cc(C)c2c(=O)c3c(O)cc(OC)cc3oc2c1,45,44.1,True
SPE00201125,Spectrum,COc1cc(OC)c2c3c1C(=O)c1c(OC)cc(C)c4c(OC)cc(c-3c14)C(C)(C)C2=O,46,45.1,True
SPE00290032,Spectrum,COc1cc(/C=C/C(=O)O)cc(OC)c1OC,44,43.1,True
SPE01501017,Spectrum,COc1cc(/C=C/C(=O)O)ccc1O,44,43.1,True
SPE00211458,Spectrum,COc1cc(/C=C/C=O)cc(OC)c1OC,44,43.1,True
SPE00390001,Spectrum,C=CCc1cc(OC)c2c(c1OC)OCO2,44,43.1,True
SPE01500296,Spectrum,C=CCc1ccc(O)c(OC)c1,44,43.1,True
SPE00300157,Spectrum,C=CCc1ccc(OC(=O)c2ccccc2)c(OC)c1,45,44.1,True
SPE00201078,Spectrum,COc1cc(C/C=C/c2ccccc2)c(OC)cc1O,44,43.1,True
SPE01501128,Spectrum,COc1cc(CNC(=O)CCCC/C=C/C(C)C)ccc1O,44,43.1,True
SPE01500595,Spectrum,COc1cc(Cc2cnc(N)nc2N)cc(OC)c1OC,44,43.1,True
SPE01503991,Spectrum,COc1cc(N)c(Cl)cc1C(=O)NC1CCN(Cc2ccccc2)CC1.O=C(O)/C=C\C(=O)O,46,45.1,True
SPE01500500,Spectrum,COc1cc(NC(C)CCCN)c2ncccc2c1.O=P(O)(O)O.O=P(O)(O)O,45,44.1,True
SPE01501144,Spectrum,COc1cc(NS(=O)(=O)c2ccc(N)cc2)nc(OC)n1,45,44.1,True
SPE01501147,Spectrum,COc1cc(NS(=O)(=O)c2ccc(N)cc2)ncn1,45,44.1,True
SPE00201610,Spectrum,COc1cc(O)c(C(=O)/C=C/c2ccccc2)c(OC)c1,44,43.1,True
SPE00201081,Spectrum,COc1cc(O)c(C(=O)c2ccccc2)c(OC)c1,45,44.1,True
SPE00200441,Spectrum,COc1cc(O)c(C(C)=O)c(OC)c1,44,43.1,True
SPE00201727,Spectrum,COc1cc(O)c(C(=O)O)c(O)c1,44,43.1,True
SPE01600025,Spectrum,COc1cc(O)c(C)c(O)c1,44,43.1,True
SPE00290030,Spectrum,COc1cc(O)c(C(=O)c2ccccc2)cc1O,44,43.1,True
SPE01500726,Spectrum,COc1cc(O)c2c(=O)c(-c3ccc(O)cc3)coc2c1,44,43.1,True
SPE00310031,Spectrum,COc1cc(O)c2c(=O)c(O)c(-c3ccc(O)c(O)c3)oc2c1,45,44.1,True
SPE00100529,Spectrum,COc1cc(O)c2c(=O)cc(C)oc2c1CC=C(C)C,44,43.1,True
SPE01500724,Spectrum,COc1cc(O)c2c(=O)cc(-c3ccc(O)cc3)oc2c1,44,43.1,True
SPE01504070,Spectrum,COc1cc(O)c2c(c1)C(=O)c1cc(C)cc(O)c1C2=O,45,44.1,True
SPE00201067,Spectrum,COc1cc(O)cc(/C=C/c2ccccc2)c1,45,44.1,True
SPE00200110,Spectrum,COc1cc(O)cc(OC)c1OC,45,44.1,True
SPE01400156,Spectrum,COc1cc(O)ccc1C(C)=O,45,44.1,True
SPE00200208,Spectrum,COc1cc(OC)c(OC)cc1C=O,45,44.1,True
SPE00300423,Spectrum,COc1cc(OC)c(-c2c(OC)cc(OC)cc2OC)c(OC)c1,45,44.1,True
SPE00200403,Spectrum,COc1cc2c(cc1/C=C/C(=O)c1cc(OC)c(OC)cc1OC)OCO2,45,44.1,True
SPE00200215,Spectrum,COc1cc(OC)c2c(=O)c(-c3ccccc3)c(C)oc2c1OC,44,43.1,True
SPE00300538,Spectrum,COc1cc(OC)c2c(=O)c(O)c(-c3ccc(OC)c(OC)c3)oc2c1,45,44.1,True
SPE01600075,Spectrum,COc1cc(OC)c2c(=O)c(OC)c(-c3ccc(OC)c(OC)c3)oc2c1,45,44.1,True
SPE00200243,Spectrum,COc1cc(OC)c2c(c1Cl)OC1(C2=O)C(O)=CC(=O)CC1C,45,44.1,True
SPE00200046,Spectrum,COC1=CC(=O)CC(C)C12Oc1c(Cl)c(OC)cc(OC)c1C2=O,44,43.1,True
SPE01500739,Spectrum,COc1cc(OC)c2c(=O)cc(-c3ccccc3)oc2c1,44,43.1,True
SPE01500733,Spectrum,COc1cc(OC)c2c(c1)OC(c1ccccc1)CC2=O,45,44.1,True
SPE01500707,Spectrum,COc1cc(OC)c2ccc(=O)oc2c1,45,44.1,True
SPE00210220,Spectrum,COc1cc(OC)c2c(c1)OC(c1ccc(OC)c(OC)c1)C(O)C2,45,44.1,True
SPE00210503,Spectrum,COc1cc(OC)c2c(c1)OC(c1ccc(OC)c(OC)c1)C(O)C2,45,44.1,True
SPE00240567,Spectrum,COc1ccc(C2Oc3c(I)c(OC)cc(OC)c3CC2O)cc1OC,45,44.1,True
SPE00211477,Spectrum,COc1cc(OC)c2c(c1)OC(c1cc(OC)c(OC)c(OC)c1)C(OC(=O)c1cc(OC)c(OC)c(OC)c1)C2,45,44.1,True
SPE01401406,Spectrum,COc1cc(OC)c2c(OC)c(-c3ccc4c(c3)OCO4)c(=O)oc2c1,45,44.1,True
SPE00231043,Spectrum,COc1cc(OC)cc(OC)c1,45,44.1,True
SPE00200793,Spectrum,COc1cc(-c2coc3cc(OC4OC(CO)C(O)C(O)C4O)c(OC)c(O)c3c2=O)cc(O)c1OC,45,44.1,True
SPE00200763,Spectrum,COc1cc(-c2coc3cc(OCc4ccccc4)c(OC)c(O)c3c2=O)cc(O)c1OC,44,43.1,True
SPE00300610,Spectrum,COc1cc(C(C)=O)cc(OC)c1O,44,43.1,True
SPE01401301,Spectrum,COc1cc(C(=O)O)cc(OC)c1O,44,43.1,True
SPE01500903,Spectrum,COc1cc(C2c3cc4c(cc3C(OC3OC5COC(C)OC5C(O)C3O)C3COC(=O)C23)OCO4)cc(OC)c1O,46,45.1,True
SPE01504094,Spectrum,COc1cc(C2c3cc4c(cc3C(OC3OC5COC(c6cccs6)OC5C(O)C3O)C3COC(=O)C23)OCO4)cc(OC)c1O,45,44.1,True
SPE01504214,Spectrum,COc1cc(C(=O)N2CCOCC2)cc(OC)c1OC,44,43.1,True
SPE01503662,Spectrum,COc1cc(C(=O)OC2CCC3(C)C4CCC5C6(O)CC(O)C7(O)C(CN8CC(C)CCC8C7(C)O)C6(O)CC53OC24O)cc(OC)c1OC,44,43.1,True
SPE00210752,Spectrum,COc1cc(C(=O)O)cc(OC)c1OC,44,43.1,True
SPE01504410,Spectrum,COc1cc(C2c3cc4c(cc3C(O)C3COC(=O)C23)OCO4)cc(OC)c1OC,46,45.1,True
SPE02300332,Spectrum,COc1cc(C2c3cc4c(cc3C(O)C3COC(=O)C23)OCO4)cc(OC)c1OC,46,45.1,True
SPE01504411,Spectrum,COc1cc(C2c3cc4c(cc3C(OC(C)=O)C3COC(=O)C23)OCO4)cc(OC)c1OC,45,44.1,True
SPE01504412,Spectrum,COc1cc(C2c3cc4c(cc3C(OC(C)=O)C3COC(=O)C23)OCO4)cc(OC)c1OC,45,44.1,True
SPE01504739,Spectrum,COc1cc(C2c3cc4c(c(O)c3CC3COC(=O)C32)OCO4)cc(OC)c1OC,45,44.1,True
SPE01500732,Spectrum,COc1cc(-c2oc3cc(O)ccc3c(=O)c2O)cc(OC)c1OC,44,43.1,True
SPE00201181,Spectrum,COc1cc(-c2coc3cc(OCc4ccccc4)c(OC)c(O)c3c2=O)cc(OCc2ccccc2)c1OC,44,43.1,True
SPE01505256,Spectrum,COc1cc(C2Oc3cc(C4Oc5cc(O)cc(O)c5C(=O)C4O)ccc3OC2CO)ccc1O,44,43.1,True
SPE00102018,Spectrum,COc1cc2c(cc1-c1coc3c4c(c(OC)cc3c1=O)OC(C)(C)C=C4)OCO2,47,46.1,True
SPE01504025,Spectrum,COc1cc2c(cc1O)CCNC2C,44,43.1,True
SPE01504069,Spectrum,COc1cc2ccc(=O)oc2c(O)c1O,45,44.1,True
SPE00100572,Spectrum,COc1cc2ccc(=O)oc2c(OC)c1OC,45,44.1,True
SPE00300005,Spectrum,COc1cc2ccc(=O)oc2c2ccoc12,45,44.1,True
SPE01502242,Spectrum,COc1cc2ccc(=O)oc2cc1O,44,43.1,True
SPE01800067,Spectrum,COc1cc2c(c(OC)c1OC)-c1ccc(O)c(=O)cc1C(NC(C)=O)CC2,44,43.1,True
SPE00200191,Spectrum,COc1cc2c(cc1O)C(Cc1ccc(O)cc1)N(C)CC2,45,44.1,True
SPE01503984,Spectrum,COc1cc2c3cc1Oc1cc(ccc1O)OC1c4c(cc(OC)c(O)c4Oc4ccc(cc4)CC3N(C)CC2)CCN1C,45,44.1,True
SPE01504178,Spectrum,COc1cc2c(cc1OC)C1Cc3ccc(OC)c(OC)c3CN1CC2,45,44.1,True
SPE01504022,Spectrum,COc1cc2c(cc1OC)C(C)NCC2,45,44.1,True
SPE00300062,Spectrum,COc1cc2c(cc1OC)C(=O)OC2,51,50.0,True
SPE00500123,Spectrum,COc1cc2c(cc1OC)Cc1cc(OC)c(OC)cc1Cc1cc(OC)c(OC)cc1C2,51,50.0,True
SPE01500822,Spectrum,COc1cc2c(cc1OC)C13CCN4CC5=CCOC6CC(=O)N2C1C6C5CC43,50,49.0,True
SPE00211076,Spectrum,COc1cc2occ(-c3ccccc3)c(=O)c2c(OC)c1C,51,50.0,True
SPE00200873,Spectrum,COc1cc(-c2coc3cc(OC)c(OC)c(OC)c3c2=O)cc(OC)c1OC,51,50.0,True
SPE00200851,Spectrum,COc1cc2c(cc1OC)C1C(=O)c3ccc(O)c(CC=C(C)C)c3OC1CO2,50,49.0,True
SPE00240590,Spectrum,COc1cc2c(cc1OC)C1C(=O)c3ccc(OC)c(CC=C(C)C)c3OC1CO2,50,49.0,True
SPE00200004,Spectrum,COc1cc2c(cc1OC)C1(O)C(=O)c3ccc(O)c(C(=O)O)c3OC1CO2,49,48.0,True
SPE00201138,Spectrum,COc1cc2c(cc1OC)C1C(=O)c3ccc4c(c3OC1CO2)C=CC(C)(C)O4,50,49.0,True
SPE00200015,Spectrum,COc1cc2c(cc1OC)C1C(=O)c3ccc4oc(C(C)C)cc4c3OC1CO2,49,48.0,True
SPE00211224,Spectrum,COc1cc2c(cc1OC)C1C(=O)c3c(O)cc4c(c3OC1CO2)C=CC(C)(C)O4,50,49.0,True
SPE00200013,Spectrum,C=C(C)C1Cc2c(ccc3c2OC2COc4cc(OC)c(OC)cc4C2C3=O)O1,50,49.0,True
SPE00201449,Spectrum,COc1cc2c(cc1OC)C1C(=O)c3ccc4c(c3OC1CO2)CC(C(C)C)O4,51,50.0,True
SPE00201154,Spectrum,C=C(C)C1Cc2c(ccc3c(=O)c4c(oc23)COc2cc(OC)c(OC)cc2-4)O1,50,49.0,True
SPE00201484,Spectrum,COc1cc2c(cc1OC)-c1c(oc3c4c(ccc3c1=O)OC(C(C)C)C4)CO2,51,50.0,True
SPE00211231,Spectrum,COc1cc2c(cc1OC)C1C(=O)c3c(OC)cc4c(c3OC1CO2)CCC(C)(C)O4,49,48.0,True
SPE00201153,Spectrum,COc1cc2c(cc1OC)C1C(=O)c3ccc4c(c3OC1CO2)CCC(C)(C)O4,49,48.0,True
SPE00203010,Spectrum,COc1cc2c(cc1OC)C1C(=O)c3c(cc4c(c3O)C=CC(C)(C)O4)OC1CO2,50,49.0,True
SPE00201602,Spectrum,COc1cc2c(cc1-c1cc3cc4ccoc4cc3oc1=O)OCO2,51,50.0,True
SPE01500862,Spectrum,COc1cc2c(cc1O)CC1c3c(cc(O)c(OC)c3-2)CCN1C,49,48.0,True
SPE01505263,Spectrum,COc1cc2nc(N(C)CCCNC(=O)C3CCCO3)nc(N)c2cc1OC,49,48.0,True
SPE00300032,Spectrum,COc1cc2occc2c2oc(=O)ccc12,51,50.0,True
SPE01504167,Spectrum,COc1ccc(C(=O)CC(=O)O)c2c1C=CC(C)(C)O2,51,50.0,True
SPE01400164,Spectrum,COc1ccc(C(=O)O)c(O)c1OC,51,50.0,True
SPE00201177,Spectrum,COc1ccc(C2COc3c(ccc(O)c3OC)C2)c(OC)c1O,50,49.0,True
SPE00210567,Spectrum,COc1ccc(/C=C/C(=O)O)cc1OC,51,50.0,True
SPE01503705,Spectrum,C/C=C/c1ccc(OC)cc1,51,50.0,True
SPE01502243,Spectrum,COc1ccc(/C=C/c2cc(O)cc(OC3OC(CO)C(O)C(O)C3O)c2)cc1O,51,50.0,True
SPE00212097,Spectrum,COc1ccc(CC(=O)c2ccc(O)cc2O)cc1,52,51.0,True
SPE00100575,Spectrum,COc1ccc(CC2c3cc(OC)c(OC)cc3CCN2C)cc1OC,49,48.0,True
SPE01503906,Spectrum,COc1ccc(CC2NCC(O)C2OC(C)=O)cc1,51,50.0,True
SPE01500750,Spectrum,COc1ccc(CCC(=O)c2c(O)cc(OC3OC(CO)C(O)C(O)C3OC3OC(C)C(O)C(O)C3O)cc2O)cc1O,51,50.0,True
SPE02300094,Spectrum,COc1ccc(CCN2CCC(Nc3nc4ccccc4n3Cc3ccc(F)cc3)CC2)cc1,50,49.0,True
SPE01500519,Spectrum,COc1ccc(CN(CCN(C)C)c2ccccn2)cc1.O=C(O)/C=C\C(=O)O,51,50.0,True
SPE02300229,Spectrum,COc1ccc(Cl)cc1C(=O)NCCc1ccc(S(=O)(=O)NC(=O)NC2CCCCC2)cc1,49,48.0,True
SPE01501156,Spectrum,COc1ccc(NS(=O)(=O)c2ccc(N)cc2)nn1,51,50.0,True
SPE01500451,Spectrum,COc1ccc(C(=O)c2ccccc2)c(O)c1,52,51.0,True
SPE01500255,Spectrum,COc1ccc(C(=O)c2ccccc2O)c(O)c1,52,51.0,True
SPE00200412,Spectrum,COc1ccc(C(=O)c2ccc(O)cc2)c(O)c1O,51,50.0,True
SPE00201083,Spectrum,COc1ccc(C(=O)c2ccccc2)c(O)c1O,51,50.0,True
SPE00201310,Spectrum,COc1ccc(-c2coc3cc(O)ccc3c2=O)c(OC)c1,49,48.0,True
SPE00200416,Spectrum,COc1ccc(-c2coc3cc(O)ccc3c2=O)c(OC)c1O,51,50.0,True
SPE00211475,Spectrum,COc1ccc(C(=O)/C=C/c2ccccc2)cc1,52,51.0,True
SPE01504190,Spectrum,COc1ccc(C(=O)CC(=O)c2ccc(C(C)(C)C)cc2)cc1,52,51.0,True
SPE01503078,Spectrum,COc1ccc(C(=O)N2CCCC2=O)cc1,50,49.0,True
SPE00100616,Spectrum,COc1ccc(C(C)C(=O)c2ccc(O)cc2O)cc1,52,51.0,True
SPE00201448,Spectrum,C=CC(C1=CC(=O)C(OC)=CC1=O)c1ccc(OC)cc1,51,50.0,True
SPE01500181,Spectrum,COc1ccc(C(Cl)=C(c2ccc(OC)cc2)c2ccc(OC)cc2)cc1,52,51.0,True
SPE00330077,Spectrum,COc1ccc(C(c2ccc(OC)cc2)C(Cl)(Cl)Cl)cc1,51,50.0,True
SPE00211555,Spectrum,COc1ccc(-c2c(O)c3cc4c(c(CC=C(C)C)c3oc2=O)OC(C)(C)CC4)cc1,50,49.0,True
SPE00240645,Spectrum,COc1ccc(-c2coc3c(O)c(OC)ccc3c2=O)cc1,50,49.0,True
SPE00201185,Spectrum,COc1ccc(-c2coc3c(OC)c(O)ccc3c2=O)cc1,50,49.0,True
SPE00200139,Spectrum,COc1ccc(-c2coc3c(OC)c(OC)cc(O)c3c2=O)cc1,52,51.0,True
SPE00201341,Spectrum,COc1ccc(-c2coc3c(OC)c(OC)cc(OC)c3c2=O)cc1,51,50.0,True
SPE00201312,Spectrum,COc1ccc(-c2coc3c(OC)c(OC)ccc3c2=O)cc1,51,50.0,True
SPE10100003,Spectrum,COc1ccc(-c2coc3cc(O)cc(O)c3c2=O)cc1,50,49.0,True
SPE00102007,Spectrum,COc1ccc(-c2coc3cc(O)ccc3c2=O)cc1,50,49.0,True
SPE10100004,Spectrum,COc1ccc(-c2coc3cc(OC)cc(O)c3c2=O)cc1,50,49.0,True
SPE00201187,Spectrum,COc1ccc(-c2coc3cc(OC)ccc3c2=O)cc1,50,49.0,True
SPE00240673,Spectrum,COc1ccc(-c2c(O)c3c(OC)c4c(cc3oc2=O)OC(C)(C)C=C4)cc1,50,49.0,True
SPE00240660,Spectrum,COc1ccc(-c2c(OC)c3c(OC)c4c(cc3oc2=O)OC(C)(C)C=C4)cc1,49,48.0,True
SPE01502198,Spectrum,COc1ccc(C2C(=O)c3ccccc3C2=O)cc1,52,51.0,True
SPE01600561,Spectrum,COc1ccc(C2CC(=O)c3ccc(OC)cc3O2)cc1,52,51.0,True
SPE01505257,Spectrum,COc1ccc(-c2oc3c(CC=C(C)C)c(OC4OC(CO)C(O)C(O)C4O)cc(O)c3c(=O)c2OC2OC(C)C(O)C(O)C2O)cc1,51,50.0,True
SPE00200433,Spectrum,COc1ccc(-c2cc(=O)c3c(O)cc(O)c(-c4cc(-c5cc(=O)c6c(O)cc(O)cc6o5)ccc4OC)c3o2)cc1,51,50.0,True
SPE00200499,Spectrum,COc1ccc(-c2cc(=O)c3c(O)cc(O)cc3o2)cc1,52,51.0,True
SPE00200833,Spectrum,COc1ccc(-c2cc(=O)c3c(OC(C)=O)cc(OC(C)=O)cc3o2)cc1,51,50.0,True
SPE00300384,Spectrum,COc1ccc(-c2cc(=O)c3c(OC)cc(OC)cc3o2)cc1,52,51.0,True
SPE00210211,Spectrum,COc1ccc(C2Oc3cc(OC)cc(OC)c3CC2O)cc1,50,49.0,True
SPE00200115,Spectrum,COc1ccc(-c2cc(=O)c3c(O)c(OC)c(OC4OC(COC5OC(C)C(O)C(O)C5O)C(O)C(O)C4O)cc3o2)cc1,52,51.0,True
SPE00200099,Spectrum,COc1ccc(-c2cc(=O)c3c(O)cc(OC4OC(COC5OC(C)C(O)C(O)C5O)C(O)C(O)C4O)cc3o2)cc1,52,51.0,True
SPE01500741,Spectrum,COc1ccc(-c2cc(=O)c3cc(OC)ccc3o2)cc1,51,50.0,True
SPE00211227,Spectrum,COc1ccc(-c2cc(=O)c3c(OC)cccc3o2)cc1,52,51.0,True
SPE00240958,Spectrum,COc1ccc(-c2cc(=O)c3ccccc3o2)cc1,51,50.0,True
SPE01504044,Spectrum,COc1ccc(/C=C/c2cc(O)cc(O)c2)cc1,51,50.0,True
SPE01500827,Spectrum,COc1ccc(/C=C/c2cc(O)cc(OC3OC(CO)C(O)C(O)C3O)c2)cc1,51,50.0,True
SPE01505222,Spectrum,COc1ccc(-c2cc(C(F)F)nn2-c2ccc(S(N)(=O)=O)cc2)cc1F,50,49.0,True
SPE00310012,Spectrum,COc1ccc(C2CC(=O)c3c(O)cc(O)cc3O2)cc1O,51,50.0,True
SPE00310011,Spectrum,COc1ccc(C2CC(=O)c3c(O)cc(OC4OC(COC5OC(C)C(O)C(O)C5O)C(O)C(O)C4O)cc3O2)cc1O,51,50.0,True
SPE01504068,Spectrum,COc1ccc(-c2cc(=O)c3c(O)cc(O)cc3o2)cc1O,52,51.0,True
SPE01500731,Spectrum,COc1ccc(-c2cc(=O)c3c(O)c(OC)c(OC)cc3o2)cc1O,52,51.0,True
SPE01504003,Spectrum,COc1ccc(-c2oc3cc(OC4OC(CO)C(O)C(O)C4O)c(OC)c(O)c3c(=O)c2OC)cc1O,52,51.0,True
SPE01503219,Spectrum,COc1ccc(-c2cc(=O)c3c(O)cc(OC4OC(COC5OC(C)C(O)C(O)C5O)C(O)C(O)C4O)cc3o2)cc1O,52,51.0,True
SPE00212140,Spectrum,COc1ccc(C(=O)O)cc1OC,51,50.0,True
SPE01500735,Spectrum,COc1ccc(-c2cc(=O)c3ccccc3o2)cc1OC,50,49.0,True
SPE00210556,Spectrum,COc1ccc2c(=O)c(-c3cc4c(cc3OC)OCO4)coc2c1,50,49.0,True
SPE00200457,Spectrum,COc1ccc2c(=O)c(CC(=O)O)coc2c1,50,49.0,True
SPE00201136,Spectrum,COc1ccc2c(c1)OC/C(=C\c1ccc(OC)c(O)c1)C2=O,50,49.0,True
SPE01600365,Spectrum,COc1ccc2c(c1)OC/C(=C/c1ccc(OC)c(OC)c1)C2=O,50,49.0,True
SPE00200484,Spectrum,COc1ccc2c(c1)OCC(Cc1ccc(OC)c(O)c1)C2=O,50,49.0,True
SPE00201342,Spectrum,COc1ccc2c(c1)OCC(Cc1ccc(OC)c(OC(C)=O)c1)C2=O,50,49.0,True
SPE00201331,Spectrum,COc1ccc2c(c1)OCC(Cc1ccc(OC)c(OC)c1)C2=O,50,49.0,True
SPE01500737,Spectrum,COc1ccc2c(=O)c(OC)c(-c3ccccc3)oc2c1,51,50.0,True
SPE00201477,Spectrum,COc1ccc2c(c1)OC1COc3cc(OC)c(OC)cc3C1C2=O,51,50.0,True
SPE01500742,Spectrum,COc1ccc2c(=O)cc(-c3ccccc3OC)oc2c1,52,51.0,True
SPE00211097,Spectrum,COc1ccc2c(=O)ccoc2c1,50,49.0,True
SPE00201133,Spectrum,COc1cc2c(cc1OC)C(=O)c1ccc(OC)c(OC)c1OCC(=O)C2,50,49.0,True
SPE00300540,Spectrum,COc1ccc2c(C)cc(=O)oc2c1,51,50.0,True
SPE01504036,Spectrum,COc1ccc2c(c1)OCC(Cc1ccc(OC)c(OC)c1)C2O,49,48.0,True
SPE01600480,Spectrum,COc1ccc2c(c1)OCC(Cc1ccc(OC)c(OC)c1)C2O,49,48.0,True
SPE01500687,Spectrum,COc1ccc2c(c1OC)C(=O)OC2C1c2cc3c(cc2CCN1C)OCO3,49,48.0,True
SPE01501009,Spectrum,COc1ccc2c(c1OC)C(=O)OC2C1c2cc3c(cc2CCN1C)OCO3,49,48.0,True
SPE01501178,Spectrum,COc1ccc2c(c1)CCC1C2CCC2(C)C(O)C(O)CC12,49,48.0,True
SPE01501183,Spectrum,COc1ccc2c(c1)CCC1C2CCC2(C)C(O)CCC12,49,48.0,True
SPE00100743,Spectrum,COc1ccc2c(c1)OC1c3ccc(OC)cc3OCC21,52,51.0,True
SPE01401019,Spectrum,COc1ccc2c(c1O)OCC1c3cc4c(cc3OC21)OCO4,51,50.0,True
SPE00202175,Spectrum,COc1ccc2c(c1)OC1(O)COc3cc(OC)c(OC)cc3C1=C2,50,49.0,True
SPE00210874,Spectrum,COc1ccc2ccc(=O)oc2c1,51,50.0,True
SPE01504165,Spectrum,COc1ccc2ccc(=O)oc2c1CC=C(C)C,50,49.0,True
SPE00201364,Spectrum,COc1ccc2c(c1OC)OCC(c1ccc(OC)c(OC)c1OC)C2,50,49.0,True
SPE01800065,Spectrum,COc1ccc2c3c1OC1C(O)CC=C4C(C2)N(C)CCC431,49,48.0,True
SPE01504185,Spectrum,COc1ccc2cc1Oc1ccc(cc1)CC1c3cc(c(OC)cc3CCN1C)Oc1c(OC)c(OC)cc3c1C(C2)N(C)CC3,49,48.0,True
SPE01500860,Spectrum,COc1ccc2c(c1O)-c1c(OC)c(OC)cc3c1C(C2)N(C)CC3,50,49.0,True
SPE00100254,Spectrum,COc1ccc2c(c1)C1(C)CCC(=O)CC1CC2,50,49.0,True
SPE00100646,Spectrum,COc1ccc2c(c1)C1(C)CCC(=O)CC1CC2,50,49.0,True
SPE00240736,Spectrum,COc1ccc2oc3ccccc3c(=O)c2c1,50,49.0,True
SPE00300404,Spectrum,COc1ccc2c(c1C(C)C)CCC1C(C)(C)C(=O)CCC21C,50,49.0,True
SPE00210658,Spectrum,COc1ccc2c(c1)OCc1c-2oc2cc(OC)ccc12,50,49.0,True
SPE01503650,Spectrum,COc1ccc2cc(CCC(C)=O)ccc2c1,52,51.0,True
SPE01500425,Spectrum,COc1ccc2cc(C(C)C(=O)O)ccc2c1,51,50.0,True
SPE01503801,Spectrum,COc1ccc2cc(C(C)CO)ccc2c1,50,49.0,True
SPE01500666,Spectrum,COc1ccc2c(c1)c(CC(=O)OCC(=O)O)c(C)n2C(=O)c1ccc(Cl)cc1,51,50.0,True
SPE01500350,Spectrum,COc1ccc2c(c1)c(CC(=O)O)c(C)n2C(=O)c1ccc(Cl)cc1,50,49.0,True
SPE01500523,Spectrum,C=CC1CN2CCC1CC2C(O)c1ccnc2ccc(OC)cc12.O=C(O)C(O)C(O)C(O)C(O)CO,51,50.0,True
SPE01500524,Spectrum,C=CC1CN2CCC1CC2C(O)c1ccnc2ccc(OC)cc12.O=S(=O)(O)O,49,48.0,True
SPE01600919,Spectrum,COc1cccc(O)c1O,51,50.0,True
SPE01600652,Spectrum,COc1cccc(-c2cc(=O)c3ccc(OC)cc3o2)c1,52,51.0,True
SPE01504132,Spectrum,COc1cccc(-c2cc(=O)c3cc(OC)ccc3o2)c1,52,51.0,True
SPE01500736,Spectrum,COc1c(-c2ccccc2)oc2c(OC)cccc2c1=O,52,51.0,True
SPE01500740,Spectrum,COc1ccccc1-c1cc(=O)c2cccc(OC)c2o1,51,50.0,True
SPE00100676,Spectrum,COc1cccc2c(C)cc(O)nc12,51,50.0,True
SPE00100648,Spectrum,COc1cccc2c1CCC1=CC(=O)CCC12C,51,50.0,True
SPE00100242,Spectrum,COc1cccc2c1CCC1CC(=O)CCC21C,51,50.0,True
SPE00201309,Spectrum,COc1ccccc1-c1coc2cc(O)ccc2c1=O,51,50.0,True
SPE01500738,Spectrum,COc1ccccc1-c1cc(=O)c2c(OC)cccc2o1,52,51.0,True
SPE00210568,Spectrum,COc1ccccc1/C=C\C(=O)O,51,50.0,True
SPE01503100,Spectrum,COc1ccccc1N1CCN(CCCNc2cc(=O)n(C)c(=O)n2C)CC1,51,50.0,True
SPE01500321,Spectrum,COc1ccccc1OCC(O)CO,51,50.0,True
SPE01500397,Spectrum,COc1ccccc1OCC(O)COC(N)=O,51,50.0,True
SPE01501155,Spectrum,COc1cnc(NS(=O)(=O)c2ccc(N)cc2)nc1,50,49.0,True
SPE00330034,Spectrum,COc1nc(NC(C)C)nc(NC(C)C)n1,51,50.0,True
SPE01501193,Spectrum,CS(=O)(=O)CCCCN=C=S,51,50.0,True
SPE01500152,Spectrum,CS(=O)(=O)OCCCCOS(C)(=O)=O,51,50.0,True
SPE01503136,Spectrum,CS(=O)(=O)c1ccc(C(O)C(CO)NC(=O)C(Cl)Cl)cc1,52,51.0,True
SPE01504235,Spectrum,CS(=O)(=O)c1ccc(C2=C(c3ccccc3)C(=O)OC2)cc1,50,49.0,True
SPE01503077,Spectrum,CS(=O)(=O)O.OC(CCN1CCCCC1)(c1ccccc1)c1ccccc1,50,49.0,True
SPE01502177,Spectrum,CC(=O)O.CSCCC(N)C(=O)NC(CC(C)C)C(=O)NC(Cc1ccccc1)C(=O)O,52,51.0,True
SPE01502172,Spectrum,CSCCC(NC=O)C(=O)NC(C)C(=O)O,52,51.0,True
SPE01502173,Spectrum,CSCCC(NC=O)C(=O)NC(CC(C)C)C(=O)NC(Cc1ccccc1)C(=O)O,52,51.0,True
SPE01502175,Spectrum,CSCCC(NC=O)C(=O)NC(Cc1ccccc1)C(=O)O,52,51.0,True
SPE01503637,Spectrum,CSc1ccc2c(c1)C(N1CCN(C)CC1)Cc1ccccc1S2.O=C(O)/C=C\C(=O)O,50,49.0,True
SPE00330037,Spectrum,CSc1nc(NC(C)C)nc(NC(C)C)n1,51,50.0,True
SPE01503947,Spectrum,C[As](C)(=O)O,51,50.0,True
SPE01500817,Spectrum,Cc1c(C(=O)O)c(O)cc2c1C(=O)c1c(O)c(OC3OC(CO)C(O)C(O)C3O)c(O)c(O)c1C2=O,51,50.0,True
SPE01501198,Spectrum,Cc1c(Cl)cccc1Nc1ccccc1C(=O)O,51,50.0,True
SPE00201664,Spectrum,CC1=C(O)C(=O)C=C2C1=CC=C1C2(C)CCC2(C)C3CC(C)(C(=O)O)CCC3(C)CCC12C,52,51.0,True
SPE01504082,Spectrum,Cc1c(O)c(O)cc2c1CC=C1C2(C)CCC2(C)C3CC(C)(C(=O)O)CCC3(C)CCC12C,51,50.0,True
SPE00201355,Spectrum,Cc1c(O)cc(O)c2c(=O)c(-c3ccc(O)cc3)coc12,52,51.0,True
SPE01501111,Spectrum,C=CC1=C(C)c2cc3[nH]c(cc4nc(cc5[nH]c(cc1n2)c(C)c5CCC(=O)O)C(CCC(=O)O)=C4C)c(C)c3C=C,51,50.0,True
SPE01502254,Spectrum,CC1=CC(=O)c2ccccc2C1=O,50,49.0,True
SPE01504229,Spectrum,Cc1cc(C)cc(OCC2CNC(=O)O2)c1,52,51.0,True
SPE01500548,Spectrum,Cc1cc(C)nc(NS(=O)(=O)c2ccc(N)cc2)n1,52,51.0,True
SPE00200640,Spectrum,Cc1cc(O)c(C)c(O)c1C(=O)O,52,51.0,True
SPE00200489,Spectrum,Cc1cc(O)c(C)c2c1C(=O)Oc1c(C)c(O)c(C(=O)O)c(C)c1O2,51,50.0,True
SPE01400131,Spectrum,Cc1cc(O)c(C=O)c(O)c1C(=O)O,51,50.0,True
SPE00200054,Spectrum,Cc1cc(O)c(C=O)c2c1C(=O)Oc1c(COC(=O)/C=C/C(=O)O)c(O)c(C(=O)O)c(C)c1O2,52,51.0,True
SPE00201716,Spectrum,Cc1cc(O)c(C=O)c2c1C(=O)Oc1c(C)c(O)c3c(c1O2)C(O)OC3=O,52,51.0,True
SPE00300556,Spectrum,Cc1cc(O)c2c(c1)Cc1cccc(O)c1C2=O,51,50.0,True
SPE00211473,Spectrum,Cc1cc(O)c2c(c1O)C(=O)c1c(O)cc(C)c(O)c1C2=O,52,51.0,True
SPE01500898,Spectrum,Cc1cc(O)c2c(c1)C(=O)c1cc(O)cc(O)c1C2=O,51,50.0,True
SPE00300545,Spectrum,Cc1cc(O)c2c(c1)C(=O)c1cccc(O)c1C2=O,51,50.0,True
SPE01500182,Spectrum,Cc1cc(O)cc(C)c1Cl,51,50.0,True
SPE00200070,Spectrum,Cc1cc(OC(=O)c2c(C)cc(O)cc2O)cc(O)c1C(=O)O,51,50.0,True
SPE00200061,Spectrum,Cc1cc(OC(=O)c2c(C)cc(OC(=O)c3c(C)cc(O)cc3O)cc2O)cc(O)c1C(=O)O,51,50.0,True
SPE00300001,Spectrum,Cc1cc(O)cc(O)c1C(=O)O,51,50.0,True
SPE01500178,Spectrum,Cc1cc(O)ccc1Cl,51,50.0,True
SPE01600716,Spectrum,Cc1cc(C(C)(C)C)c(O)c(C(C)(C)C)c1,51,50.0,True
SPE01500313,Spectrum,Cc1ccc(C)c(OCCCC(C)(C)C(=O)O)c1,52,51.0,True
SPE01500209,Spectrum,Cc1ccc(O)cc1,51,50.0,True
SPE01504145,Spectrum,Cc1ccc(S(=O)(=O)NC(=O)NN2CC3CCCC3C2)cc1,51,50.0,True
SPE01501201,Spectrum,Cc1ccc(S(=O)(=O)NC(=O)NN2CCCCCC2)cc1,51,50.0,True
SPE01503678,Spectrum,Cc1ccc(-c2cc(C(F)(F)F)nn2-c2ccc(S(N)(=O)=O)cc2)cc1,52,51.0,True
SPE00300017,Spectrum,Cc1ccc2c(c1)C1(C)CCCC(C)(C(=O)O)C1CC2,50,49.0,True
SPE00100604,Spectrum,Cc1ccc2c(c1)CCC1CC(=O)CCC21C,52,51.0,True
SPE00330007,Spectrum,Cc1ccc2cc3c(ccc4ccccc43)c3c2c1CC3,51,50.0,True
SPE00212064,Spectrum,Cc1cccc(C(=O)O)c1O,51,50.0,True
SPE01501200,Spectrum,Cc1cccc(C)c1NC1=NCCCS1,51,50.0,True
SPE01501103,Spectrum,Cc1cccc(Nc2ccccc2C(=O)O)c1C,51,50.0,True
SPE01501140,Spectrum,Cc1ccccc1OCC(O)CO,51,50.0,True
SPE01500547,Spectrum,Cc1ccnc(NS(=O)(=O)c2ccc(N)cc2)n1,52,51.0,True
SPE01503105,Spectrum,C/C(=C(/CCOP(=O)(O)O)SC(=O)c1ccccc1)N(C=O)Cc1cnc(C)nc1N,51,50.0,True
SPE01504151,Spectrum,Cc1ncc(CNC(=O)N(CCCl)N=O)c(N)n1,52,51.0,True
SPE01500555,Spectrum,Cc1noc(NS(=O)(=O)c2ccc(N)cc2)c1C,51,50.0,True
SPE01500596,Spectrum,Cc1cc2cc3c(C)cc(=O)oc3c(C)c2o1,52,51.0,True
SPE01500550,Spectrum,Cc1cc(NS(=O)(=O)c2ccc(N)cc2)no1,51,50.0,True
SPE01504302,Spectrum,Cc1onc(-c2ccccc2)c1-c1ccc(S(N)(=O)=O)cc1,51,50.0,True
SPE01503927,Spectrum,Cc1oncc1C(=O)Nc1ccc(C(F)(F)F)cc1,51,50.0,True
SPE01500549,Spectrum,Cc1nnc(NS(=O)(=O)c2ccc(N)cc2)s1,51,50.0,True
SPE01500567,Spectrum,Cl.c1ccc2c(c1)CCCC2C1=NCCN1,50,49.0,True
SPE00310004,Spectrum,Cl.c1cncc(C2CCCCN2)c1,51,50.0,True
SPE01503245,Spectrum,Cl.c1ccc(C2CN3CCSC3=N2)cc1,50,49.0,True
SPE01505243,Spectrum,Cl.c1ccc2c(c1)CN1CCCC1=N2,50,49.0,True
SPE01500424,Spectrum,Cl.c1ccc2c(CC3=NCCN3)cccc2c1,51,50.0,True
SPE01500580,Spectrum,Cl.c1ccc(CC2=NCCN2)cc1,51,50.0,True
SPE00300553,Spectrum,CC(=O)CC1CCCCN1.Cl,50,49.0,True
SPE01501124,Spectrum,CC(=O)OC1CN2CCC1CC2.Cl,52,51.0,True
SPE01504179,Spectrum,CC(C)(C(=O)O)c1ccc(C(O)CCCN2CCC(C(O)(c3ccccc3)c3ccccc3)CC2)cc1.Cl,51,50.0,True
SPE01503917,Spectrum,CC(C)(C)NCC(O)c1cc(Cl)c(N)c(Cl)c1.Cl,51,50.0,True
SPE01503954,Spectrum,CC(C)(C)NCC(O)c1ccccc1Cl.Cl,51,50.0,True
SPE01505210,Spectrum,CC(C)CC(N(C)C)C1(c2ccc(Cl)cc2)CCC1.Cl,52,51.0,True
SPE01503106,Spectrum,CC(C)COCC(CN(Cc1ccccc1)c1ccccc1)N1CCCC1.Cl,52,51.0,True
SPE01504402,Spectrum,Cc1ccc(O)c(C(CCN(C(C)C)C(C)C)c2ccccc2)c1.Cl,51,50.0,True
SPE01504211,Spectrum,CC(C)NC(=N)NC(=N)Nc1ccc(Cl)cc1.Cl,50,49.0,True
SPE01503822,Spectrum,Cc1c(NC(C)C)c(=O)n(-c2ccccc2)n1C.Cl,51,50.0,True
SPE01500514,Spectrum,CC(C)NCC(O)COc1cccc2ccccc12.Cl,51,50.0,True
SPE02300166,Spectrum,C=CCc1ccccc1OCC(O)CNC(C)C.Cl,52,51.0,True
SPE01500357,Spectrum,CC(C)NCC(O)c1ccc(O)c(O)c1.Cl,51,50.0,True
SPE01503628,Spectrum,CC(C)NCC(O)c1ccc2ccccc2c1.Cl,51,50.0,True
SPE01500445,Spectrum,CC(CCc1ccccc1)NC(C)C(O)c1ccc(O)cc1.Cl,52,51.0,True
SPE01503243,Spectrum,CC(CCc1ccccc1)NCC(O)c1ccc(O)c(C(N)=O)c1.Cl,51,50.0,True
SPE01501194,Spectrum,Cc1ccc(C(=O)C(C)CN2CCCCC2)cc1.Cl,51,50.0,True
SPE01500510,Spectrum,CC(CN1c2ccccc2Sc2ccccc21)N(C)C.Cl,52,51.0,True
SPE01504095,Spectrum,CC(CN1c2ccccc2Sc2cccnc21)N(C)C.Cl,52,51.0,True
SPE01503212,Spectrum,CC(CNCCc1ccc(O)c(O)c1)Cc1cccc(O)c1.Cl,51,50.0,True
SPE02300176,Spectrum,CC(COc1ccccc1)N(CCCl)Cc1ccccc1.Cl,52,51.0,True
SPE01500359,Spectrum,CC(COc1ccccc1)NC(C)C(O)c1ccc(O)cc1.Cl,51,50.0,True
SPE01500669,Spectrum,CC(Cc1cccc(C(F)(F)F)c1)NCCOC(=O)c1ccccc1.Cl,51,50.0,True
SPE00210397,Spectrum,CC(N)C(O)c1ccc(O)c(O)c1.Cl,52,51.0,True
SPE01500484,Spectrum,CC(N)C(O)c1ccccc1.Cl,52,51.0,True
SPE01503218,Spectrum,CC(N)CCCC(C)(C)O.Cl,51,50.0,True
SPE01503929,Spectrum,Cc1cccc(C)c1OCC(C)N.Cl,52,51.0,True
SPE01504174,Spectrum,CC(NC(C)(C)C)C(=O)c1cccc(Cl)c1.Cl,52,51.0,True
SPE01501026,Spectrum,CC(NCCC(c1ccccc1)c1ccccc1)c1ccccc1.Cl,52,51.0,True
SPE01501149,Spectrum,CC(NCCc1ccc(O)cc1)C(O)c1ccc(O)cc1.Cl,51,50.0,True
SPE00300106,Spectrum,C=C1C(N)CC2CC1C2(C)C.Cl,52,51.0,True
SPE01501121,Spectrum,CC12CC3CC(C)(C1)CC(N)(C3)C2.Cl,52,51.0,True
SPE01500295,Spectrum,CC1C(OC(=O)C(O)c2ccccc2)CCC(C)(C)N1C.Cl,52,51.0,True
SPE01500266,Spectrum,CC1c2cccc(O)c2C(=O)C2=C(O)C3(O)C(=O)C(C(N)=O)=C(O)C(N(C)C)C3C(O)C21.Cl,51,50.0,True
SPE00100301,Spectrum,CC1CCC2(NC1)OC1CC3C4CCC5CC(O)CCC5(C)C4CCC3(C)C1C2C.Cl,51,50.0,True
SPE01504088,Spectrum,CCC(N)C(O)c1ccc(O)c(O)c1.Cl,51,50.0,True
SPE00200022,Spectrum,CCC1(O)CC(OC2CC(N(C)C)C(O)C(C)O2)c2c(cc3c(c2O)C(=O)c2c(O)cccc2C3=O)C1C(=O)OC.Cl,52,51.0,True
SPE01500665,Spectrum,CCCC(=O)Nc1ccc(OCC(O)CNC(C)C)c(C(C)=O)c1.Cl,51,50.0,True
SPE01502084,Spectrum,CCCC(C(=O)OCCN(CC)CC)(c1ccccc1)c1ccccc1.Cl,51,50.0,True
SPE01500193,Spectrum,CCCC1CC(C(=O)NC(C(C)Cl)C2OC(SC)C(O)C(O)C2O)N(C)C1.Cl,50,49.0,True
SPE01500368,Spectrum,CCCC1CC(C(=O)NC(C(C)O)C2OC(SC)C(O)C(O)C2O)N(C)C1.Cl,50,49.0,True
SPE01503818,Spectrum,CCCCN1CCCCC1C(=O)Nc1c(C)cccc1C.Cl,52,51.0,True
SPE01500564,Spectrum,CCCCNc1ccc(C(=O)OCCN(C)C)cc1.Cl,51,50.0,True
SPE01500236,Spectrum,CCCCOc1cc(C(=O)NCCN(CC)CC)c2ccccc2n1.Cl,51,50.0,True
SPE01501139,Spectrum,CCCCOc1ccc(OCCCN2CCOCC2)cc1.Cl,51,50.0,True
SPE01500268,Spectrum,CCCCOc1ccc(C(=O)CCN2CCCCC2)cc1.Cl,51,50.0,True
SPE02300165,Spectrum,CCCCc1oc2ccccc2c1C(=O)c1cc(I)c(OCCN(CC)CC)c(I)c1.Cl,51,50.0,True
SPE01503270,Spectrum,CCCNC(C)C(=O)Nc1ccccc1C.Cl,51,50.0,True
SPE01503935,Spectrum,CCCNCC(O)COc1ccccc1C(=O)CCc1ccccc1.Cl,51,50.0,True
SPE01500293,Spectrum,CCN(CC)C(C)CN1c2ccccc2Sc2ccccc21.Cl,51,50.0,True
SPE01500689,Spectrum,CCN(CC)CC(=O)Nc1c(C)cccc1C.Cl,52,51.0,True
SPE01501108,Spectrum,CCN(CC)CCNC(=O)COc1ccc(OC)cc1.Cl,52,51.0,True
SPE01500410,Spectrum,CCN(CC)CCNC(=O)c1cc(Cl)c(N)cc1OC.Cl,52,51.0,True
SPE01503086,Spectrum,CCN(CC)CCNC(=O)c1cc(S(C)(=O)=O)ccc1OC.Cl,52,51.0,True
SPE01500503,Spectrum,CCN(CC)CCNC(=O)c1ccc(N)cc1.Cl,52,51.0,True
SPE01500999,Spectrum,CCN(CC)CCOC(=O)C(c1ccccc1)C1CCCCC1.Cl,50,49.0,True
SPE01503073,Spectrum,CCN(CC)CCOC(=O)C(c1ccccc1)c1ccccc1.Cl,51,50.0,True
SPE01500240,Spectrum,CCN(CC)CCOC(=O)C1(C2CCCCC2)CCCCC1.Cl,51,50.0,True
SPE01500504,Spectrum,CCN(CC)CCOC(=O)c1ccc(N)cc1.Cl,52,51.0,True
SPE01501117,Spectrum,CCN(CCCCOC(=O)c1ccc(OC)c(OC)c1)C(C)Cc1ccc(OC)cc1.Cl,51,50.0,True
SPE01502037,Spectrum,CCn1cc(C(=O)O)c(=O)c2cc(F)c(N3CCNC(C)C3)c(F)c21.Cl,51,50.0,True
SPE01502197,Spectrum,CCN1CCCC(OC(=O)C(c2ccccc2)c2ccccc2)C1.Cl,51,50.0,True
SPE01503076,Spectrum,CCOC(=O)C(CCc1ccccc1)NC(C)C(=O)N1Cc2ccccc2CC1C(=O)O.Cl,51,50.0,True
SPE01505200,Spectrum,CCOC(=O)C(CCc1ccccc1)NC1CCc2ccccc2N(CC(=O)O)C1=O.Cl,51,50.0,True
SPE01501174,Spectrum,CCOC(=O)NNc1nncc2ccccc12.Cl,50,49.0,True
SPE01503102,Spectrum,CCOC(=O)OC(C)OC(=O)C1N2C(=O)C(NC(=O)C(N)c3ccccc3)C2SC1(C)C.Cl,50,49.0,True
SPE01501000,Spectrum,CCOc1ccc(Cc2nccc3cc(OCC)c(OCC)cc23)cc1OCC.Cl,51,50.0,True
SPE01504401,Spectrum,CCc1ccc(CCOc2ccc(CC3SC(=O)NC3=O)cc2)nc1.Cl,51,50.0,True
SPE02300241,Spectrum,CN(C)C(=O)C(CCN1CCC(O)(c2ccc(Cl)cc2)CC1)(c1ccccc1)c1ccccc1.Cl,50,49.0,True
SPE01500457,Spectrum,CN(C)C1C(O)=C(C(N)=O)C(=O)C2(O)C(O)=C3C(=O)c4c(O)cccc4C(C)(O)C3C(O)C12.Cl,51,50.0,True
SPE01501104,Spectrum,C=C1c2cccc(O)c2C(=O)C2=C(O)C3(O)C(=O)C(C(N)=O)=C(O)C(N(C)C)C3C(O)C12.Cl,52,51.0,True
SPE01500829,Spectrum,CN(C)C1C(O)=C(C(N)=O)C(=O)C2(O)C(O)=C3C(=O)c4c(O)ccc(Cl)c4C(C)(O)C3CC12.Cl,53,52.0,True
SPE01500566,Spectrum,CN(C)C1C(O)=C(C(N)=O)C(=O)C2(O)C(O)=C3C(=O)c4c(O)cccc4C(C)(O)C3CC12.Cl,51,50.0,True
SPE01500226,Spectrum,CN(C)C1C(O)=C(C(N)=O)C(=O)C2(O)C(O)=C3C(=O)c4c(O)ccc(Cl)c4C(O)C3CC12.Cl,50,49.0,True
SPE01500414,Spectrum,CN(C)c1ccc(O)c2c1CC1CC3C(N(C)C)C(O)=C(C(N)=O)C(=O)C3(O)C(O)=C1C2=O.Cl,51,50.0,True
SPE01503207,Spectrum,CN(C)CCC=C1c2ccccc2C=Cc2ccccc21.Cl,52,51.0,True
SPE01500117,Spectrum,CN(C)CCC=C1c2ccccc2CCc2ccccc21.Cl,51,50.0,True
SPE01500264,Spectrum,CN(C)CC/C=C1/c2ccccc2COc2ccccc21.Cl,52,51.0,True
SPE01503203,Spectrum,CN(C)CC/C=C1\c2ccccc2Sc2ccc(Cl)cc21.Cl,52,51.0,True
SPE02300061,Spectrum,CN(C)CCCN1c2ccccc2CCc2ccc(Cl)cc21.Cl,51,50.0,True
SPE01500348,Spectrum,CN(C)CCCN1c2ccccc2CCc2ccccc21.Cl,52,51.0,True
SPE01503118,Spectrum,CN(C)CCCN1c2ccccc2Sc2ccc(C(F)(F)F)cc21.Cl,52,51.0,True
SPE01500509,Spectrum,CN(C)CCCN1c2ccccc2Sc2ccccc21.Cl,53,52.0,True
SPE01503083,Spectrum,CN(C)CCCOC1C(C(O)CO)OC2OC(C)(C)OC21.Cl,51,50.0,True
SPE01503229,Spectrum,CN(C)CCN(Cc1cccs1)c1ccccn1.Cl,51,50.0,True
SPE01500212,Spectrum,CN(C)CCOC(=O)C(c1ccccc1)C1(O)CCCC1.Cl,51,50.0,True
SPE01503226,Spectrum,CN(C)CCOC(=O)COc1ccc(Cl)cc1.Cl,51,50.0,True
SPE01500256,Spectrum,CN(C)CCOC(c1ccccc1)c1ccccc1.Cl,52,51.0,True
SPE01503999,Spectrum,CN(C)c1nc(N)c(C(=O)NC(=N)N)nc1Cl.Cl,51,50.0,True
SPE01500462,Spectrum,C#CCN(C)Cc1ccccc1.Cl,52,51.0,True
SPE01503107,Spectrum,CN(Cc1cc(Br)cc(Br)c1N)C1CCCCC1.Cl,51,50.0,True
SPE01500758,Spectrum,CN1C(CC(=O)c2ccccc2)CCCC1CC(O)c1ccccc1.Cl,50,49.0,True
SPE01500258,Spectrum,CN1CCC(OC(c2ccccc2)c2ccccc2)CC1.Cl,50,49.0,True
SPE01504148,Spectrum,Cc1cccc(C)c1NC(=O)C1CCCCN1C.Cl,52,51.0,True
SPE01504156,Spectrum,CN1CCCCC1c1ccc(-c2cccnc2)nc1.Cl,51,50.0,True
SPE01503932,Spectrum,CN1CCCN=C1COC(=O)C(O)(c1ccccc1)C1CCCCC1.Cl,51,50.0,True
SPE02300292,Spectrum,CN1CCN2c3ccccc3Cc3ccccc3C2C1.Cl,51,50.0,True
SPE00310006,Spectrum,CN1CCc2cc3c(cc2C1O)OCO3.Cl,51,50.0,True
SPE01500129,Spectrum,CN1CCc2cccc3c2C1Cc1ccc(O)c(O)c1-3.Cl,50,49.0,True
SPE01500273,Spectrum,CNC(C)C(O)c1ccccc1.Cl,50,49.0,True
SPE01500516,Spectrum,CNC(C)C(O)c1ccccc1.Cl,50,49.0,True
SPE01500525,Spectrum,CNC(C)C(O)c1ccccc1.Cl,50,49.0,True
SPE01500607,Spectrum,CNC(CC(C)C)C(=O)NC1C(=O)NC(CC(N)=O)C(=O)NC2C(=O)NC3C(=O)CC(C(=O)NC(C(=O)O)c4cc(O)cc(O)c4-c4cc3ccc4O)C(O)c3ccc(c(Cl)c3)Oc3cc2cc(c3OC2OC(CO)C(O)C(O)C2OC2CC(C)(N)C(O)C(C)O2)Oc2ccc(cc2Cl)C1O.Cl,49,48.0,True
SPE01500374,Spectrum,CNC1(C)C2CCC(C2)C1(C)C.Cl,52,51.0,True
SPE01500483,Spectrum,CNCC(O)c1cccc(O)c1.Cl,51,50.0,True
SPE01504173,Spectrum,CNCCC(Oc1ccc(C(F)(F)F)cc1)c1ccccc1.Cl,52,51.0,True
SPE01500373,Spectrum,CNCCCC12CCC(c3ccccc31)c1ccccc12.Cl,51,50.0,True
SPE01500227,Spectrum,CNCCCN1c2ccccc2CCc2ccccc21.Cl,52,51.0,True
SPE01400242,Spectrum,CNCc1ccccc1.Cl,52,51.0,True
SPE01502116,Spectrum,CNNC.Cl,51,50.0,True
SPE01500636,Spectrum,COC(=O)C(N)CS.Cl,51,50.0,True
SPE01503970,Spectrum,CON.Cl,52,51.0,True
SPE01504303,Spectrum,COc1c(CN2CCC3CCCNC3C2)c(F)cc2c(=O)c(C(=O)O)cn(C3CC3)c12.Cl,50,49.0,True
SPE01500594,Spectrum,COc1cc(C(=O)NCc2ccc(OCCN(C)C)cc2)cc(OC)c1OC.Cl,52,51.0,True
SPE01504403,Spectrum,COc1cc2c(cc1OC)C(=O)C(CC1CCN(Cc3ccccc3)CC1)C2.Cl,51,50.0,True
SPE01500495,Spectrum,COc1cc2nc(N3CCN(C(=O)c4ccco4)CC3)nc(N)c2cc1OC.Cl,49,48.0,True
SPE02300307,Spectrum,COc1ccc(CCN(C)CCCC(C#N)(c2ccc(OC)c(OC)c2)C(C)C)cc1OC.Cl,52,51.0,True
SPE01500459,Spectrum,COc1ccc(Cc2nccc3cc(OC)c(OC)cc23)cc1OC.Cl,50,49.0,True
SPE01500399,Spectrum,COc1ccc(OC)c(C(O)C(C)N)c1.Cl,52,51.0,True
SPE01503257,Spectrum,COc1ccc(OC)c(C(O)CNC(=O)CN)c1.Cl,52,51.0,True
SPE01504171,Spectrum,COc1ccc(C(CN(C)C)C2(O)CCCCC2)cc1.Cl,51,50.0,True
SPE02300214,Spectrum,COc1ccc(C2Sc3ccccc3N(CCN(C)C)C(=O)C2OC(C)=O)cc1.Cl,52,51.0,True
SPE01500443,Spectrum,COc1ccc2c(c1OC)C(=O)OC2C1c2c(cc3c(c2OC)OCO3)CCN1C.Cl,50,49.0,True
SPE01503261,Spectrum,COc1ccc2c(c1)CCC(c1ccccc1)=C2c1ccc(OCCN2CCCC2)cc1.Cl,50,49.0,True
SPE01503647,Spectrum,COc1cccc(OC)c1OCCNCC1COc2ccccc2O1.Cl,50,49.0,True
SPE02300348,Spectrum,COc1ccccc1N1CCNCC1.Cl,52,51.0,True
SPE01500575,Spectrum,CSc1ccc2c(c1)N(CCC1CCCCN1C)c1ccccc1S2.Cl,51,50.0,True
SPE01500453,Spectrum,Cc1cc(C(C)(C)C)c(O)c(C)c1CC1=NCCN1.Cl,52,51.0,True
SPE01500614,Spectrum,Cc1cc(C(C)(C)C)cc(C)c1CC1=NCCN1.Cl,52,51.0,True
SPE01500598,Spectrum,Cc1ccc(/C(=C\CN2CCCC2)c2ccccn2)cc1.Cl,51,50.0,True
SPE01500691,Spectrum,Cc1ccc(N(CC2=NCCN2)c2cccc(O)c2)cc1.Cl,52,51.0,True
SPE00700024,Spectrum,CC1=C(CCC(=O)O)c2cc3[nH]c(cc4nc(cc5[nH]c(cc1n2)c(C)c5C(C)O)C(C)=C4C(C)O)c(C)c3CCC(=O)O.Cl.Cl,52,51.0,True
SPE01500288,Spectrum,CCC(CO)NCCNC(CC)CO.Cl.Cl,52,51.0,True
SPE01500272,Spectrum,CCC1CN2CCc3cc(OC)c(OC)cc3C2CC1CC1NCCc2cc(OC)c(OC)cc21.Cl.Cl,51,50.0,True
SPE01503074,Spectrum,CCCCC(CC)CNC(=N)NC(=N)NCCCCCCNC(=N)NC(=N)NCC(CC)CCCC.Cl.Cl,52,51.0,True
SPE01504202,Spectrum,CCCNC1CCc2nc(N)sc2C1.Cl.Cl,52,51.0,True
SPE01500522,Spectrum,CCN(CC)CCCC(C)Nc1c2ccc(Cl)cc2nc2ccc(OC)cc12.Cl.Cl,52,51.0,True
SPE01500119,Spectrum,CCN(CC)Cc1ccc(Nc2ccnc3cc(Cl)ccc23)cc1O.Cl.Cl,52,51.0,True
SPE01501138,Spectrum,CN1CCN(CC(=O)N2c3ccccc3C(=O)Nc3cccnc32)CC1.Cl.Cl,51,50.0,True
SPE01500591,Spectrum,CN1CCN(CCCN2c3ccccc3Sc3ccc(C(F)(F)F)cc32)CC1.Cl.Cl,52,51.0,True
SPE01500538,Spectrum,CNC1C(O)C(NC)C2OC3(O)C(=O)CC(C)OC3OC2C1O.Cl.Cl,50,49.0,True
SPE01500670,Spectrum,CNCCc1ccccn1.Cl.Cl,50,49.0,True
SPE01501105,Spectrum,COc1ccc(CC(N)C(=O)NC2C(CO)OC(n3cnc4c(N(C)C)ncnc43)C2O)cc1.Cl.Cl,52,51.0,True
SPE01501120,Spectrum,Cc1cc(-c2ccccc2)nnc1NCCN1CCOCC1.Cl.Cl,51,50.0,True
SPE01500376,Spectrum,Cc1cccc(CN2CCN(C(c3ccccc3)c3ccc(Cl)cc3)CC2)c1.Cl.Cl,51,50.0,True
SPE01503940,Spectrum,Cl.Cl.Cl.NCCCCNCCCN,52,51.0,True
SPE01500177,Spectrum,Cl.Cl.N=C(NCCCCCCNC(=N)NC(=N)Nc1ccc(Cl)cc1)NC(=N)Nc1ccc(Cl)cc1,52,51.0,True
SPE01500993,Spectrum,Cl.Cl.Fc1ccc(C(c2ccc(F)cc2)N2CCN(C/C=C/c3ccccc3)CC2)cc1,51,50.0,True
SPE01503952,Spectrum,Cl.Cl.NCCCCN,52,51.0,True
SPE01503821,Spectrum,Cl.Cl.NCCSSCCN,52,51.0,True
SPE02300336,Spectrum,Cl.Cl.NNCc1cccc(O)c1,52,51.0,True
SPE01500994,Spectrum,Cl.Cl.OCCN1CCN(CCCN2c3ccccc3Sc3ccc(C(F)(F)F)cc32)CC1,52,51.0,True
SPE01503278,Spectrum,Cl.Cl.O=C1c2c(O)ccc(O)c2C(=O)c2c(NCCNCCO)ccc(NCCNCCO)c21,50,49.0,True
SPE00300563,Spectrum,Cl.ClCCN(CCCl)CCCl,52,51.0,True
SPE01503222,Spectrum,Cl.O=C(COc1ccc(Cl)cc1)N1CCN(Cc2ccc3c(c2)OCO3)CC1,51,50.0,True
SPE01503920,Spectrum,Cl.Clc1ccc(C(OCCN2CCCCC2)c2ccccc2)cc1,51,50.0,True
SPE01500198,Spectrum,Cl.Clc1cccc(Cl)c1N=C1NCCN1,52,51.0,True
SPE01503121,Spectrum,Cl.O=c1n(CCCN2CCN(c3cccc(Cl)c3)CC2)nc2ccccn12,51,50.0,True
SPE01503633,Spectrum,Cl.FC(F)(F)c1cccc(N2CCNCC2)c1,52,51.0,True
SPE01504085,Spectrum,Cl.Fc1ccc(C2CCNCC2COc2ccc3c(c2)OCO3)cc1,52,51.0,True
SPE01503641,Spectrum,Cl.N=C(N)NC(=N)Nc1ccccc1,51,50.0,True
SPE01500112,Spectrum,Cl.N=C(N)NC(=O)c1nc(Cl)c(N)nc1N,50,49.0,True
SPE02300086,Spectrum,Cl.N=C(N)Nc1ccc(Cl)cc1,51,50.0,True
SPE01500137,Spectrum,Cl.NC(CO)C(=O)NNCc1ccc(O)c(O)c1O,50,49.0,True
SPE01500110,Spectrum,Cl.NC12CC3CC(CC(C3)C1)C2,52,51.0,True
SPE01500316,Spectrum,Cl.NC1C(O)OC(CO)C(O)C1O,51,50.0,True
SPE02300263,Spectrum,Cl.NC1CC1c1ccccc1,51,50.0,True
SPE01504184,Spectrum,Cl.NCC(=O)CCC(=O)O,51,50.0,True
SPE00501332,Spectrum,Cl.NCC(=O)c1ccccc1,50,49.0,True
SPE01500639,Spectrum,Cl.NCC(O)c1ccc(O)cc1,51,50.0,True
SPE01501126,Spectrum,Cl.NCCCCC(=O)O,52,51.0,True
SPE01503627,Spectrum,Cl.NCCCCCCNS(=O)(=O)c1cccc2c(Cl)cccc12,53,52.0,True
SPE01503638,Spectrum,Cl.NCCNC(=O)c1ccc(Cl)cc1,52,51.0,True
SPE01504226,Spectrum,Cl.NCCS,52,51.0,True
SPE01500263,Spectrum,Cl.NCCc1ccc(O)c(O)c1,51,50.0,True
SPE01504189,Spectrum,Cl.NCCc1cccc(O)c1,52,51.0,True
SPE01500372,Spectrum,Cl.NCc1ccc(S(N)(=O)=O)cc1,52,51.0,True
SPE01500334,Spectrum,Cl.NNc1nncc2ccccc12,51,50.0,True
SPE01503080,Spectrum,Cl.Nc1c(Br)cc(Br)cc1CNC1CCC(O)CC1,52,51.0,True
SPE02300104,Spectrum,Cl.Nc1c2c(nc3ccccc13)CCCC2,50,49.0,True
SPE01500473,Spectrum,Cl.Nc1ccc(/N=N/c2ccccc2)c(N)n1,52,51.0,True
SPE01501021,Spectrum,Cl.O=C1NCC2(CCN(CCc3ccccc3)CC2)O1,51,50.0,True
SPE01502126,Spectrum,Cl.O=C(O)C1=CCCNC1,50,49.0,True
SPE01505240,Spectrum,Cl.O=C(O)CCC1NCC2CC1CN1CCCCC21,52,51.0,True
SPE01500507,Spectrum,Cl.OC(CCN1CCCC1)(c1ccccc1)C1CCCCC1,52,51.0,True
SPE01500592,Spectrum,Cl.OC(CCN1CCCCC1)(c1ccccc1)C1CCCCC1,52,51.0,True
SPE01501115,Spectrum,Cl.Oc1ccc2c3c1OC1C(O)CCC4(O)C(C2)N(CC2CCC2)CCC314,50,49.0,True
SPE01504137,Spectrum,Cl.N=c1ccn2c(n1)OC1C(O)C(CO)OC12,51,50.0,True
SPE01500422,Spectrum,C=CCN1CCC23c4c5ccc(O)c4OC2C(=O)CCC3(O)C1C5.Cl,52,51.0,True
SPE01503648,Spectrum,Cl.Oc1noc2c1CCNC2,52,51.0,True
SPE01503007,Spectrum,C[N+](C)(C)CC(=O)[O-].Cl,52,51.0,True
SPE01501135,Spectrum,COC(=O)C1=C(C)NC(C)=C(C(=O)OCCN(C)Cc2ccccc2)C1c1cccc([N+](=O)[O-])c1.Cl,51,50.0,True
SPE00330082,Spectrum,Clc1ccc(C(c2ccccc2Cl)C(Cl)Cl)cc1,50,49.0,True
SPE00330073,Spectrum,ClC1=C(Cl)C2(Cl)C3C4CC(C5OC45)C3C1(Cl)C2(Cl)Cl,52,51.0,True
SPE00330081,Spectrum,ClC1=C(Cl)C2(Cl)C3C4CC(C5OC45)C3C1(Cl)C2(Cl)Cl,52,51.0,True
SPE00330080,Spectrum,ClC1=C(Cl)C2(Cl)C3C4C=CC(C4)C3C1(Cl)C2(Cl)Cl,52,51.0,True
SPE00330083,Spectrum,O=S1OCC2C(CO1)C1(Cl)C(Cl)=C(Cl)C2(Cl)C1(Cl)Cl,48,47.1,True
SPE00330071,Spectrum,ClC1C(Cl)C(Cl)C(Cl)C(Cl)C1Cl,48,47.1,True
SPE00330078,Spectrum,ClC1=C(Cl)C2(Cl)C3C(Cl)C=CC3C1(Cl)C2(Cl)Cl,47,46.1,True
SPE00330076,Spectrum,ClC1CC2C(C1Cl)C1(Cl)C(Cl)C(Cl)C2(Cl)C1(Cl)Cl,47,46.1,True
SPE01503110,Spectrum,O=NN(CCCl)C(=O)NCCCl,47,46.1,True
SPE01504212,Spectrum,O=C1C(Cl)=C(Cl)C(=O)C(Cl)=C1Cl,48,47.1,True
SPE01504101,Spectrum,N#Cc1c(Cl)c(Cl)c(Cl)c(C#N)c1Cl,47,46.1,True
SPE00330055,Spectrum,Clc1ccc(Cl)cc1,48,47.1,True
SPE00330072,Spectrum,ClC(Cl)=C(c1ccc(Cl)cc1)c1ccc(Cl)cc1,47,46.1,True
SPE00330070,Spectrum,Clc1ccc(C(c2ccc(Cl)cc2)C(Cl)(Cl)Cl)cc1,47,46.1,True
SPE01500188,Spectrum,O=c1[nH]c2cc(Cl)ccc2o1,48,47.1,True
SPE02300161,Spectrum,Clc1ccc2c(c1)C(N1CCNCC1)=Nc1ccccc1O2,48,47.1,True
SPE00330036,Spectrum,N#Cc1c(Cl)cccc1Cl,48,47.1,True
SPE01500200,Spectrum,Clc1ccccc1C(c1ccccc1)(c1ccccc1)n1ccnc1,47,46.1,True
SPE01500615,Spectrum,Cc1cc(CC(=O)O)n(C)c1C(=O)c1ccc(Cl)cc1,47,46.1,True
SPE01500155,Spectrum,Cn1c(=O)c2c(ncn2C)n(C)c1=O,47,46.1,True
SPE01503611,Spectrum,CC(=O)CCCCn1c(=O)c2c(ncn2C)n(C)c1=O,48,47.1,True
SPE01500649,Spectrum,Cn1cnc2c1c(=O)[nH]c(=O)n2C,48,47.1,True
SPE02300170,Spectrum,Cn1c(=O)[nH]c2ncn(C)c2c1=O,47,46.1,True
SPE01500305,Spectrum,O=c1[nH]cc(F)c(=O)[nH]1,47,46.1,True
SPE01501002,Spectrum,O=C(CCCN1CC=C(n2c(=O)[nH]c3ccccc32)CC1)c1ccc(F)cc1,48,47.1,True
SPE01501152,Spectrum,O=C(CCCN1CCC2(CC1)C(=O)NCN2c1ccccc1)c1ccc(F)cc1,47,46.1,True
SPE01501134,Spectrum,O=c1[nH]c2ccccc2n1C1CCN(CCCC(c2ccc(F)cc2)c2ccc(F)cc2)CC1,48,47.1,True
SPE01503945,Spectrum,Fc1ccc(C(c2ccccc2)(c2ccccc2F)n2ccnc2)cc1,47,46.1,True
SPE01505241,Spectrum,C1CCN2CC3CC(CN4CCCCC34)C2C1.I,47,46.1,True
SPE01502107,Spectrum,N.N.[Cl][Pt][Cl],48,47.1,True
SPE01502106,Spectrum,N.N.O=C1[O][Pt][O]C(=O)C12CCC2,48,47.1,True
SPE01500874,Spectrum,N=c1[nH]c(=O)c2[nH]c(=O)c(=O)[nH]c2[nH]1,48,47.1,True
SPE01504215,Spectrum,N=C(N)NC(=O)c1nc(Cl)c(N2CCCCCC2)nc1N,48,47.1,True
SPE01500706,Spectrum,N=C(N)NCCCCNC(=N)N.O=S(=O)(O)O,48,47.1,True
SPE01500323,Spectrum,N=C(N)NCCN1CCCCCCC1.O=S(=O)(O)O,48,47.1,True
SPE01501146,Spectrum,N=C(N)NS(=O)(=O)c1ccc(N)cc1,49,48.0,True
SPE01500641,Spectrum,N=C(N)c1ccc(OCCCCCOc2ccc(C(=N)N)cc2)cc1.O=S(=O)(O)CCO.O=S(=O)(O)CCO,47,46.1,True
SPE01502195,Spectrum,NC(=O)CN1CCCC1=O,49,48.0,True
SPE01500159,Spectrum,NC(=O)N1c2ccccc2C=Cc2ccccc21,47,46.1,True
SPE01504243,Spectrum,NC(=O)N1c2ccccc2CC(=O)c2ccccc21,49,48.0,True
SPE01500472,Spectrum,NC(=O)NC(=O)Cc1ccccc1,48,47.1,True
SPE01500801,Spectrum,NC(=O)NC1NC(=O)NC1=O,47,46.1,True
SPE01500344,Spectrum,NC(=O)NO,49,48.0,True
SPE01503694,Spectrum,NC(=O)c1cccc(N)c1,48,47.1,True
SPE01500532,Spectrum,NC(=O)c1ccccc1O,47,46.1,True
SPE01500518,Spectrum,NC(=O)c1cnccn1,49,48.0,True
SPE01503416,Spectrum,NC(=O)c1ncn(C2OC(CO)C(O)C2O)c1O,47,46.1,True
SPE01503938,Spectrum,NC(=O)c1ncn(C2OC(CO)C(O)C2O)n1,47,46.1,True
SPE01500771,Spectrum,NC(C(=O)NC1C(=O)N2C(C(=O)O)=C(Cl)CSC12)c1ccccc1,47,46.1,True
SPE00501000,Spectrum,NC(C(=O)O)C(O)C(=O)O,48,47.1,True
SPE00310298,Spectrum,NC(C(=O)O)C(O)C(O)C(O)CO,48,47.1,True
SPE01502002,Spectrum,NC(C(=O)O)C1CC(Cl)=NO1,47,46.1,True
SPE01500879,Spectrum,Nc1ccccc1C(=O)CC(N)C(=O)O,48,47.1,True
SPE01502248,Spectrum,NC(CCC(=O)NC(CS)C(=O)NCC(=O)O)C(=O)O,48,47.1,True
SPE01500987,Spectrum,NC(=O)CCC(N)C(=O)O,49,48.0,True
SPE01502262,Spectrum,N=C(NCCCC(N)C(=O)O)NC(CCC(=O)O)C(=O)O,49,48.0,True
SPE01500855,Spectrum,NC(=O)NCCCC(N)C(=O)O,49,48.0,True
SPE01500833,Spectrum,N=C(N)NOCCC(N)C(=O)O,48,47.1,True
SPE01500869,Spectrum,NC(Cn1ccc(=O)c(O)c1)C(=O)O,48,47.1,True
SPE01500711,Spectrum,NC(=O)NCC(N)C(=O)O,48,47.1,True
SPE01503925,Spectrum,NC(CO)(CO)CO.O=C(c1ccccc1)c1ccc2n1CCC2C(=O)O,46,45.1,True
SPE00310008,Spectrum,NC(CSCSCC(N)C(=O)O)C(=O)O,47,46.1,True
SPE01500774,Spectrum,NC(Cc1cc(I)c(Oc2cc(I)c(O)c(I)c2)c(I)c1)C(=O)O,49,48.0,True
SPE01500778,Spectrum,NC(Cc1cc(I)c(Oc2ccc(O)c(I)c2)c(I)c1)C(=O)O,49,48.0,True
SPE01502162,Spectrum,NC(Cc1ccc(Cl)cc1)C(=O)O,48,47.1,True
SPE01502114,Spectrum,NC(Cc1ccc(F)cc1)C(=O)O,48,47.1,True
SPE02300205,Spectrum,NC(Cc1ccc(O)c(O)c1)C(=O)O,48,47.1,True
SPE01500382,Spectrum,NC(Cc1ccc(N(CCCl)CCCl)cc1)C(=O)O,48,47.1,True
SPE01503391,Spectrum,NC(Cc1ccccc1)C(=O)O,48,47.1,True
SPE01500761,Spectrum,N=C(N)N.O=C(O)O,48,47.1,True
SPE01501003,Spectrum,NC(N)=Nc1nc(CSCC/C(N)=N\S(N)(=O)=O)cs1,47,46.1,True
SPE01500604,Spectrum,NC(N)=O,48,47.1,True
SPE01502130,Spectrum,NC1(C(=O)O)CC1,49,48.0,True
SPE01502131,Spectrum,NC1(C(=O)O)CCC1,49,48.0,True
SPE01502128,Spectrum,NC1(C(=O)O)CCCC1,48,47.1,True
SPE01503084,Spectrum,Nc1cc(-c2ccncc2)c[nH]c1=O,48,47.1,True
SPE01500217,Spectrum,Nc1ccn(C2OC(CO)C(O)C2O)c(=O)n1,47,46.1,True
SPE01503431,Spectrum,Nc1ccn(C2OC(CO)C(O)C2O)c(=O)n1,47,46.1,True
SPE01500584,Spectrum,NC1CC1c1ccccc1.O=S(=O)(O)O,48,47.1,True
SPE01500215,Spectrum,NC1CONC1=O,47,46.1,True
SPE01502111,Spectrum,Nc1ncn(C2OC(CO)C(O)C2O)c(=O)n1,47,46.1,True
SPE00300537,Spectrum,Nc1nc2ncc(=O)[nH]c2c(=O)[nH]1,47,46.1,True
SPE01502110,Spectrum,Nc1nc2c(ncn2C2CC(O)C(CO)O2)c(=O)[nH]1,48,47.1,True
SPE01503603,Spectrum,Nc1nc2c(ncn2COCCO)c(=O)[nH]1,48,47.1,True
SPE01502020,Spectrum,Nc1nc(=O)c2nc(CNc3ccc(C(=O)NC(CCC(=O)O)C(=O)O)cc3)cnc2[nH]1,46,45.1,True
SPE01500135,Spectrum,NCC(CC(=O)O)c1ccc(Cl)cc1,48,47.1,True
SPE01502143,Spectrum,NCC(CC(=O)O)c1ccc(Cl)s1,48,47.1,True
SPE01500877,Spectrum,NCC(N)C(=O)c1ccccc1,48,47.1,True
SPE01503041,Spectrum,NCC(O)CC(=O)O,49,48.0,True
SPE01500436,Spectrum,NCC(O)c1ccc(O)c(O)c1,48,47.1,True
SPE01502026,Spectrum,NCC1CCC(C(=O)O)CC1,48,47.1,True
SPE01503114,Spectrum,NCC1CCC(N)C(OC2C(N)CC(N)C(OC3OC(CO)C(O)C(N)C3O)C2O)O1.O=S(=O)(O)O,48,47.1,True
SPE01503939,Spectrum,NCC1OC(OC2C(N)CC(N)C(O)C2OC2OC(CO)C(O)C2O)C(N)C(O)C1O.O=S(=O)(O)O,47,46.1,True
SPE01500427,Spectrum,NCC1OC(OC2C(CO)OC(OC3C(O)C(N)CC(N)C3OC3OC(CN)C(O)C(O)C3N)C2O)C(N)C(O)C1O.O=S(=O)(O)O,47,46.1,True
SPE01500812,Spectrum,NCC1OC(OC2C(N)CC(N)C(OC3OC(CO)C(O)C(N)C3O)C2O)C(N)C(O)C1O.O=S(=O)(O)O,48,47.1,True
SPE01500579,Spectrum,NCC1OC(OC2C(N)CC(N)C(OC3OC(CO)C(O)C(N)C3O)C2O)C(N)CC1O,48,47.1,True
SPE01500360,Spectrum,NCC1OC(OC2C(N)CC(N)C(OC3OC(CO)C(O)C(N)C3O)C2O)C(O)C(O)C1O.O=S(=O)(O)O,48,47.1,True
SPE01503228,Spectrum,NCC1OC(OC2C(CO)OC(OC3C(O)C(N)CC(N)C3OC3OC(CO)C(O)C(O)C3N)C2O)C(N)C(O)C1O.O=S(=O)(O)O,47,46.1,True
SPE01503951,Spectrum,NCC1OC(OC2C(CO)OC(OC3C(O)C(N)CC(N)C3OC3OC(CO)C(O)CC3N)C2O)C(N)C(O)C1OC1OC(CO)C(O)C(O)C1O.O=S(=O)(O)O,48,47.1,True
SPE01502123,Spectrum,NC/C=C/C(=O)O,49,48.0,True
SPE01500818,Spectrum,NCCC(O)C(=O)NC1CC(N)C(OC2OC(CN)C(O)C(O)C2N)C(OC2OC(CO)C(O)C2O)C1O.O=S(=O)(O)O.O=S(=O)(O)O,47,46.1,True
SPE01500111,Spectrum,NCCC(O)C(=O)NC1CC(N)C(OC2OC(CN)C(O)C(O)C2O)C(O)C1OC1OC(CO)C(O)C(N)C1O.O=S(=O)(O)O.O=S(=O)(O)O,48,47.1,True
SPE01504404,Spectrum,NCCCC(N)C(=O)O.O=C(O)CCC(=O)C(=O)O,48,47.1,True
SPE01500157,Spectrum,N=C1NCCC(C2NC(=O)/C(=C\NC(N)=O)NC(=O)C(CNC(=O)CC(N)CCCN)NC(=O)C(CO)NC(=O)C(N)CNC2=O)N1.O=S(=O)(O)O,51,50.0,True
SPE01500678,Spectrum,NCCCC(=O)O,47,46.1,True
SPE01501217,Spectrum,NCCCCC(NC(CCc1ccccc1)C(=O)O)C(=O)N1CCCC1C(=O)O,47,46.1,True
SPE01500114,Spectrum,NCCCCCC(=O)O,48,47.1,True
SPE01503982,Spectrum,N=C(N)NCCCCN.O=S(=O)(O)O,48,47.1,True
SPE01503081,Spectrum,NCCCNCCSP(=O)(O)O,48,47.1,True
SPE01501125,Spectrum,NCCCS(=O)(=O)O,48,47.1,True
SPE00210400,Spectrum,NCCc1ccc(O)cc1,49,48.0,True
SPE01500355,Spectrum,NNC(=O)c1ccncc1,48,47.1,True
SPE01503381,Spectrum,NNC(=O)c1ccncc1.Nc1ccc(C(=O)O)c(O)c1,48,47.1,True
SPE01500476,Spectrum,NNCCc1ccccc1.O=S(=O)(O)O,48,47.1,True
SPE01500310,Spectrum,NS(=O)(=O)c1cc(C(=O)O)c(NCc2ccco2)cc1Cl,47,46.1,True
SPE01500187,Spectrum,NS(=O)(=O)c1cc(C2(O)NC(=O)c3ccccc32)ccc1Cl,47,46.1,True
SPE01500804,Spectrum,C=CCSCC1Nc2cc(Cl)c(S(N)(=O)=O)cc2S(=O)(=O)N1,47,46.1,True
SPE01503104,Spectrum,NS(=O)(=O)c1cc2c(cc1C(F)(F)F)NC(Cc1ccccc1)NS2(=O)=O,47,46.1,True
SPE01500590,Spectrum,NS(=O)(=O)c1cc2c(cc1Cl)NC(C(Cl)Cl)NS2(=O)=O,46,45.1,True
SPE01503263,Spectrum,NS(=O)(=O)c1cc2c(cc1Cl)NC(C1CC3C=CC1C3)NS2(=O)=O,47,46.1,True
SPE01500341,Spectrum,NS(=O)(=O)c1cc2c(cc1C(F)(F)F)NCNS2(=O)=O,47,46.1,True
SPE01500335,Spectrum,NS(=O)(=O)c1cc2c(cc1Cl)NCNS2(=O)=O,46,45.1,True
SPE01500141,Spectrum,NS(=O)(=O)c1cc2c(cc1Cl)N=C(CSCc1ccccc1)NS2(=O)=O,47,46.1,True
SPE01500180,Spectrum,NS(=O)(=O)c1cc2c(cc1Cl)N=CNS2(=O)=O,46,45.1,True
SPE02300100,Spectrum,Nc1c2c(nc3ccccc13)CCCC2O.O=C(O)/C=C\C(=O)O,48,47.1,True
SPE01500810,Spectrum,Nc1c2ccccc2nc2ccccc12,48,47.1,True
SPE01500116,Spectrum,Nc1ccc(C(=O)O)c(O)c1,49,48.0,True
SPE00305025,Spectrum,Nc1ccc(C(=O)Oc2ccccc2)c(O)c1,48,47.1,True
SPE01503069,Spectrum,Nc1ccc(C(=O)NCC(=O)O)cc1,48,47.1,True
SPE01500544,Spectrum,Nc1ccc(S(=O)(=O)NC(=O)c2ccccc2)cc1,49,48.0,True
SPE01501142,Spectrum,Nc1ccc(S(=O)(=O)Nc2ccc(Cl)nn2)cc1,49,48.0,True
SPE01500551,Spectrum,Nc1ccc(S(=O)(=O)Nc2ccccn2)cc1,48,47.1,True
SPE01501143,Spectrum,Nc1ccc(S(=O)(=O)Nc2ccnn2-c2ccccc2)cc1,49,48.0,True
SPE01500546,Spectrum,Nc1ccc(S(=O)(=O)Nc2ncccn2)cc1,48,47.1,True
SPE01500553,Spectrum,Nc1ccc(S(=O)(=O)Nc2nccs2)cc1,49,48.0,True
SPE01500222,Spectrum,Nc1ccc(S(=O)(=O)c2ccc(N)cc2)cc1,49,48.0,True
SPE01500646,Spectrum,Nc1ccc(S(N)(=O)=O)cc1,49,48.0,True
SPE01503223,Spectrum,N=C1C=CC(=C(c2cccc(N)c2)c2cccc(N)c2)C=C1.O=C(O)c1cc2ccccc2c(Cc2c(O)c(C(=O)O)cc3ccccc23)c1O,49,48.0,True
SPE01501130,Spectrum,Nc1ccncc1,49,48.0,True
SPE01500679,Spectrum,Nc1nc(N)c2nc(CNc3ccc(C(=O)NC(CCC(=O)O)C(=O)O)cc3)cnc2n1,46,45.1,True
SPE01500589,Spectrum,Nc1nc(N)c2nc(-c3ccccc3)c(N)nc2n1,47,46.1,True
SPE02300330,Spectrum,Nc1nc(O)c2nc(C(=O)O)cnc2n1,48,47.1,True
SPE01502238,Spectrum,Nc1ncnc2c1ncn2C1CC(O)C(CO)O1,47,46.1,True
SPE01500107,Spectrum,Nc1ncnc2c1ncn2C1OC(CO)C(O)C1O,47,46.1,True
SPE01500609,Spectrum,Nc1ncnc2c1ncn2C1OC(CO)C(O)C1O,47,46.1,True
SPE01500667,Spectrum,Nc1ncnc2c1ncn2C1OC(COP(=O)(O)O)C(O)C1O,48,47.1,True
SPE01504216,Spectrum,Nc1nc2cc(Cl)ccc2o1,49,48.0,True
SPE01505207,Spectrum,Nc1nc(/C(=C/CC(=O)O)C(=O)NC2C(=O)N3C(C(=O)O)=CCSC23)cs1,49,48.0,True
SPE01505208,Spectrum,C=CC1=C(C(=O)O)N2C(=O)C(NC(=O)/C(=N\O)c3csc(N)n3)C2SC1,47,46.1,True
SPE01503017,Spectrum,Nc1nccs1,48,47.1,True
SPE01505252,Spectrum,COc1cc2cc[n+]3cc4c(OC)c(OC)ccc4cc3c2cc1OC.O,48,47.1,True
SPE01500213,Spectrum,O.O=P1(N(CCCl)CCCl)NCCCO1,48,47.1,True
SPE01500873,Spectrum,O=C(/C=C/C=C/c1ccc2c(c1)OCO2)N1CCCCC1,48,47.1,True
SPE01600654,Spectrum,O=C(CCCCCCCCCCCCC1CCCC1)Nc1ccc(S(=O)(=O)c2ccc(NC(=O)CCCCCCCCCCCCC3CCCC3)cc2)cc1,47,46.1,True
SPE00211126,Spectrum,O=C(Nc1ccccc1)Nc1ccccc1,47,46.1,True
SPE00210235,Spectrum,O=C(Oc1cc(OC(=O)c2ccccc2)c2c(c1)OC(c1ccc(OC(=O)c3ccccc3)c(OC(=O)c3ccccc3)c1)C(OC(=O)c1ccccc1)C2)c1ccccc1,48,47.1,True
SPE01503002,Spectrum,O=C(OCc1ccccc1)c1ccccc1,47,46.1,True
SPE01500554,Spectrum,O=C1C(CCS(=O)c2ccccc2)C(=O)N(c2ccccc2)N1c1ccccc1,48,47.1,True
SPE01500477,Spectrum,O=C1c2ccccc2C(=O)C1c1ccccc1,49,48.0,True
SPE01504027,Spectrum,O=c1cccc2n1CC1CNCC2C1,48,47.1,True
SPE00200343,Spectrum,O=C1CC(c2ccccc2)Oc2ccccc21,50,49.0,True
SPE01500651,Spectrum,O=C1CC2OCC=C3CN4CCC56c7ccccc7N1C5C2C3CC46,47,46.1,True
SPE01503607,Spectrum,O=C1CCC(N2C(=O)c3ccccc3C2=O)C(=O)N1,47,46.1,True
SPE00100520,Spectrum,O=C1CCC23/C=C/C(=O)NCCCCNCCCNC(=O)/C=C/c4ccc(c2c4)OC3C1,48,47.1,True
SPE00310003,Spectrum,O=C1CCCCC/C=C/CCCCCCCCO1,48,47.1,True
SPE01500911,Spectrum,O=C1CCCN1CC#CCN1CCCC1,47,46.1,True
SPE01505230,Spectrum,O=C1CCc2cc(OCCCCc3nnnn3C3CCCCC3)ccc2N1,48,47.1,True
SPE01500494,Spectrum,O=C(C1CCCCC1)N1CC(=O)N2CCc3ccccc3C2C1,49,48.0,True
SPE01501188,Spectrum,O=c1c2ccccc2[se]n1-c1ccccc1,48,47.1,True
SPE01500802,Spectrum,O=C1NC(=O)C(=O)C(=O)N1,47,46.1,True
SPE01501171,Spectrum,O=C1NS(=O)(=O)c2ccccc21,47,46.1,True
SPE01504153,Spectrum,O=C1OC(=O)C2C3CCC(O3)C12,47,46.1,True
SPE01500309,Spectrum,O=C1OCCN1/N=C/c1ccc([N+](=O)[O-])o1,50,49.0,True
SPE01400208,Spectrum,O=c1ccc2ccccc2o1,49,48.0,True
SPE01502103,Spectrum,O=C1c2ccccc2C(=O)c2ccccc21,48,47.1,True
SPE01502096,Spectrum,N#C/C(=C\c1ccc(O)cc1)C(=O)O,48,47.1,True
SPE01502095,Spectrum,N#C/C(=C\c1cccc(O)c1)C(=O)O,47,46.1,True
SPE01503614,Spectrum,O=C(O)c1cn(C2CC2)c2cc(N3CCNCC3)c(F)cc2c1=O,48,47.1,True
SPE00201508,Spectrum,O=C(O)c1cc(O)c(=O)c2c(O)c(O)ccc2c1,48,47.1,True
SPE01504155,Spectrum,O=C(O)C1CC(C2CCCCN2)CN2CCCCC12,49,48.0,True
SPE02300345,Spectrum,O=C(O)C1CCCNC1,48,47.1,True
SPE01503227,Spectrum,C1CCC(C(CC2CCCCN2)C2CCCCC2)CC1.O=C(O)/C=C\C(=O)O,47,46.1,True
SPE01503626,Spectrum,O=C(O)/C=C/C(=O)O.O=C1CCCN1CC#CCN1CCCC1,47,46.1,True
SPE00203008,Spectrum,O=C(O)/C=C/C=C/c1ccccc1,49,48.0,True
SPE01503987,Spectrum,O=C(O)/C=C/c1ccc(O)c(O)c1,49,48.0,True
SPE00310001,Spectrum,O=C(O)/C=C(\CC(=O)O)C(=O)O,48,47.1,True
SPE01501008,Spectrum,O=C(O)CCC(=O)c1ccc(-c2ccccc2)cc1,48,47.1,True
SPE01503941,Spectrum,O=C(O)CCCCC1CCSS1,48,47.1,True
SPE01503009,Spectrum,O=C(O)CCCCC1SCC2NC(=O)NC21,48,47.1,True
SPE01500648,Spectrum,O=C(O)CCCCCCCC(=O)O,48,47.1,True
SPE00310016,Spectrum,O=C(O)CCCCCCCCCCCCC1C=CCC1,47,46.1,True
SPE00330041,Spectrum,O=C(O)CCCOc1ccc(Cl)cc1Cl,47,46.1,True
SPE01500171,Spectrum,O=C(O)CCCc1ccc(N(CCCl)CCCl)cc1,47,46.1,True
SPE00306001,Spectrum,O=C(O)CCCc1ccccc1,48,47.1,True
SPE01504244,Spectrum,O=C(O)CCNC(=O)c1ccccc1,48,47.1,True
SPE01500763,Spectrum,O=C(O)CN(CC(=O)O)Cc1cc2c(-c3ccccc3C(=O)O)c3cc(CN(CC(=O)O)CC(=O)O)c(=O)cc-3oc2cc1O,48,47.1,True
SPE01502053,Spectrum,O=C(O)CN1C(=O)c2cccc3cccc(c23)C1=O,48,47.1,True
SPE01502085,Spectrum,N=C1NCCN1CC(=O)O,48,47.1,True
SPE00330047,Spectrum,O=C(O)CNCP(=O)(O)O,46,45.1,True
SPE00330042,Spectrum,O=C(O)COc1cc(Cl)c(Cl)cc1Cl,47,46.1,True
SPE00330040,Spectrum,O=C(O)COc1ccc(Cl)cc1Cl,48,47.1,True
SPE01500775,Spectrum,O=C(O)Cc1cc(I)c(Oc2cc(I)c(O)c(I)c2)c(I)c1,49,48.0,True
SPE01502068,Spectrum,O=C(O)c1c2ccccc2cc2ccccc12,48,47.1,True
SPE00210369,Spectrum,O=C(O)c1cc(O)c(O)c(O)c1,48,47.1,True
SPE01504060,Spectrum,O=C(O)c1cc(O)c2c(c1)C(=O)c1cc(O)cc(O)c1C2=O,45,44.1,True
SPE01502062,Spectrum,O=C(O)c1cc(O)c2c(Cl)cc(Cl)cc2n1,45,44.1,True
SPE01502069,Spectrum,O=C(O)c1cc(O)c2cc(Cl)ccc2n1,45,44.1,True
SPE01502059,Spectrum,O=C(O)c1cc(O)c2ccc(Cl)cc2n1,45,44.1,True
SPE01500754,Spectrum,O=C(O)c1cc(O)c2cccc(O)c2n1,45,44.1,True
SPE01500688,Spectrum,O=C(O)c1cc(O)c2ccccc2n1,45,44.1,True
SPE00211307,Spectrum,O=C(O)c1cc(O)ccc1O,46,45.1,True
SPE01500552,Spectrum,O=C(O)c1cc(/N=N/c2ccc(S(=O)(=O)Nc3ccccn3)cc2)ccc1O,45,44.1,True
SPE01500245,Spectrum,O=C(O)c1cc(-c2ccc(F)cc2F)ccc1O,47,46.1,True
SPE01500324,Spectrum,O=C(O)c1ccc(S(=O)(=O)N(Cl)Cl)cc1,45,44.1,True
SPE01502021,Spectrum,O=C(O)c1ccccc1C(=O)Nc1ccc(S(=O)(=O)Nc2nccs2)cc1,44,43.1,True
SPE00300025,Spectrum,O=C(O)c1ccccc1Nc1cccc(C(F)(F)F)c1,47,46.1,True
SPE00200331,Spectrum,O=C(Oc1ccccc1C(=O)O)c1ccccc1O,45,44.1,True
SPE01502012,Spectrum,O=C(O)c1ccccc1OP(=O)(O)O,45,44.1,True
SPE01500430,Spectrum,O=C(O)c1cccnc1,46,45.1,True
SPE01502102,Spectrum,O=C(O)c1cccnc1C(=O)O,45,44.1,True
SPE01502015,Spectrum,O=C(O)c1cccnc1Nc1cccc(C(F)(F)F)c1,45,44.1,True
SPE01502070,Spectrum,O=C(O)c1nc2cc(Cl)c(Cl)cc2nc1O,44,43.1,True
SPE00200427,Spectrum,O=C(O)C(O)C(O)(Cc1ccc(O)cc1)C(=O)O,45,44.1,True
SPE01501211,Spectrum,O=C(O)C(O)C(O)C(O)C(O)C(=O)O,46,45.1,True
SPE01500839,Spectrum,C=CC1CN2CCC1CC2C(O)c1ccnc2ccccc12,46,45.1,True
SPE01500841,Spectrum,C=CC1CN2CCC1CC2C(O)c1ccnc2ccccc12,46,45.1,True
SPE01503070,Spectrum,OC(c1cc(C(F)(F)F)nc2c(C(F)(F)F)cccc12)C1CCCCN1,45,44.1,True
SPE01505203,Spectrum,O=C1C(CCC(O)c2ccc(F)cc2)C(c2ccc(O)cc2)N1c1ccc(F)cc1,45,44.1,True
SPE01503975,Spectrum,OC(Cn1cncn1)(Cn1cncn1)c1ccc(F)cc1F,45,44.1,True
SPE01500325,Spectrum,O=C(CCCN1CCC(O)(c2ccc(Cl)cc2)CC1)c1ccc(F)cc1,46,45.1,True
SPE01500239,Spectrum,O=c1oc2ccccc2c(O)c1Cc1c(O)c2ccccc2oc1=O,45,44.1,True
SPE00210505,Spectrum,O=c1c(O)cccc2cc(O)c(O)c(O)c12,45,44.1,True
SPE00211538,Spectrum,O=c1oc2ccccc2cc1O,46,45.1,True
SPE01501208,Spectrum,O=c1c(O)c(-c2ccccc2)oc2ccc3occc3c12,45,44.1,True
SPE01501012,Spectrum,O=c1c(O)c(-c2ccccc2)oc2ccccc12,45,44.1,True
SPE01502075,Spectrum,O=C(O)/C=C1\CCCc2ccccc2C1O,45,44.1,True
SPE01504117,Spectrum,OC1C(O)C(O)C(O)C(O)C1O,46,45.1,True
SPE02300103,Spectrum,OC1C2COC(O2)C(O)C1O,44,43.1,True
SPE01504084,Spectrum,O=C1c2ccc(O)cc2OC(c2cc(O)c(O)c(O)c2)C1O,44,43.1,True
SPE00100279,Spectrum,OC1C=C2CCN3Cc4cc5c(cc4C(C1O)C23)OCO5,45,44.1,True
SPE01502256,Spectrum,O=C(O)C1=CC(O)C(O)C(O)C1,44,43.1,True
SPE00310018,Spectrum,O=C(O)C1(O)CC(O)C(O)C(O)C1,46,45.1,True
SPE00210800,Spectrum,O=C(/C=C/c1ccc(O)c(O)c1)OC1CC(O)(C(=O)O)CC(O)C1O,46,45.1,True
SPE01503936,Spectrum,N#Cc1ccc2c(c1)N(CCCN1CCC(O)CC1)c1ccccc1S2,46,45.1,True
SPE01504146,Spectrum,Oc1cc(O)c2c(c1)OC(c1cc(O)c(O)c(O)c1)C(O)C2c1c(O)cc(O)c2c1OC(c1cc(O)c(O)c(O)c1)C(O)C2c1c(O)cc(O)c2c1OC(c1cc(O)c(O)c(O)c1)C(O)C2,45,44.1,True
SPE00200111,Spectrum,O=c1c(O)cc(C2Oc3cc(O)cc(O)c3CC2O)cc2c(C3Oc4cc(O)cc(O)c4CC3O)cc(O)c(O)c12,44,43.1,True
SPE00205113,Spectrum,Oc1cc(O)c2c(c1)OC(c1cc(O)c(O)c(O)c1)C(O)C2,44,43.1,True
SPE00201506,Spectrum,O=C(OC1Cc2c(O)cc(O)cc2OC1c1cc(O)c(O)c(O)c1-c1c(C2Oc3cc(O)cc(O)c3CC2O)cc(O)c(O)c1O)c1cc(O)c(O)c(O)c1,44,43.1,True
SPE00210242,Spectrum,O=C(OC1Cc2c(O)cc(O)cc2OC1c1cc(O)c(=O)c2c(O)c(O)cc(C3Oc4cc(O)cc(O)c4CC3O)c2c1)c1cc(O)c(O)c(O)c1,45,44.1,True
SPE00241155,Spectrum,O=C(OC1Cc2c(O)cc(O)cc2OC1c1cc(O)c(=O)c2c(O)c(O)cc(C3Oc4cc(O)cc(O)c4CC3O)c2c1)c1cc(O)c(O)c(O)c1,45,44.1,True
SPE00211709,Spectrum,O=c1c(O)cccc2c(C3Oc4cc(O)cc(O)c4CC3O)cc(O)c(O)c12,44,43.1,True
SPE00210205,Spectrum,Oc1cc(O)c2c(c1)OC(c1ccc(O)c(O)c1)C(O)C2,44,43.1,True
SPE00210206,Spectrum,Oc1cc(O)c2c(c1)OC(c1ccc(O)c(O)c1)C(O)C2,44,43.1,True
SPE00210014,Spectrum,Oc1ccc2c(c1)OC(c1ccc(O)c(O)c1)C(O)C2,43,42.2,True
SPE01503904,Spectrum,O=C1C=C2C(=CCOC2O)O1,45,44.1,True
SPE00202130,Spectrum,OCC(O)C(O)C(O)C(O)C(O)CO,46,45.1,True
SPE00310002,Spectrum,OCC(O)C(O)C(O)CO,45,44.1,True
SPE01503989,Spectrum,OCC(O)C(O)C(OC1OC(CO)C(O)C(O)C1O)C(O)CO,46,45.1,True
SPE01502230,Spectrum,O=C1OC(C(O)CO)C(O)=C1O,44,43.1,True
SPE01505234,Spectrum,C#CCCCCCCCCCCCC(O)CC(O)CO,46,45.1,True
SPE00240932,Spectrum,C=CCCCCCCCCCCCC(O)CC(O)CO,45,44.1,True
SPE00211552,Spectrum,C#CCCCCCCCCCCCC(O)CC(O)CO.C=CCCCCCCCCCCCC(O)CC(O)CO,45,44.1,True
SPE01501004,Spectrum,OCC(O)CN1CCN(c2ccccc2)CC1,44,43.1,True
SPE01500996,Spectrum,O=C(OCC(O)CO)c1ccccc1Nc1ccnc2cc(Cl)ccc12,47,46.1,True
SPE00100577,Spectrum,OCC(O)Cc1ccc2c(c1)OCO2,45,44.1,True
SPE01500252,Spectrum,OCC(S)CS,45,44.1,True
SPE01504021,Spectrum,OCC1CCCN2CCCCC12,47,46.1,True
SPE01503092,Spectrum,O=C1OC(CO)C(O)C(O)C1O,46,45.1,True
SPE03100024,Spectrum,O=c1[nH]cnc2c1ncn2C1OC(CO)C(O)C1O,45,44.1,True
SPE01501207,Spectrum,OCC1OC(n2cnc3c(NCc4ccco4)ncnc32)C(O)C1O,45,44.1,True
SPE01504183,Spectrum,O=c1[nH]c(=O)n(C2CC(O)C(CO)O2)cc1C(F)(F)F,42,41.2,True
SPE01503059,Spectrum,O=c1[nH]c(=O)n(C2CC(O)C(CO)O2)cc1F,44,43.1,True
SPE01500363,Spectrum,OCC1OC(OC2C(CO)OC(O)(CO)C2O)C(O)C(O)C1O,46,45.1,True
SPE00300531,Spectrum,OCC1OC(OC2C(O)C(CO)OC2(CO)OC2OC(CO)C(O)C(O)C2O)C(O)C(O)C1O,47,46.1,True
SPE01502231,Spectrum,OCC1OC(OC2C(CO)OC(O)C(O)C2O)C(O)C(O)C1O,46,45.1,True
SPE01503427,Spectrum,O=C1c2c(O)cccc2C(OC2OC(CO)C(O)C(O)C2O)c2cc(CO)cc(O)c21,47,46.1,True
SPE01502244,Spectrum,N#CC(OC1OC(COC2OC(CO)C(O)C(O)C2O)C(O)C(O)C1O)c1ccccc1,46,45.1,True
SPE00211950,Spectrum,O=c1cc(-c2ccc(O)cc2)oc2cc(OC3OC(CO)C(O)C(O)C3O)cc(O)c12,46,45.1,True
SPE00350025,Spectrum,O=c1cc(-c2ccc(O)cc2)oc2cc(OC3OC(CO)C(O)C(O)C3OC3OCC(O)(CO)C3O)cc(O)c12,45,44.1,True
SPE00300547,Spectrum,O=C(CCc1ccc(O)cc1)c1c(O)cc(O)cc1OC1OC(CO)C(O)C(O)C1O,46,45.1,True
SPE01500901,Spectrum,O=c1ccc2cc(OC3OC(CO)C(O)C(O)C3O)c(O)cc2o1,44,43.1,True
SPE00300539,Spectrum,OCC1OC(Oc2ccc(O)cc2)C(O)C(O)C1O,46,45.1,True
SPE00200258,Spectrum,O=C(/C=C/c1ccccc1)c1ccc(OC2OC(CO)C(O)C(O)C2O)cc1O,47,46.1,True
SPE01504078,Spectrum,O=C(O)c1cc(O)c2c(c1)C(C1c3cc(C(=O)O)cc(O)c3C(=O)c3c(OC4OC(CO)C(O)C(O)C4O)cccc31)c1cccc(OC3OC(CO)C(O)C(O)C3O)c1C2=O,47,46.1,True
SPE01502255,Spectrum,OCc1ccccc1OC1OC(CO)C(O)C(O)C1O,46,45.1,True
SPE01800166,Spectrum,O=c1cc(CO)occ1O,45,44.1,True
SPE01503992,Spectrum,OC/C=C/c1ccc(O)c(O)c1,46,45.1,True
SPE01500259,Spectrum,OCCN(CCO)c1nc(N2CCCCC2)c2nc(N(CCO)CCO)nc(N3CCCCC3)c2n1,44,43.1,True
SPE01504273,Spectrum,OCCN1CC(O)C(O)C(O)C1CO,45,44.1,True
SPE01503934,Spectrum,OCCN1CCN(CCCN2c3ccccc3Sc3ccc(Cl)cc32)CC1,45,44.1,True
SPE01500345,Spectrum,O=C(O)c1cc2ccccc2c(Cc2c(O)c(C(=O)O)cc3ccccc23)c1O.OCCOCCN1CCN(C(c2ccccc2)c2ccc(Cl)cc2)CC1,44,43.1,True
SPE02300137,Spectrum,O=C(NCO)c1cccnc1,46,45.1,True
SPE01500531,Spectrum,OCc1ccccc1O,45,44.1,True
SPE01503038,Spectrum,O=C(O)C(O)C(O)C(=O)O.OCc1cccnc1,45,44.1,True
SPE01504023,Spectrum,O=c1cccc2n1CC1CC2CN2CCCCC12.[O-][Cl+3]([O-])([O-])O,45,44.1,True
SPE01505242,Spectrum,O=C1CCCC2C3CC(CN12)C1CCCCN1C3.[O-][Cl+3]([O-])([O-])O,47,46.1,True
SPE01500126,Spectrum,O=P(O)(O)O.c1ccc(CN(CC2=NCCN2)c2ccccc2)cc1,44,43.1,True
SPE00300548,Spectrum,C1CCN2CC3CC(CN4CCCCC34)C2C1.O=S(=O)(O)O,45,44.1,True
SPE01504210,Spectrum,O=C1C(O)=C(C2CCC(c3ccc(Cl)cc3)CC2)C(=O)c2ccccc21,43,42.2,True
SPE01500623,Spectrum,Oc1c(Br)cc(Br)c2cccnc12,45,44.1,True
SPE00330056,Spectrum,Oc1c(Cl)c(Cl)c(Cl)c(Cl)c1Cl,45,44.1,True
SPE01500328,Spectrum,Oc1c(Cl)cc(Cl)c(Cl)c1Cc1c(O)c(Cl)cc(Cl)c1Cl,44,43.1,True
SPE01503202,Spectrum,Oc1c(Cl)cc(Cl)c2cccnc12,44,43.1,True
SPE01500353,Spectrum,Oc1c(I)cc(I)c2cccnc12,45,44.1,True
SPE01503330,Spectrum,O=C1C(O)=C(O)C(=O)C(O)=C1O,45,44.1,True
SPE01502250,Spectrum,O=C1C=C(O)C(=O)c2ccccc21,45,44.1,True
SPE00210970,Spectrum,O=C(/C=C/c1ccccc1)c1c(O)cc(O)cc1O,45,44.1,True
SPE00240565,Spectrum,O=c1c(-c2ccccc2)coc2cc(O)cc(O)c12,46,45.1,True
SPE01504065,Spectrum,O=c1c(O)c(-c2cc(O)c(O)c(O)c2)oc2cc(O)cc(O)c12,45,44.1,True
SPE01500672,Spectrum,O=c1c(O)c(-c2ccc(O)c(O)c2)oc2cc(O)cc(O)c12,45,44.1,True
SPE01504115,Spectrum,O=c1cc(-c2cc(O)c(O)c(O)c2)oc2cc(O)cc(O)c12,44,43.1,True
SPE01500709,Spectrum,O=c1cc(-c2ccccc2)oc2cc(O)cc(O)c12,45,44.1,True
SPE01504154,Spectrum,O=C1CC(c2ccccc2)Oc2cc(O)cc(O)c21,43,42.2,True
SPE00201509,Spectrum,OC1=Cc2c(O)cc(O)cc2OC1(O)c1ccc(O)c(O)c1,44,43.1,True
SPE00201515,Spectrum,O=C(OC1Cc2c(O)cc(O)cc2OC1c1cc(O)c(=O)c2c(O)c(O)cc(C3Oc4cc(O)cc(O)c4CC3OC(=O)c3cc(O)c(O)c(O)c3)c2c1)c1cc(O)c(O)c(O)c1,45,44.1,True
SPE00210239,Spectrum,O=C(OC1Cc2c(O)cc(O)cc2OC1c1cc(O)c(O)c(O)c1)c1cc(O)c(O)c(O)c1,45,44.1,True
SPE00201507,Spectrum,O=C(OC1Cc2c(O)cc(O)cc2OC1c1cc(O)c(O)c(O)c1-c1c(C2Oc3cc(O)cc(O)c3CC2OC(=O)c2cc(O)c(O)c(O)c2)cc(O)c(O)c1O)c1cc(O)c(O)c(O)c1,44,43.1,True
SPE00210238,Spectrum,O=C(OC1Cc2c(O)cc(O)cc2OC1c1ccc(O)c(O)c1)c1cc(O)c(O)c(O)c1,44,43.1,True
SPE00201066,Spectrum,Oc1cc(O)cc(/C=C/c2ccccc2)c1,46,45.1,True
SPE01504105,Spectrum,O=C(OCC1OC(OC(=O)c2cc(O)c(O)c(OC(=O)c3cc(O)c(O)c(O)c3)c2)C(OC(=O)c2cc(O)c(O)c(OC(=O)c3cc(O)c(O)c(O)c3)c2)C(OC(=O)c2cc(O)c(O)c(OC(=O)c3cc(O)c(O)c(O)c3)c2)C1OC(=O)c1cc(O)c(O)c(OC(=O)c2cc(O)c(O)c(O)c2)c1)c1cc(O)c(O)c(OC(=O)c2cc(O)c(O)c(O)c2)c1,45,44.1,True
SPE01502245,Spectrum,O=c1oc2c(O)c(O)cc3c(=O)oc4c(O)c(O)cc1c4c23,45,44.1,True
SPE00200010,Spectrum,Oc1cc2c(cc1O)C1c3ccc(O)c(O)c3OCC1(O)C2,43,42.2,True
SPE01504002,Spectrum,O=c1cc(-c2ccccc2)oc2cc(O)c(O)c(O)c12,43,42.2,True
SPE01500899,Spectrum,O=c1ccc2cc(O)c(O)cc2o1,44,43.1,True
SPE00201513,Spectrum,O=C(Oc1cc(O)cc2c1CC(OC(=O)c1cc(O)c(O)c(O)c1)C(c1cc(O)c(O)c(O)c1)O2)c1cc(O)c(O)c(O)c1,44,43.1,True
SPE00201182,Spectrum,O=c1c(-c2cc(O)c(O)c(O)c2)coc2cc(O)c(O)c(O)c12,45,44.1,True
SPE00300554,Spectrum,O=C(CCc1ccc(O)cc1)c1c(O)cc(O)cc1O,45,44.1,True
SPE01500202,Spectrum,Oc1ccc(Cl)c2cccnc12,45,44.1,True
SPE01500460,Spectrum,Oc1ccc(Cl)cc1,46,45.1,True
SPE01500626,Spectrum,Oc1ccc(Cl)cc1Cc1cc(Cl)ccc1O,45,44.1,True
SPE01504237,Spectrum,Oc1ccc(O)cc1,46,45.1,True
SPE01502259,Spectrum,O=c1c(O)c(-c2ccc(O)cc2O)oc2cc(O)cc(O)c12,46,45.1,True
SPE00200407,Spectrum,O=C(/C=C/c1ccccc1)c1ccc(O)cc1,46,45.1,True
SPE01500762,Spectrum,O=C1C=CC(=C(c2ccc(O)cc2)c2ccc(O)cc2)C=C1,46,45.1,True
SPE01500480,Spectrum,O=C1OC(c2ccc(O)cc2)(c2ccc(O)cc2)c2ccccc21,45,44.1,True
SPE00210296,Spectrum,O=c1c(-c2ccc(O)cc2)coc2cc(O)cc(O)c12,45,44.1,True
SPE00200789,Spectrum,O=c1c(-c2ccc(O)cc2)coc2cc(O)ccc12,45,44.1,True
SPE01500746,Spectrum,O=C1CC(c2ccc(O)cc2)Oc2cc(O)cc(O)c21,43,42.2,True
SPE01500908,Spectrum,O=C1CC(c2ccc(O)cc2)Oc2ccccc21,43,42.2,True
SPE01504200,Spectrum,O=C(/C=C/c1ccc(O)cc1)c1ccc(O)cc1O,47,46.1,True
SPE01502223,Spectrum,Oc1ccc(/C=C/c2cc(O)cc(O)c2)cc1,46,45.1,True
SPE01600568,Spectrum,O=c1c(-c2ccc3c(c2)OCO3)coc2cc(O)ccc12,44,43.1,True
SPE01502247,Spectrum,O=c1c(O)c(-c2ccc(O)c(O)c2)oc2cc(O)ccc12,47,46.1,True
SPE01504130,Spectrum,O=c1c(O)c(-c2ccccc2)oc2cc(O)ccc12,46,45.1,True
SPE00201315,Spectrum,O=c1cc(-c2ccccc2)oc2c(O)c(O)ccc12,44,43.1,True
SPE00201654,Spectrum,Oc1ccc2c(c1)OCC1c3cc4c(cc3OC21)OCO4,44,43.1,True
SPE00200012,Spectrum,Oc1ccc2c(c1)OCC1(O)Cc3cc(O)c(O)cc3C21,44,43.1,True
SPE00210515,Spectrum,O=c1c(O)cccc2ccc(O)c(O)c12,45,44.1,True
SPE01503262,Spectrum,O=C1CCC2(O)C3Cc4ccc(O)c5c4C2(CCN3CC2CC2)C1O5,46,45.1,True
SPE00240651,Spectrum,O=c1c2ccccc2oc2ccc(O)cc12,45,44.1,True
SPE01503094,Spectrum,O=c1oc2cc(O)ccc2s1,46,45.1,True
SPE01500759,Spectrum,O=C1c2ccc(O)c(O)c2C(=O)c2c(O)ccc(O)c21,46,45.1,True
SPE00210850,Spectrum,O=C1c2ccccc2C(=O)c2c1ccc(O)c2O,46,45.1,True
SPE00200463,Spectrum,O=C1C=C2CC3(O)COc4cc(O)ccc4C3=C2C=C1O,45,44.1,True
SPE01502253,Spectrum,O=C1C=C2CC3(O)COc4c(ccc(O)c4O)C3=C2C=C1O,46,45.1,True
SPE01500527,Spectrum,Oc1cccc(O)c1,45,44.1,True
SPE01500127,Spectrum,O=C1c2c(O)cccc2Cc2cccc(O)c21,45,44.1,True
SPE00211468,Spectrum,O=C1c2cccc(O)c2C(=O)c2c(O)cccc21,46,45.1,True
SPE00300038,Spectrum,O=C1C=CC(=O)c2c(O)cccc21,45,44.1,True
SPE01500456,Spectrum,Oc1cccc2cccnc12,45,44.1,True
SPE00200123,Spectrum,O=C(/C=C(\O)c1ccccc1)c1ccccc1O,46,45.1,True
SPE00300618,Spectrum,O=C(Nc1ccccc1)c1ccccc1O,46,45.1,True
SPE01503973,Spectrum,Oc1ccnc(S)n1,44,43.1,True
SPE01504232,Spectrum,Oc1nc2cc(Cl)c(Cl)cc2nc1O,45,44.1,True
SPE01503006,Spectrum,S=C=NCc1ccccc1,45,44.1,True
SPE01503324,Spectrum,S=P(N1CC1)(N1CC1)N1CC1,45,44.1,True
SPE01504225,Spectrum,Sc1nc2ccccc2s1,46,45.1,True
SPE01500364,Spectrum,Nc1nc(=O)c2c([nH]1)NCC(CNc1ccc(C(=O)NC(CCC(=O)[O-])C(=O)[O-])cc1)N2C=O.[Ca+2],45,44.1,True
SPE01502039,Spectrum,CC1OC1P(=O)([O-])[O-].[Ca+2],45,44.1,True
SPE01500356,Spectrum,CC(C)[N+](C)(CCC(C(N)=O)(c1ccccc1)c1ccccc1)C(C)C.[I-],46,45.1,True
SPE01500312,Spectrum,CC[N+](CC)(CC)CCOc1cccc(OCC[N+](CC)(CC)CC)c1OCC[N+](CC)(CC)CC.[I-].[I-].[I-],45,44.1,True
SPE01502117,Spectrum,C=C1C2CCC3C4(C)CC(OC5OC(CO)C(OS(=O)(=O)[O-])C(OS(=O)(=O)[O-])C5OC(=O)CC(C)C)CC(C(=O)O)C4CCC3(C2)C1O.[K+].[K+],45,44.1,True
SPE01500327,Spectrum,CC1(C)SC2C(N3C(=O)C(c4ccccc4)NC3(C)C)C(=O)N2C1C(=O)[O-].[K+],44,43.1,True
SPE01500643,Spectrum,CC(Oc1ccccc1)C(=O)NC1C(=O)N2C1SC(C)(C)C2C(=O)[O-].[K+],44,43.1,True
SPE01500467,Spectrum,CC1(C)SC2C(NC(=O)COc3ccccc3)C(=O)N2C1C(=O)[O-].[K+],45,44.1,True
SPE01500465,Spectrum,CC1(C)SC2C(NC(=O)Cc3ccccc3)C(=O)N2C1C(=O)[O-].[K+],44,43.1,True
SPE01500828,Spectrum,CC12CCC(=O)C=C1C=CC1C2CCC2(C)C1CCC2(O)CCC(=O)[O-].[K+],45,44.1,True
SPE01500113,Spectrum,Nc1ccc(C(=O)[O-])cc1.[K+],45,44.1,True
SPE00200436,Spectrum,COc1cc(O)c2c(=O)cc(-c3ccc(OC)c(-c4c(O)cc(O)c5c(=O)cc(-c6ccc([O-])cc6)oc45)c3)oc2c1.[K+],43,42.2,True
SPE01501145,Spectrum,Nc1ccc(S(=O)(=O)[N-]c2cnc3ccccc3n2)cc1.[Na+],46,45.1,True
SPE01500485,Spectrum,O=C1[N-]C(=O)C(c2ccccc2)(c2ccccc2)N1.[Na+],47,46.1,True
SPE01500270,Spectrum,O=C(O)CN(CCN(CC(=O)O)CC(=O)O)CC(=O)O.[Na+].[Na+].[Na+],45,44.1,True
SPE01500206,Spectrum,CCC(C)C1NC(=O)C(CCNCS(=O)(=O)[O-])NC(=O)C(NC(=O)C(CCNCS(=O)(=O)[O-])NC(=O)C(NC(=O)C(CCNCS(=O)(=O)[O-])NC(=O)CCCCC(C)C)C(C)O)CCNC(=O)C(C(C)O)NC(=O)C(CCNCS(=O)(=O)[O-])NC(=O)C(CCNCS(=O)(=O)[O-])NC(=O)C(C(C)CC)NC1=O.[Na+].[Na+].[Na+].[Na+].[Na+],47,46.1,True
SPE01502019,Spectrum,O=C([O-])P(=O)([O-])[O-].[Na+].[Na+].[Na+],45,44.1,True
SPE01503346,Spectrum,O=c1ccn(C2OC(COP(=O)([O-])OP(=O)([O-])OP(=O)([O-])O)C(O)C2O)c(=O)[nH]1.[Na+].[Na+].[Na+],46,45.1,True
SPE01500418,Spectrum,COC1(NC(=O)C(C(=O)[O-])c2ccc(O)cc2)C(=O)N2C(C(=O)[O-])=C(CSc3nnnn3C)COC21.[Na+].[Na+],45,44.1,True
SPE01500160,Spectrum,CC1(C)SC2C(NC(=O)C(C(=O)[O-])c3ccccc3)C(=O)N2C1C(=O)[O-].[Na+].[Na+],45,44.1,True
SPE01503111,Spectrum,CO/N=C(\C(=O)NC1C(=O)N2C(C(=O)[O-])=C(CSc3nc(=O)c(=O)[n-]n3C)CSC12)c1csc(N)n1.[Na+].[Na+],45,44.1,True
SPE01500210,Spectrum,O=C([O-])c1cc(=O)c2c(OCC(O)COc3cccc4oc(C(=O)[O-])cc(=O)c34)cccc2o1.[Na+].[Na+],45,44.1,True
SPE01502005,Spectrum,CC1(C(=O)[O-])CCC2(C)CCC3(C)C(=CC(=O)C4C5(C)CCC(OC(=O)CCC(=O)[O-])C(C)(C)C5CCC43C)C2C1.[Na+].[Na+],46,45.1,True
SPE01500637,Spectrum,O=C([O-])c1ccccc1-c1c2cc(Br)c(=O)cc-2oc2[c]([Hg][OH])c([O-])c(Br)cc12.[Na+].[Na+],45,44.1,True
SPE01500820,Spectrum,CCCCCCCCCCCC(=O)OCC(COP(=O)([O-])OCC(O)COP(=O)([O-])OCC(COC(=O)CCCCCCCCCCC)OC(=O)CCCCCCCCCCC)OC(=O)CCCCCCCCCCC.[Na+].[Na+],44,43.1,True
SPE01500232,Spectrum,CC1CC2C3CCC4=CC(=O)C=CC4(C)C3(F)C(O)CC2(C)C1(O)C(=O)COP(=O)([O-])[O-].[Na+].[Na+],45,44.1,True
SPE01500340,Spectrum,CC12CCC(=O)C=C1CCC1C2C(O)CC2(C)C1CCC2(O)C(=O)COP(=O)([O-])[O-].[Na+].[Na+],45,44.1,True
SPE01500148,Spectrum,[Na+].[Na+].[O-]c1c(Cl)cc(Cl)cc1Sc1cc(Cl)cc(Cl)c1[O-],45,44.1,True
SPE01502258,Spectrum,CCC1(O)OC(C2CC(C)C(C3(CC)CCC(C4(C)CCC5(CC(O)C(C)C(C(C)C(OC)C(C)C(=O)[O-])O5)O4)O3)O2)C(C)CC1C.[Na+],44,43.1,True
SPE01503913,Spectrum,COC1CC(CC2CCC(C)C(C(C)C(=O)[O-])O2)OC2(OC(C)(C3CCC(C)(C4OC(C5OC(O)(CO)C(C)CC5C)CC4C)O3)CC2C)C1C.[Na+],46,45.1,True
SPE01503602,Spectrum,CCC(C(=O)[O-])C1CCC(C)C(C(C)C(O)C(C)C(=O)C(CC)C2OC3(C=CC(O)C4(CCC(C)(C5CCC(O)(CC)C(C)O5)O4)O3)C(C)CC2C)O1.[Na+],46,45.1,True
SPE01504221,Spectrum,CCC(C(=O)[O-])c1ccccc1.[Na+],47,46.1,True
SPE01500606,Spectrum,CCCC(CCC)C(=O)[O-].[Na+],46,45.1,True
SPE01502047,Spectrum,NC(Cc1cc(I)c(Oc2ccc(O)c(I)c2)c(I)c1)C(=O)[O-].[Na+],46,45.1,True
SPE01500420,Spectrum,CCOc1ccc2ccccc2c1NC(=O)C1C(=O)N2C1SC(C)(C)C2C(=O)[O-].[Na+],45,44.1,True
SPE01500123,Spectrum,CC1(C)SC2C(NC(=O)C(N)c3ccccc3)C(=O)N2C1C(=O)[O-].[Na+],44,43.1,True
SPE01502034,Spectrum,C=NC(C(=O)NC1C(=O)N2C1SC(C)(C)C2C(=O)[O-])c1ccccc1.[Na+],44,43.1,True
SPE01500489,Spectrum,CCN1CCN(C(=O)NC(C(=O)NC2C(=O)N3C2SC(C)(C)C3C(=O)[O-])c2ccccc2)C(=O)C1=O.[Na+],44,43.1,True
SPE01503101,Spectrum,CC1(C)SC2C(NC(=O)C(NC(=O)N3CCNC3=O)c3ccccc3)C(=O)N2C1C(=O)[O-].[Na+],44,43.1,True
SPE01500238,Spectrum,Cc1onc(-c2c(Cl)cccc2Cl)c1C(=O)NC1C(=O)N2C1SC(C)(C)C2C(=O)[O-].[Na+],43,42.2,True
SPE01500448,Spectrum,Cc1onc(-c2ccccc2)c1C(=O)NC1C(=O)N2C1SC(C)(C)C2C(=O)[O-].[Na+],45,44.1,True
SPE01500201,Spectrum,Cc1onc(-c2ccccc2Cl)c1C(=O)NC1C(=O)N2C1SC(C)(C)C2C(=O)[O-].[Na+],44,43.1,True
SPE01500395,Spectrum,COc1cccc(OC)c1C(=O)NC1C(=O)N2C1SC(C)(C)C2C(=O)[O-].[Na+],43,42.2,True
SPE01500165,Spectrum,CO/N=C(/C(=O)NC1C(=O)N2C(C(=O)[O-])=C(COC(C)=O)CSC12)c1csc(N)n1.[Na+],44,43.1,True
SPE01500836,Spectrum,CC(=O)OCC1=C(C(=O)[O-])N2C(=O)C(NC(=O)CCCC(N)C(=O)O)C2SC1.[Na+],43,42.2,True
SPE01500167,Spectrum,CC(=O)OCC1=C(C(=O)[O-])N2C(=O)C(NC(=O)CSc3ccncc3)C2SC1.[Na+],45,44.1,True
SPE01500166,Spectrum,CC(=O)OCC1=C(C(=O)[O-])N2C(=O)C(NC(=O)Cc3cccs3)C2SC1.[Na+],44,43.1,True
SPE01502033,Spectrum,CO/N=C(/C(=O)NC1C(=O)N2C(C(=O)[O-])=C(COC(N)=O)CSC12)c1ccco1.[Na+],44,43.1,True
SPE01502031,Spectrum,COC1(NC(=O)Cc2cccs2)C(=O)N2C(C(=O)[O-])=C(COC(N)=O)CSC21.[Na+],45,44.1,True
SPE01502042,Spectrum,CCN1CCN(C(=O)NC(C(=O)NC2C(=O)N3C(C(=O)[O-])=C(CSc4nnnn4C)CSC23)c2ccc(O)cc2)C(=O)C1=O.[Na+],45,44.1,True
SPE01502038,Spectrum,Cn1nnnc1SCC1=C(C(=O)[O-])N2C(=O)C(NC(=O)C(O)c3ccccc3)C2SC1.[Na+],45,44.1,True
SPE01502041,Spectrum,Cn1nnnc1SCC1=C(C(=O)[O-])N2C(=O)C(NC(=O)C(OC=O)c3ccccc3)C2SC1.[Na+],45,44.1,True
SPE01502040,Spectrum,COC1(NC(=O)CSCC#N)C(=O)N2C(C(=O)[O-])=C(CSc3nnnn3C)CSC21.[Na+],44,43.1,True
SPE01500164,Spectrum,Cc1nnc(SCC2=C(C(=O)[O-])N3C(=O)C(NC(=O)Cn4cnnn4)C3SC2)s1.[Na+],45,44.1,True
SPE01502029,Spectrum,NC(=O)c1cc[n+](CC2=C(C(=O)[O-])N3C(=O)C(NC(=O)C(c4ccccc4)S(=O)(=O)[O-])C3SC2)cc1.[Na+],44,43.1,True
SPE01503723,Spectrum,CC1CC2C(C(O)CC3(C)C2CCC3(O)C(=O)COC(=O)CCC(=O)[O-])C2(C)C=CC(=O)C=C12.[Na+],44,43.1,True
SPE01500225,Spectrum,CC(CCC(=O)[O-])C1CCC2C3C(=O)CC4CC(=O)CCC4(C)C3CC(=O)C12C.[Na+],44,43.1,True
SPE00330009,Spectrum,O=C([O-])CF.[Na+],44,43.1,True
SPE01500582,Spectrum,Cc1ccc(C(=O)c2ccc(CC(=O)[O-])n2C)cc1.[Na+],45,44.1,True
SPE01500237,Spectrum,O=C([O-])Cc1ccccc1Nc1c(Cl)cccc1Cl.[Na+],44,43.1,True
SPE01503244,Spectrum,CCC(C(=O)C(C)C(O)C(C)CCc1ccc(C)c(O)c1C(=O)[O-])C1OC(CC)(C2CCC(O)(CC)C(C)O2)CC1C.[Na+],43,42.2,True
SPE01500377,Spectrum,Cc1ccc(Cl)c(Nc2ccccc2C(=O)[O-])c1Cl.[Na+],44,43.1,True
SPE01500533,Spectrum,O=C([O-])c1ccccc1O.[Na+],44,43.1,True
SPE01500572,Spectrum,C[CH2][Hg][S]c1ccccc1C(=O)[O-].[Na+],45,44.1,True
SPE01501195,Spectrum,O=C([O-])c1cc2cc(Cc3cccnc3)ccc2o1.[Na+],45,44.1,True
SPE01500444,Spectrum,COC1C(OC(N)=O)C(O)C(Oc2ccc3c([O-])c(NC(=O)c4ccc(O)c(CC=C(C)C)c4)c(=O)oc3c2C)OC1(C)C.[Na+],44,43.1,True
SPE01503902,Spectrum,NC(=O)c1ccc[n+](C2OC(COP(=O)([O-])OP(=O)(O)OCC3OC(n4cnc5c(N)ncnc54)C(OP(=O)([O-])O)C3O)C(O)C2O)c1.[Na+],43,42.2,True
SPE01502014,Spectrum,O=S(=O)([O-])CCS.[Na+],44,43.1,True
SPE01503298,Spectrum,Cc1c(N(C)CS(=O)(=O)[O-])c(=O)n(-c2ccccc2)n1C.[Na+],45,44.1,True
SPE01501192,Spectrum,CC12CCC3c4ccc(OS(=O)(=O)[O-])cc4CCC3C1CCC2O.[Na+],43,42.2,True
SPE01503209,Spectrum,O=C1CN(/N=C/c2ccc(-c3ccc([N+](=O)[O-])cc3)o2)C(=O)[N-]1.[Na+],44,43.1,True
SPE01900005,Spectrum,CCCC(C)C1(CC)C(=O)N=C([S-])NC1=O.[Na+],43,42.2,True
SPE01900002,Spectrum,C=CCC1(C(C)CCC)C(=O)N=C([S-])NC1=O.[Na+],44,43.1,True
SPE01503933,Spectrum,C[N+]1(CCCCC[N+]2(C)CCCC2)CCCC1.O=C([O-])C(O)C(O)C(=O)O.O=C([O-])C(O)C(O)C(=O)O,44,43.1,True
SPE01501018,Spectrum,C[N+]1(C)CC(O)C(C(=O)[O-])C1,44,43.1,True
SPE01502050,Spectrum,O=C(Cc1cccs1)NC1C(=O)N2C(C(=O)[O-])=C(C[n+]3ccccc3)CSC12,44,43.1,True
SPE01500521,Spectrum,Cc1cc(/C=C/c2ccc3cc(N(C)C)ccc3[n+]2C)c(C)n1-c1ccccc1.O=C([O-])c1cc2ccccc2c(Cc2c(O)c(C(=O)O)cc3ccccc23)c1O,44,43.1,True
SPE01500880,Spectrum,C[n+]1cccc(C(=O)[O-])c1,44,43.1,True
SPE01500419,Spectrum,NC(=O)c1ccc[n+](C2OC(COP(=O)([O-])OP(=O)(O)OCC3OC(n4cnc5c(N)ncnc54)C(O)C3O)C(O)C2O)c1,43,42.2,True
SPE01505244,Spectrum,C[N+](C)(C)CCOP(=O)([O-])OP(=O)(O)OCC1OC(n2ccc(N)nc2=O)C(O)C1O,43,42.2,True
SPE01502018,Spectrum,CC[N+](C)(C)Cc1ccc(Br)cc1.Cc1ccc(S(=O)(=O)[O-])cc1,43,42.2,True
SPE01502043,Spectrum,CS(=O)(=O)[O-].C[n+]1ccccc1/C=N/O,44,43.1,True
SPE00310035,Spectrum,C[n+]1cc2c3c(ccc2c2ccc4cc5c(cc4c21)OCO5)OCO3.O=S(=O)([O-])O,44,43.1,True
SPE01502227,Spectrum,O=S(=O)([O-])[O-].[NH3+]CCC[NH3+],44,43.1,True
SPE01501151,Spectrum,CN/C(=C\[N+](=O)[O-])NCCSCc1ccc(CN(C)C)o1,44,43.1,True
SPE00211152,Spectrum,O=C(CC[N+](=O)[O-])OCC1OC(O)C(OC(=O)CC[N+](=O)[O-])C(OC(=O)CC[N+](=O)[O-])C1OC(=O)CC[N+](=O)[O-],44,43.1,True
SPE01504206,Spectrum,O=C(O)CC[N+](=O)[O-],44,43.1,True
SPE01505251,Spectrum,O=[N+]([O-])/N=C1\NCCN1Cc1ccc(Cl)cc1,43,42.2,True
SPE01502155,Spectrum,N=C(NCCCC(N)C(=O)O)N[N+](=O)[O-],43,42.2,True
SPE01500358,Spectrum,O=[N+]([O-])OC1COC2C(O[N+](=O)[O-])COC12,43,42.2,True
SPE01503036,Spectrum,Cc1c(C(N)=O)cc([N+](=O)[O-])cc1[N+](=O)[O-],44,43.1,True
SPE01503631,Spectrum,O=[N+]([O-])c1cc(O)c(O)c([N+](=O)[O-])c1,44,43.1,True
SPE01500435,Spectrum,NC(=O)c1cc([N+](=O)[O-])cc([N+](=O)[O-])c1,44,43.1,True
SPE00330033,Spectrum,CCCCN(CC)c1c([N+](=O)[O-])cc(C(F)(F)F)cc1[N+](=O)[O-],44,43.1,True
SPE00330038,Spectrum,CCCN(CCC)c1c([N+](=O)[O-])cc(C(F)(F)F)cc1[N+](=O)[O-],44,43.1,True
SPE01500530,Spectrum,O=[N+]([O-])c1cc([As](=O)(O)O)ccc1O,44,43.1,True
SPE01502233,Spectrum,COc1cccc2c1cc([N+](=O)[O-])c1c(C(=O)O)cc3c(c12)OCO3,43,42.2,True
SPE01503014,Spectrum,NC(=O)c1ccc([N+](=O)[O-])cc1Cl,44,43.1,True
SPE01500995,Spectrum,CC(C)C(=O)Nc1ccc([N+](=O)[O-])c(C(F)(F)F)c1,44,43.1,True
SPE01503265,Spectrum,O=C(Nc1ccc([N+](=O)[O-])cc1Cl)c1cc(Cl)ccc1O,43,42.2,True
SPE01502153,Spectrum,O=C(O)c1cc([N+](=O)[O-])ccc1NCCCc1ccccc1,44,43.1,True
SPE01503339,Spectrum,CC(=O)Nc1ccc(S(=O)(=O)Nc2ccc([N+](=O)[O-])cc2)cc1,44,43.1,True
SPE01503231,Spectrum,CS(=O)(=O)Nc1ccc([N+](=O)[O-])cc1Oc1ccccc1,45,44.1,True
SPE00330008,Spectrum,O=[N+]([O-])c1ccc(O)c([N+](=O)[O-])c1,44,43.1,True
SPE00330010,Spectrum,COP(=S)(OC)Oc1ccc([N+](=O)[O-])cc1,44,43.1,True
SPE01500174,Spectrum,O=C(NC(CO)C(O)c1ccc([N+](=O)[O-])cc1)C(Cl)Cl,44,43.1,True
SPE01500173,Spectrum,O=C(O)CCC(=O)OCC(NC(=O)C(Cl)Cl)C(O)c1ccc([N+](=O)[O-])cc1,44,43.1,True
SPE01504152,Spectrum,CC1(C)NC(=O)N(c2ccc([N+](=O)[O-])c(C(F)(F)F)c2)C1=O,44,43.1,True
SPE01503600,Spectrum,COCCOC(=O)C1=C(C)NC(C)=C(C(=O)OC(C)C)C1c1cccc([N+](=O)[O-])c1,43,42.2,True
SPE01503609,Spectrum,CCOC(=O)C1=C(C)NC(C)=C(C(=O)OC)C1c1cccc([N+](=O)[O-])c1,43,42.2,True
SPE01500431,Spectrum,COC(=O)C1=C(C)NC(C)=C(C(=O)OC)C1c1ccccc1[N+](=O)[O-],43,42.2,True
SPE01500412,Spectrum,Cc1ncc([N+](=O)[O-])n1CCO,44,43.1,True
SPE01502127,Spectrum,CCS(=O)(=O)CCn1c([N+](=O)[O-])cnc1C,44,43.1,True
SPE01501154,Spectrum,Cn1c([N+](=O)[O-])cnc1COC(N)=O,44,43.1,True
SPE01503412,Spectrum,O=C(Cn1ccnc1[N+](=O)[O-])NCCO,44,43.1,True
SPE01500133,Spectrum,Cn1cnc([N+](=O)[O-])c1Sc1[nH]cnc2ncnc1-2,43,42.2,True
SPE01500433,Spectrum,O=C1CN(/N=C/c2ccc([N+](=O)[O-])o2)C(=O)N1,43,42.2,True
SPE01500434,Spectrum,NC(=O)N/N=C/c1ccc([N+](=O)[O-])o1,44,43.1,True
SPE00300340,Spectrum,CCC1C(=O)OCC1Cc1cncn1C.O=[N+]([O-])O,45,44.1,True
SPE01500487,Spectrum,CCC1C(=O)OCC1Cc1cncn1C.O=[N+]([O-])O,45,44.1,True
SPE00300517,Spectrum,COc1cc2c(cc1OC)-c1cc3ccc(OC)c(OC)c3c[n+]1CC2.O=[N+]([O-])O,43,42.2,True
SPE01500413,Spectrum,Clc1ccc(COC(Cn2ccnc2)c2ccc(Cl)cc2Cl)c(Cl)c1.O=[N+]([O-])O,44,43.1,True
SPE01501185,Spectrum,Clc1ccc(COC(Cn2ccnc2)c2ccc(Cl)cc2Cl)cc1.O=[N+]([O-])O,44,43.1,True
SPE01501148,Spectrum,Clc1ccc(CSC(Cn2ccnc2)c2ccc(Cl)cc2Cl)cc1.O=[N+]([O-])O,44,43.1,True
SPE01900004,Spectrum,CNC1=Nc2ccc(Cl)cc2C(c2ccccc2)=[N+]([O-])C1,44,43.1,True
SPE01500415,Spectrum,Nc1cc(N2CCCCC2)nc(N)[n+]1[O-],44,43.1,True
SPE01501172,Spectrum,c1ccc(/N=N\c2ccccc2)cc1,45,44.1,True
SPE00330005,Spectrum,c1ccc2c(c1)cc1ccc3cccc4ccc2c1c34,44,43.1,True
SPE01500235,Spectrum,c1ccc2c(c1)sc1ccccc12,45,44.1,True
